# yosys script (cwd=/private/tmp/opencode/wt-h05-routing-rtl): read_verilog -DH05_STRIP_OBSERVABILITY /private/tmp/opencode/wt-h05-routing-rtl/rtl/alg_router.v; hierarchy -check -top alg_router; synth -top alg_router; dfflibmap -liberty /Users/joseph/dev/2amlogic/prep/tinytapeout/pdk/ciel/gf180mcu/versions/54435919abffb937387ec956209f9cf5fd2dfbee/gf180mcuD/libs.ref/gf180mcu_fd_sc_mcu7t5v0/lib/gf180mcu_fd_sc_mcu7t5v0__tt_025C_5v00.lib; abc -liberty /Users/joseph/dev/2amlogic/prep/tinytapeout/pdk/ciel/gf180mcu/versions/54435919abffb937387ec956209f9cf5fd2dfbee/gf180mcuD/libs.ref/gf180mcu_fd_sc_mcu7t5v0/lib/gf180mcu_fd_sc_mcu7t5v0__tt_025C_5v00.lib; stat -liberty /Users/joseph/dev/2amlogic/prep/tinytapeout/pdk/ciel/gf180mcu/versions/54435919abffb937387ec956209f9cf5fd2dfbee/gf180mcuD/libs.ref/gf180mcu_fd_sc_mcu7t5v0/lib/gf180mcu_fd_sc_mcu7t5v0__tt_025C_5v00.lib

 /----------------------------------------------------------------------------\
 |  yosys -- Yosys Open SYnthesis Suite                                       |
 |  Copyright (C) 2012 - 2026  Claire Xenia Wolf <claire@yosyshq.com>         |
 |  Distributed under an ISC-like license, type "license" to see terms        |
 \----------------------------------------------------------------------------/
 Yosys 0.69+post (git sha1 143eb14f9cc55d6f8927e68523b0c9d2166ed02c, Release, AppleClang clang++ 21.0.0.21000101)

-- Running command `read_verilog -DH05_STRIP_OBSERVABILITY /private/tmp/opencode/wt-h05-routing-rtl/rtl/alg_router.v; hierarchy -check -top alg_router; synth -top alg_router; dfflibmap -liberty /Users/joseph/dev/2amlogic/prep/tinytapeout/pdk/ciel/gf180mcu/versions/54435919abffb937387ec956209f9cf5fd2dfbee/gf180mcuD/libs.ref/gf180mcu_fd_sc_mcu7t5v0/lib/gf180mcu_fd_sc_mcu7t5v0__tt_025C_5v00.lib; abc -liberty /Users/joseph/dev/2amlogic/prep/tinytapeout/pdk/ciel/gf180mcu/versions/54435919abffb937387ec956209f9cf5fd2dfbee/gf180mcuD/libs.ref/gf180mcu_fd_sc_mcu7t5v0/lib/gf180mcu_fd_sc_mcu7t5v0__tt_025C_5v00.lib; stat -liberty /Users/joseph/dev/2amlogic/prep/tinytapeout/pdk/ciel/gf180mcu/versions/54435919abffb937387ec956209f9cf5fd2dfbee/gf180mcuD/libs.ref/gf180mcu_fd_sc_mcu7t5v0/lib/gf180mcu_fd_sc_mcu7t5v0__tt_025C_5v00.lib' --

1. Executing Verilog-2005 frontend: /private/tmp/opencode/wt-h05-routing-rtl/rtl/alg_router.v
Parsing Verilog input from `/private/tmp/opencode/wt-h05-routing-rtl/rtl/alg_router.v' to AST representation.
Generating RTLIL representation for module `\alg_router'.
Successfully finished Verilog frontend.

2. Executing HIERARCHY pass (managing design hierarchy).

2.1. Analyzing design hierarchy..
Top module:  \alg_router

2.2. Analyzing design hierarchy..
Top module:  \alg_router
Removed 0 unused modules.

3. Executing SYNTH pass.

3.1. Executing HIERARCHY pass (managing design hierarchy).

3.1.1. Analyzing design hierarchy..
Top module:  \alg_router

3.1.2. Analyzing design hierarchy..
Top module:  \alg_router
Removed 0 unused modules.

3.2. Executing PROC pass (convert processes to netlists).

3.2.1. Executing PROC_CLEAN pass (remove empty switches from decision trees).
Removing empty process `alg_router.$proc$/private/tmp/opencode/wt-h05-routing-rtl/rtl/alg_router.v:170$2066'.
Cleaned up 0 empty switches.

3.2.2. Executing PROC_RMDEAD pass (remove dead branches from decision trees).
Marked 25 switch rules as full_case in process $proc$/private/tmp/opencode/wt-h05-routing-rtl/rtl/alg_router.v:354$822 in module alg_router.
Marked 5 switch rules as full_case in process $proc$/private/tmp/opencode/wt-h05-routing-rtl/rtl/alg_router.v:310$813 in module alg_router.
Removed a total of 0 dead cases.

3.2.3. Executing PROC_PRUNE pass (remove redundant assignments in processes).
Removed 1 redundant assignment.
Promoted 345 assignments to connections.

3.2.4. Executing PROC_INIT pass (extract init attributes).

3.2.5. Executing PROC_ARST pass (detect async resets in processes).

3.2.6. Executing PROC_ROM pass (convert switches to ROMs).
Converted 0 switches.
<suppressed ~37 debug messages>

3.2.7. Executing PROC_MUX pass (convert decision trees to multiplexers).
Creating decoders for process `\alg_router.$proc$/private/tmp/opencode/wt-h05-routing-rtl/rtl/alg_router.v:243$2063'.
Creating decoders for process `\alg_router.$proc$/private/tmp/opencode/wt-h05-routing-rtl/rtl/alg_router.v:242$2060'.
Creating decoders for process `\alg_router.$proc$/private/tmp/opencode/wt-h05-routing-rtl/rtl/alg_router.v:221$2057'.
Creating decoders for process `\alg_router.$proc$/private/tmp/opencode/wt-h05-routing-rtl/rtl/alg_router.v:214$2053'.
Creating decoders for process `\alg_router.$proc$/private/tmp/opencode/wt-h05-routing-rtl/rtl/alg_router.v:354$822'.
     1/731: $9$memwr$\gaino_q$/private/tmp/opencode/wt-h05-routing-rtl/rtl/alg_router.v:584$329_EN[15:0]$1913
     2/731: $9$memwr$\gaino_q$/private/tmp/opencode/wt-h05-routing-rtl/rtl/alg_router.v:584$329_DATA[15:0]$1912
     3/731: $9$memwr$\phase_q$/private/tmp/opencode/wt-h05-routing-rtl/rtl/alg_router.v:582$328_EN[31:0]$1911
     4/731: $9$memwr$\phase_q$/private/tmp/opencode/wt-h05-routing-rtl/rtl/alg_router.v:582$328_DATA[31:0]$1910
     5/731: $8$memwr$\gaino_q$/private/tmp/opencode/wt-h05-routing-rtl/rtl/alg_router.v:579$327_EN[15:0]$1897
     6/731: $8$memwr$\gaino_q$/private/tmp/opencode/wt-h05-routing-rtl/rtl/alg_router.v:579$327_DATA[15:0]$1896
     7/731: $8$memwr$\gaino_q$/private/tmp/opencode/wt-h05-routing-rtl/rtl/alg_router.v:578$326_EN[15:0]$1895
     8/731: $8$memwr$\gaino_q$/private/tmp/opencode/wt-h05-routing-rtl/rtl/alg_router.v:578$326_DATA[15:0]$1894
     9/731: $8$memwr$\phase_q$/private/tmp/opencode/wt-h05-routing-rtl/rtl/alg_router.v:576$325_EN[31:0]$1893
    10/731: $8$memwr$\phase_q$/private/tmp/opencode/wt-h05-routing-rtl/rtl/alg_router.v:576$325_DATA[31:0]$1892
    11/731: $8$memwr$\phase_q$/private/tmp/opencode/wt-h05-routing-rtl/rtl/alg_router.v:574$324_EN[31:0]$1891
    12/731: $8$memwr$\phase_q$/private/tmp/opencode/wt-h05-routing-rtl/rtl/alg_router.v:574$324_DATA[31:0]$1890
    13/731: $8$memwr$\gaino_q$/private/tmp/opencode/wt-h05-routing-rtl/rtl/alg_router.v:584$329_EN[15:0]$1901
    14/731: $8$memwr$\gaino_q$/private/tmp/opencode/wt-h05-routing-rtl/rtl/alg_router.v:584$329_DATA[15:0]$1900
    15/731: $8$memwr$\phase_q$/private/tmp/opencode/wt-h05-routing-rtl/rtl/alg_router.v:582$328_EN[31:0]$1899
    16/731: $8$memwr$\phase_q$/private/tmp/opencode/wt-h05-routing-rtl/rtl/alg_router.v:582$328_DATA[31:0]$1898
    17/731: $7$memwr$\gaino_q$/private/tmp/opencode/wt-h05-routing-rtl/rtl/alg_router.v:584$329_EN[15:0]$1885
    18/731: $7$memwr$\gaino_q$/private/tmp/opencode/wt-h05-routing-rtl/rtl/alg_router.v:584$329_DATA[15:0]$1884
    19/731: $7$memwr$\phase_q$/private/tmp/opencode/wt-h05-routing-rtl/rtl/alg_router.v:582$328_EN[31:0]$1883
    20/731: $7$memwr$\phase_q$/private/tmp/opencode/wt-h05-routing-rtl/rtl/alg_router.v:582$328_DATA[31:0]$1882
    21/731: $7$memwr$\gaino_q$/private/tmp/opencode/wt-h05-routing-rtl/rtl/alg_router.v:579$327_EN[15:0]$1881
    22/731: $7$memwr$\gaino_q$/private/tmp/opencode/wt-h05-routing-rtl/rtl/alg_router.v:579$327_DATA[15:0]$1880
    23/731: $7$memwr$\gaino_q$/private/tmp/opencode/wt-h05-routing-rtl/rtl/alg_router.v:578$326_EN[15:0]$1879
    24/731: $7$memwr$\gaino_q$/private/tmp/opencode/wt-h05-routing-rtl/rtl/alg_router.v:578$326_DATA[15:0]$1878
    25/731: $7$memwr$\phase_q$/private/tmp/opencode/wt-h05-routing-rtl/rtl/alg_router.v:576$325_EN[31:0]$1877
    26/731: $7$memwr$\phase_q$/private/tmp/opencode/wt-h05-routing-rtl/rtl/alg_router.v:576$325_DATA[31:0]$1876
    27/731: $7$memwr$\phase_q$/private/tmp/opencode/wt-h05-routing-rtl/rtl/alg_router.v:574$324_EN[31:0]$1875
    28/731: $7$memwr$\phase_q$/private/tmp/opencode/wt-h05-routing-rtl/rtl/alg_router.v:574$324_DATA[31:0]$1874
    29/731: $7$memwr$\phase_q$/private/tmp/opencode/wt-h05-routing-rtl/rtl/alg_router.v:549$323_EN[31:0]$1873
    30/731: $7$memwr$\phase_q$/private/tmp/opencode/wt-h05-routing-rtl/rtl/alg_router.v:549$323_DATA[31:0]$1872
    31/731: $7$memwr$\phase_q$/private/tmp/opencode/wt-h05-routing-rtl/rtl/alg_router.v:549$323_ADDR[2:0]$1871
    32/731: $6$memwr$\nout_q$/private/tmp/opencode/wt-h05-routing-rtl/rtl/alg_router.v:539$322_EN[31:0]$1850
    33/731: $6$memwr$\nout_q$/private/tmp/opencode/wt-h05-routing-rtl/rtl/alg_router.v:539$322_DATA[31:0]$1849
    34/731: $6$memwr$\nout_q$/private/tmp/opencode/wt-h05-routing-rtl/rtl/alg_router.v:539$322_ADDR[5:0]$1848
    35/731: $6$memwr$\gaino_q$/private/tmp/opencode/wt-h05-routing-rtl/rtl/alg_router.v:584$329_EN[15:0]$1865
    36/731: $6$memwr$\gaino_q$/private/tmp/opencode/wt-h05-routing-rtl/rtl/alg_router.v:584$329_DATA[15:0]$1864
    37/731: $6$memwr$\phase_q$/private/tmp/opencode/wt-h05-routing-rtl/rtl/alg_router.v:582$328_EN[31:0]$1863
    38/731: $6$memwr$\phase_q$/private/tmp/opencode/wt-h05-routing-rtl/rtl/alg_router.v:582$328_DATA[31:0]$1862
    39/731: $6$memwr$\gaino_q$/private/tmp/opencode/wt-h05-routing-rtl/rtl/alg_router.v:579$327_EN[15:0]$1861
    40/731: $6$memwr$\gaino_q$/private/tmp/opencode/wt-h05-routing-rtl/rtl/alg_router.v:579$327_DATA[15:0]$1860
    41/731: $6$memwr$\gaino_q$/private/tmp/opencode/wt-h05-routing-rtl/rtl/alg_router.v:578$326_EN[15:0]$1859
    42/731: $6$memwr$\gaino_q$/private/tmp/opencode/wt-h05-routing-rtl/rtl/alg_router.v:578$326_DATA[15:0]$1858
    43/731: $6$memwr$\phase_q$/private/tmp/opencode/wt-h05-routing-rtl/rtl/alg_router.v:576$325_EN[31:0]$1857
    44/731: $6$memwr$\phase_q$/private/tmp/opencode/wt-h05-routing-rtl/rtl/alg_router.v:576$325_DATA[31:0]$1856
    45/731: $6$memwr$\phase_q$/private/tmp/opencode/wt-h05-routing-rtl/rtl/alg_router.v:574$324_EN[31:0]$1855
    46/731: $6$memwr$\phase_q$/private/tmp/opencode/wt-h05-routing-rtl/rtl/alg_router.v:574$324_DATA[31:0]$1854
    47/731: $6$memwr$\phase_q$/private/tmp/opencode/wt-h05-routing-rtl/rtl/alg_router.v:549$323_EN[31:0]$1853
    48/731: $6$memwr$\phase_q$/private/tmp/opencode/wt-h05-routing-rtl/rtl/alg_router.v:549$323_DATA[31:0]$1852
    49/731: $6$memwr$\phase_q$/private/tmp/opencode/wt-h05-routing-rtl/rtl/alg_router.v:549$323_ADDR[2:0]$1851
    50/731: $6$memwr$\nout_q$/private/tmp/opencode/wt-h05-routing-rtl/rtl/alg_router.v:527$321_EN[31:0]$1844
    51/731: $6$memwr$\nout_q$/private/tmp/opencode/wt-h05-routing-rtl/rtl/alg_router.v:527$321_DATA[31:0]$1843
    52/731: $6$memwr$\nout_q$/private/tmp/opencode/wt-h05-routing-rtl/rtl/alg_router.v:527$321_ADDR[5:0]$1842
    53/731: $5$memwr$\nout_q$/private/tmp/opencode/wt-h05-routing-rtl/rtl/alg_router.v:527$321_EN[31:0]$1821
    54/731: $5$memwr$\nout_q$/private/tmp/opencode/wt-h05-routing-rtl/rtl/alg_router.v:527$321_DATA[31:0]$1820
    55/731: $5$memwr$\nout_q$/private/tmp/opencode/wt-h05-routing-rtl/rtl/alg_router.v:527$321_ADDR[5:0]$1819
    56/731: $5$memwr$\gaino_q$/private/tmp/opencode/wt-h05-routing-rtl/rtl/alg_router.v:584$329_EN[15:0]$1839
    57/731: $5$memwr$\gaino_q$/private/tmp/opencode/wt-h05-routing-rtl/rtl/alg_router.v:584$329_DATA[15:0]$1838
    58/731: $5$memwr$\phase_q$/private/tmp/opencode/wt-h05-routing-rtl/rtl/alg_router.v:582$328_EN[31:0]$1837
    59/731: $5$memwr$\phase_q$/private/tmp/opencode/wt-h05-routing-rtl/rtl/alg_router.v:582$328_DATA[31:0]$1836
    60/731: $5$memwr$\gaino_q$/private/tmp/opencode/wt-h05-routing-rtl/rtl/alg_router.v:579$327_EN[15:0]$1835
    61/731: $5$memwr$\gaino_q$/private/tmp/opencode/wt-h05-routing-rtl/rtl/alg_router.v:579$327_DATA[15:0]$1834
    62/731: $5$memwr$\gaino_q$/private/tmp/opencode/wt-h05-routing-rtl/rtl/alg_router.v:578$326_EN[15:0]$1833
    63/731: $5$memwr$\gaino_q$/private/tmp/opencode/wt-h05-routing-rtl/rtl/alg_router.v:578$326_DATA[15:0]$1832
    64/731: $5$memwr$\phase_q$/private/tmp/opencode/wt-h05-routing-rtl/rtl/alg_router.v:576$325_EN[31:0]$1831
    65/731: $5$memwr$\phase_q$/private/tmp/opencode/wt-h05-routing-rtl/rtl/alg_router.v:576$325_DATA[31:0]$1830
    66/731: $5$memwr$\phase_q$/private/tmp/opencode/wt-h05-routing-rtl/rtl/alg_router.v:574$324_EN[31:0]$1829
    67/731: $5$memwr$\phase_q$/private/tmp/opencode/wt-h05-routing-rtl/rtl/alg_router.v:574$324_DATA[31:0]$1828
    68/731: $5$memwr$\phase_q$/private/tmp/opencode/wt-h05-routing-rtl/rtl/alg_router.v:549$323_EN[31:0]$1827
    69/731: $5$memwr$\phase_q$/private/tmp/opencode/wt-h05-routing-rtl/rtl/alg_router.v:549$323_DATA[31:0]$1826
    70/731: $5$memwr$\phase_q$/private/tmp/opencode/wt-h05-routing-rtl/rtl/alg_router.v:549$323_ADDR[2:0]$1825
    71/731: $5$memwr$\nout_q$/private/tmp/opencode/wt-h05-routing-rtl/rtl/alg_router.v:539$322_EN[31:0]$1824
    72/731: $5$memwr$\nout_q$/private/tmp/opencode/wt-h05-routing-rtl/rtl/alg_router.v:539$322_DATA[31:0]$1823
    73/731: $5$memwr$\nout_q$/private/tmp/opencode/wt-h05-routing-rtl/rtl/alg_router.v:539$322_ADDR[5:0]$1822
    74/731: $7$memwr$\bus1_q$/private/tmp/opencode/wt-h05-routing-rtl/rtl/alg_router.v:509$319_EN[31:0]$1806
    75/731: $7$memwr$\bus1_q$/private/tmp/opencode/wt-h05-routing-rtl/rtl/alg_router.v:509$319_DATA[31:0]$1805
    76/731: $7$memwr$\bus1_q$/private/tmp/opencode/wt-h05-routing-rtl/rtl/alg_router.v:509$319_ADDR[5:0]$1804
    77/731: $7$memwr$\bus2_q$/private/tmp/opencode/wt-h05-routing-rtl/rtl/alg_router.v:513$320_EN[31:0]$1809
    78/731: $7$memwr$\bus2_q$/private/tmp/opencode/wt-h05-routing-rtl/rtl/alg_router.v:513$320_DATA[31:0]$1808
    79/731: $7$memwr$\bus2_q$/private/tmp/opencode/wt-h05-routing-rtl/rtl/alg_router.v:513$320_ADDR[5:0]$1807
    80/731: $6$memwr$\nout_q$/private/tmp/opencode/wt-h05-routing-rtl/rtl/alg_router.v:505$318_EN[31:0]$1793
    81/731: $6$memwr$\nout_q$/private/tmp/opencode/wt-h05-routing-rtl/rtl/alg_router.v:505$318_DATA[31:0]$1792
    82/731: $6$memwr$\nout_q$/private/tmp/opencode/wt-h05-routing-rtl/rtl/alg_router.v:505$318_ADDR[5:0]$1791
    83/731: $6$memwr$\bus2_q$/private/tmp/opencode/wt-h05-routing-rtl/rtl/alg_router.v:513$320_EN[31:0]$1799
    84/731: $6$memwr$\bus2_q$/private/tmp/opencode/wt-h05-routing-rtl/rtl/alg_router.v:513$320_DATA[31:0]$1798
    85/731: $6$memwr$\bus2_q$/private/tmp/opencode/wt-h05-routing-rtl/rtl/alg_router.v:513$320_ADDR[5:0]$1797
    86/731: $6$memwr$\bus1_q$/private/tmp/opencode/wt-h05-routing-rtl/rtl/alg_router.v:509$319_EN[31:0]$1796
    87/731: $6$memwr$\bus1_q$/private/tmp/opencode/wt-h05-routing-rtl/rtl/alg_router.v:509$319_DATA[31:0]$1795
    88/731: $6$memwr$\bus1_q$/private/tmp/opencode/wt-h05-routing-rtl/rtl/alg_router.v:509$319_ADDR[5:0]$1794
    89/731: $5$memwr$\bus2_q$/private/tmp/opencode/wt-h05-routing-rtl/rtl/alg_router.v:513$320_EN[31:0]$1789
    90/731: $5$memwr$\bus2_q$/private/tmp/opencode/wt-h05-routing-rtl/rtl/alg_router.v:513$320_DATA[31:0]$1788
    91/731: $5$memwr$\bus2_q$/private/tmp/opencode/wt-h05-routing-rtl/rtl/alg_router.v:513$320_ADDR[5:0]$1787
    92/731: $5$memwr$\bus1_q$/private/tmp/opencode/wt-h05-routing-rtl/rtl/alg_router.v:509$319_EN[31:0]$1786
    93/731: $5$memwr$\bus1_q$/private/tmp/opencode/wt-h05-routing-rtl/rtl/alg_router.v:509$319_DATA[31:0]$1785
    94/731: $5$memwr$\bus1_q$/private/tmp/opencode/wt-h05-routing-rtl/rtl/alg_router.v:509$319_ADDR[5:0]$1784
    95/731: $5$memwr$\nout_q$/private/tmp/opencode/wt-h05-routing-rtl/rtl/alg_router.v:505$318_EN[31:0]$1783
    96/731: $5$memwr$\nout_q$/private/tmp/opencode/wt-h05-routing-rtl/rtl/alg_router.v:505$318_DATA[31:0]$1782
    97/731: $5$memwr$\nout_q$/private/tmp/opencode/wt-h05-routing-rtl/rtl/alg_router.v:505$318_ADDR[5:0]$1781
    98/731: $4$memwr$\bus2_q$/private/tmp/opencode/wt-h05-routing-rtl/rtl/alg_router.v:513$320_EN[31:0]$1753
    99/731: $4$memwr$\bus2_q$/private/tmp/opencode/wt-h05-routing-rtl/rtl/alg_router.v:513$320_DATA[31:0]$1752
   100/731: $4$memwr$\bus2_q$/private/tmp/opencode/wt-h05-routing-rtl/rtl/alg_router.v:513$320_ADDR[5:0]$1751
   101/731: $4$memwr$\bus1_q$/private/tmp/opencode/wt-h05-routing-rtl/rtl/alg_router.v:509$319_EN[31:0]$1750
   102/731: $4$memwr$\bus1_q$/private/tmp/opencode/wt-h05-routing-rtl/rtl/alg_router.v:509$319_DATA[31:0]$1749
   103/731: $4$memwr$\bus1_q$/private/tmp/opencode/wt-h05-routing-rtl/rtl/alg_router.v:509$319_ADDR[5:0]$1748
   104/731: $4$memwr$\nout_q$/private/tmp/opencode/wt-h05-routing-rtl/rtl/alg_router.v:505$318_EN[31:0]$1747
   105/731: $4$memwr$\nout_q$/private/tmp/opencode/wt-h05-routing-rtl/rtl/alg_router.v:505$318_DATA[31:0]$1746
   106/731: $4$memwr$\nout_q$/private/tmp/opencode/wt-h05-routing-rtl/rtl/alg_router.v:505$318_ADDR[5:0]$1745
   107/731: $4$memwr$\gaino_q$/private/tmp/opencode/wt-h05-routing-rtl/rtl/alg_router.v:584$329_EN[15:0]$1774
   108/731: $4$memwr$\gaino_q$/private/tmp/opencode/wt-h05-routing-rtl/rtl/alg_router.v:584$329_DATA[15:0]$1773
   109/731: $4$memwr$\phase_q$/private/tmp/opencode/wt-h05-routing-rtl/rtl/alg_router.v:582$328_EN[31:0]$1772
   110/731: $4$memwr$\phase_q$/private/tmp/opencode/wt-h05-routing-rtl/rtl/alg_router.v:582$328_DATA[31:0]$1771
   111/731: $4$memwr$\gaino_q$/private/tmp/opencode/wt-h05-routing-rtl/rtl/alg_router.v:579$327_EN[15:0]$1770
   112/731: $4$memwr$\gaino_q$/private/tmp/opencode/wt-h05-routing-rtl/rtl/alg_router.v:579$327_DATA[15:0]$1769
   113/731: $4$memwr$\gaino_q$/private/tmp/opencode/wt-h05-routing-rtl/rtl/alg_router.v:578$326_EN[15:0]$1768
   114/731: $4$memwr$\gaino_q$/private/tmp/opencode/wt-h05-routing-rtl/rtl/alg_router.v:578$326_DATA[15:0]$1767
   115/731: $4$memwr$\phase_q$/private/tmp/opencode/wt-h05-routing-rtl/rtl/alg_router.v:576$325_EN[31:0]$1766
   116/731: $4$memwr$\phase_q$/private/tmp/opencode/wt-h05-routing-rtl/rtl/alg_router.v:576$325_DATA[31:0]$1765
   117/731: $4$memwr$\phase_q$/private/tmp/opencode/wt-h05-routing-rtl/rtl/alg_router.v:574$324_EN[31:0]$1764
   118/731: $4$memwr$\phase_q$/private/tmp/opencode/wt-h05-routing-rtl/rtl/alg_router.v:574$324_DATA[31:0]$1763
   119/731: $4$memwr$\phase_q$/private/tmp/opencode/wt-h05-routing-rtl/rtl/alg_router.v:549$323_EN[31:0]$1762
   120/731: $4$memwr$\phase_q$/private/tmp/opencode/wt-h05-routing-rtl/rtl/alg_router.v:549$323_DATA[31:0]$1761
   121/731: $4$memwr$\phase_q$/private/tmp/opencode/wt-h05-routing-rtl/rtl/alg_router.v:549$323_ADDR[2:0]$1760
   122/731: $4$memwr$\nout_q$/private/tmp/opencode/wt-h05-routing-rtl/rtl/alg_router.v:539$322_EN[31:0]$1759
   123/731: $4$memwr$\nout_q$/private/tmp/opencode/wt-h05-routing-rtl/rtl/alg_router.v:539$322_DATA[31:0]$1758
   124/731: $4$memwr$\nout_q$/private/tmp/opencode/wt-h05-routing-rtl/rtl/alg_router.v:539$322_ADDR[5:0]$1757
   125/731: $4$memwr$\nout_q$/private/tmp/opencode/wt-h05-routing-rtl/rtl/alg_router.v:527$321_EN[31:0]$1756
   126/731: $4$memwr$\nout_q$/private/tmp/opencode/wt-h05-routing-rtl/rtl/alg_router.v:527$321_DATA[31:0]$1755
   127/731: $4$memwr$\nout_q$/private/tmp/opencode/wt-h05-routing-rtl/rtl/alg_router.v:527$321_ADDR[5:0]$1754
   128/731: $3$memwr$\gaino_q$/private/tmp/opencode/wt-h05-routing-rtl/rtl/alg_router.v:423$317_EN[15:0]$1697
   129/731: $3$memwr$\gaino_q$/private/tmp/opencode/wt-h05-routing-rtl/rtl/alg_router.v:423$317_DATA[15:0]$1696
   130/731: $3$memwr$\gaino_q$/private/tmp/opencode/wt-h05-routing-rtl/rtl/alg_router.v:423$317_ADDR[2:0]$1695
   131/731: $3$memwr$\gaino_q$/private/tmp/opencode/wt-h05-routing-rtl/rtl/alg_router.v:584$329_EN[15:0]$1727
   132/731: $3$memwr$\gaino_q$/private/tmp/opencode/wt-h05-routing-rtl/rtl/alg_router.v:584$329_DATA[15:0]$1726
   133/731: $3$memwr$\phase_q$/private/tmp/opencode/wt-h05-routing-rtl/rtl/alg_router.v:582$328_EN[31:0]$1725
   134/731: $3$memwr$\phase_q$/private/tmp/opencode/wt-h05-routing-rtl/rtl/alg_router.v:582$328_DATA[31:0]$1724
   135/731: $3$memwr$\gaino_q$/private/tmp/opencode/wt-h05-routing-rtl/rtl/alg_router.v:579$327_EN[15:0]$1723
   136/731: $3$memwr$\gaino_q$/private/tmp/opencode/wt-h05-routing-rtl/rtl/alg_router.v:579$327_DATA[15:0]$1722
   137/731: $3$memwr$\gaino_q$/private/tmp/opencode/wt-h05-routing-rtl/rtl/alg_router.v:578$326_EN[15:0]$1721
   138/731: $3$memwr$\gaino_q$/private/tmp/opencode/wt-h05-routing-rtl/rtl/alg_router.v:578$326_DATA[15:0]$1720
   139/731: $3$memwr$\phase_q$/private/tmp/opencode/wt-h05-routing-rtl/rtl/alg_router.v:576$325_EN[31:0]$1719
   140/731: $3$memwr$\phase_q$/private/tmp/opencode/wt-h05-routing-rtl/rtl/alg_router.v:576$325_DATA[31:0]$1718
   141/731: $3$memwr$\phase_q$/private/tmp/opencode/wt-h05-routing-rtl/rtl/alg_router.v:574$324_EN[31:0]$1717
   142/731: $3$memwr$\phase_q$/private/tmp/opencode/wt-h05-routing-rtl/rtl/alg_router.v:574$324_DATA[31:0]$1716
   143/731: $3$memwr$\phase_q$/private/tmp/opencode/wt-h05-routing-rtl/rtl/alg_router.v:549$323_EN[31:0]$1715
   144/731: $3$memwr$\phase_q$/private/tmp/opencode/wt-h05-routing-rtl/rtl/alg_router.v:549$323_DATA[31:0]$1714
   145/731: $3$memwr$\phase_q$/private/tmp/opencode/wt-h05-routing-rtl/rtl/alg_router.v:549$323_ADDR[2:0]$1713
   146/731: $3$memwr$\nout_q$/private/tmp/opencode/wt-h05-routing-rtl/rtl/alg_router.v:539$322_EN[31:0]$1712
   147/731: $3$memwr$\nout_q$/private/tmp/opencode/wt-h05-routing-rtl/rtl/alg_router.v:539$322_DATA[31:0]$1711
   148/731: $3$memwr$\nout_q$/private/tmp/opencode/wt-h05-routing-rtl/rtl/alg_router.v:539$322_ADDR[5:0]$1710
   149/731: $3$memwr$\nout_q$/private/tmp/opencode/wt-h05-routing-rtl/rtl/alg_router.v:527$321_EN[31:0]$1709
   150/731: $3$memwr$\nout_q$/private/tmp/opencode/wt-h05-routing-rtl/rtl/alg_router.v:527$321_DATA[31:0]$1708
   151/731: $3$memwr$\nout_q$/private/tmp/opencode/wt-h05-routing-rtl/rtl/alg_router.v:527$321_ADDR[5:0]$1707
   152/731: $3$memwr$\bus2_q$/private/tmp/opencode/wt-h05-routing-rtl/rtl/alg_router.v:513$320_EN[31:0]$1706
   153/731: $3$memwr$\bus2_q$/private/tmp/opencode/wt-h05-routing-rtl/rtl/alg_router.v:513$320_DATA[31:0]$1705
   154/731: $3$memwr$\bus2_q$/private/tmp/opencode/wt-h05-routing-rtl/rtl/alg_router.v:513$320_ADDR[5:0]$1704
   155/731: $3$memwr$\bus1_q$/private/tmp/opencode/wt-h05-routing-rtl/rtl/alg_router.v:509$319_EN[31:0]$1703
   156/731: $3$memwr$\bus1_q$/private/tmp/opencode/wt-h05-routing-rtl/rtl/alg_router.v:509$319_DATA[31:0]$1702
   157/731: $3$memwr$\bus1_q$/private/tmp/opencode/wt-h05-routing-rtl/rtl/alg_router.v:509$319_ADDR[5:0]$1701
   158/731: $3$memwr$\nout_q$/private/tmp/opencode/wt-h05-routing-rtl/rtl/alg_router.v:505$318_EN[31:0]$1700
   159/731: $3$memwr$\nout_q$/private/tmp/opencode/wt-h05-routing-rtl/rtl/alg_router.v:505$318_DATA[31:0]$1699
   160/731: $3$memwr$\nout_q$/private/tmp/opencode/wt-h05-routing-rtl/rtl/alg_router.v:505$318_ADDR[5:0]$1698
   161/731: $3\k[31:0]
   162/731: $3$memwr$\nout_q$/private/tmp/opencode/wt-h05-routing-rtl/rtl/alg_router.v:418$316_EN[31:0]$1693
   163/731: $3$memwr$\nout_q$/private/tmp/opencode/wt-h05-routing-rtl/rtl/alg_router.v:418$315_EN[31:0]$1692
   164/731: $3$memwr$\nout_q$/private/tmp/opencode/wt-h05-routing-rtl/rtl/alg_router.v:418$314_EN[31:0]$1691
   165/731: $3$memwr$\nout_q$/private/tmp/opencode/wt-h05-routing-rtl/rtl/alg_router.v:418$313_EN[31:0]$1690
   166/731: $3$memwr$\nout_q$/private/tmp/opencode/wt-h05-routing-rtl/rtl/alg_router.v:418$312_EN[31:0]$1689
   167/731: $3$memwr$\nout_q$/private/tmp/opencode/wt-h05-routing-rtl/rtl/alg_router.v:418$311_EN[31:0]$1688
   168/731: $3$memwr$\nout_q$/private/tmp/opencode/wt-h05-routing-rtl/rtl/alg_router.v:418$310_EN[31:0]$1687
   169/731: $3$memwr$\nout_q$/private/tmp/opencode/wt-h05-routing-rtl/rtl/alg_router.v:418$309_EN[31:0]$1686
   170/731: $3$memwr$\nout_q$/private/tmp/opencode/wt-h05-routing-rtl/rtl/alg_router.v:418$308_EN[31:0]$1685
   171/731: $3$memwr$\nout_q$/private/tmp/opencode/wt-h05-routing-rtl/rtl/alg_router.v:418$307_EN[31:0]$1684
   172/731: $3$memwr$\nout_q$/private/tmp/opencode/wt-h05-routing-rtl/rtl/alg_router.v:418$306_EN[31:0]$1683
   173/731: $3$memwr$\nout_q$/private/tmp/opencode/wt-h05-routing-rtl/rtl/alg_router.v:418$305_EN[31:0]$1682
   174/731: $3$memwr$\nout_q$/private/tmp/opencode/wt-h05-routing-rtl/rtl/alg_router.v:418$304_EN[31:0]$1681
   175/731: $3$memwr$\nout_q$/private/tmp/opencode/wt-h05-routing-rtl/rtl/alg_router.v:418$303_EN[31:0]$1680
   176/731: $3$memwr$\nout_q$/private/tmp/opencode/wt-h05-routing-rtl/rtl/alg_router.v:418$302_EN[31:0]$1679
   177/731: $3$memwr$\nout_q$/private/tmp/opencode/wt-h05-routing-rtl/rtl/alg_router.v:418$301_EN[31:0]$1678
   178/731: $3$memwr$\nout_q$/private/tmp/opencode/wt-h05-routing-rtl/rtl/alg_router.v:418$300_EN[31:0]$1677
   179/731: $3$memwr$\nout_q$/private/tmp/opencode/wt-h05-routing-rtl/rtl/alg_router.v:418$299_EN[31:0]$1676
   180/731: $3$memwr$\nout_q$/private/tmp/opencode/wt-h05-routing-rtl/rtl/alg_router.v:418$298_EN[31:0]$1675
   181/731: $3$memwr$\nout_q$/private/tmp/opencode/wt-h05-routing-rtl/rtl/alg_router.v:418$297_EN[31:0]$1674
   182/731: $3$memwr$\nout_q$/private/tmp/opencode/wt-h05-routing-rtl/rtl/alg_router.v:418$296_EN[31:0]$1673
   183/731: $3$memwr$\nout_q$/private/tmp/opencode/wt-h05-routing-rtl/rtl/alg_router.v:418$295_EN[31:0]$1672
   184/731: $3$memwr$\nout_q$/private/tmp/opencode/wt-h05-routing-rtl/rtl/alg_router.v:418$294_EN[31:0]$1671
   185/731: $3$memwr$\nout_q$/private/tmp/opencode/wt-h05-routing-rtl/rtl/alg_router.v:418$293_EN[31:0]$1670
   186/731: $3$memwr$\nout_q$/private/tmp/opencode/wt-h05-routing-rtl/rtl/alg_router.v:418$292_EN[31:0]$1669
   187/731: $3$memwr$\nout_q$/private/tmp/opencode/wt-h05-routing-rtl/rtl/alg_router.v:418$291_EN[31:0]$1668
   188/731: $3$memwr$\nout_q$/private/tmp/opencode/wt-h05-routing-rtl/rtl/alg_router.v:418$290_EN[31:0]$1667
   189/731: $3$memwr$\nout_q$/private/tmp/opencode/wt-h05-routing-rtl/rtl/alg_router.v:418$289_EN[31:0]$1666
   190/731: $3$memwr$\nout_q$/private/tmp/opencode/wt-h05-routing-rtl/rtl/alg_router.v:418$288_EN[31:0]$1665
   191/731: $3$memwr$\nout_q$/private/tmp/opencode/wt-h05-routing-rtl/rtl/alg_router.v:418$287_EN[31:0]$1664
   192/731: $3$memwr$\nout_q$/private/tmp/opencode/wt-h05-routing-rtl/rtl/alg_router.v:418$286_EN[31:0]$1663
   193/731: $3$memwr$\nout_q$/private/tmp/opencode/wt-h05-routing-rtl/rtl/alg_router.v:418$285_EN[31:0]$1662
   194/731: $3$memwr$\nout_q$/private/tmp/opencode/wt-h05-routing-rtl/rtl/alg_router.v:418$284_EN[31:0]$1661
   195/731: $3$memwr$\nout_q$/private/tmp/opencode/wt-h05-routing-rtl/rtl/alg_router.v:418$283_EN[31:0]$1660
   196/731: $3$memwr$\nout_q$/private/tmp/opencode/wt-h05-routing-rtl/rtl/alg_router.v:418$282_EN[31:0]$1659
   197/731: $3$memwr$\nout_q$/private/tmp/opencode/wt-h05-routing-rtl/rtl/alg_router.v:418$281_EN[31:0]$1658
   198/731: $3$memwr$\nout_q$/private/tmp/opencode/wt-h05-routing-rtl/rtl/alg_router.v:418$280_EN[31:0]$1657
   199/731: $3$memwr$\nout_q$/private/tmp/opencode/wt-h05-routing-rtl/rtl/alg_router.v:418$279_EN[31:0]$1656
   200/731: $3$memwr$\nout_q$/private/tmp/opencode/wt-h05-routing-rtl/rtl/alg_router.v:418$278_EN[31:0]$1655
   201/731: $3$memwr$\nout_q$/private/tmp/opencode/wt-h05-routing-rtl/rtl/alg_router.v:418$277_EN[31:0]$1654
   202/731: $3$memwr$\nout_q$/private/tmp/opencode/wt-h05-routing-rtl/rtl/alg_router.v:418$276_EN[31:0]$1653
   203/731: $3$memwr$\nout_q$/private/tmp/opencode/wt-h05-routing-rtl/rtl/alg_router.v:418$275_EN[31:0]$1652
   204/731: $3$memwr$\nout_q$/private/tmp/opencode/wt-h05-routing-rtl/rtl/alg_router.v:418$274_EN[31:0]$1651
   205/731: $3$memwr$\nout_q$/private/tmp/opencode/wt-h05-routing-rtl/rtl/alg_router.v:418$273_EN[31:0]$1650
   206/731: $3$memwr$\nout_q$/private/tmp/opencode/wt-h05-routing-rtl/rtl/alg_router.v:418$272_EN[31:0]$1649
   207/731: $3$memwr$\nout_q$/private/tmp/opencode/wt-h05-routing-rtl/rtl/alg_router.v:418$271_EN[31:0]$1648
   208/731: $3$memwr$\nout_q$/private/tmp/opencode/wt-h05-routing-rtl/rtl/alg_router.v:418$270_EN[31:0]$1647
   209/731: $3$memwr$\nout_q$/private/tmp/opencode/wt-h05-routing-rtl/rtl/alg_router.v:418$269_EN[31:0]$1646
   210/731: $3$memwr$\nout_q$/private/tmp/opencode/wt-h05-routing-rtl/rtl/alg_router.v:418$268_EN[31:0]$1645
   211/731: $3$memwr$\nout_q$/private/tmp/opencode/wt-h05-routing-rtl/rtl/alg_router.v:418$267_EN[31:0]$1644
   212/731: $3$memwr$\nout_q$/private/tmp/opencode/wt-h05-routing-rtl/rtl/alg_router.v:418$266_EN[31:0]$1643
   213/731: $3$memwr$\nout_q$/private/tmp/opencode/wt-h05-routing-rtl/rtl/alg_router.v:418$265_EN[31:0]$1642
   214/731: $3$memwr$\nout_q$/private/tmp/opencode/wt-h05-routing-rtl/rtl/alg_router.v:418$264_EN[31:0]$1641
   215/731: $3$memwr$\nout_q$/private/tmp/opencode/wt-h05-routing-rtl/rtl/alg_router.v:418$263_EN[31:0]$1640
   216/731: $3$memwr$\nout_q$/private/tmp/opencode/wt-h05-routing-rtl/rtl/alg_router.v:418$262_EN[31:0]$1639
   217/731: $3$memwr$\nout_q$/private/tmp/opencode/wt-h05-routing-rtl/rtl/alg_router.v:418$261_EN[31:0]$1638
   218/731: $3$memwr$\nout_q$/private/tmp/opencode/wt-h05-routing-rtl/rtl/alg_router.v:418$260_EN[31:0]$1637
   219/731: $3$memwr$\nout_q$/private/tmp/opencode/wt-h05-routing-rtl/rtl/alg_router.v:418$259_EN[31:0]$1636
   220/731: $3$memwr$\nout_q$/private/tmp/opencode/wt-h05-routing-rtl/rtl/alg_router.v:418$258_EN[31:0]$1635
   221/731: $3$memwr$\nout_q$/private/tmp/opencode/wt-h05-routing-rtl/rtl/alg_router.v:418$257_EN[31:0]$1634
   222/731: $3$memwr$\nout_q$/private/tmp/opencode/wt-h05-routing-rtl/rtl/alg_router.v:418$256_EN[31:0]$1633
   223/731: $3$memwr$\nout_q$/private/tmp/opencode/wt-h05-routing-rtl/rtl/alg_router.v:418$255_EN[31:0]$1632
   224/731: $3$memwr$\nout_q$/private/tmp/opencode/wt-h05-routing-rtl/rtl/alg_router.v:418$254_EN[31:0]$1631
   225/731: $3$memwr$\nout_q$/private/tmp/opencode/wt-h05-routing-rtl/rtl/alg_router.v:418$253_EN[31:0]$1630
   226/731: $3$memwr$\gaino_q$/private/tmp/opencode/wt-h05-routing-rtl/rtl/alg_router.v:407$252_EN[15:0]$1629
   227/731: $3$memwr$\gaino_q$/private/tmp/opencode/wt-h05-routing-rtl/rtl/alg_router.v:407$252_DATA[15:0]$1628
   228/731: $3$memwr$\gaino_q$/private/tmp/opencode/wt-h05-routing-rtl/rtl/alg_router.v:407$252_ADDR[2:0]$1627
   229/731: $3\pm$func$/private/tmp/opencode/wt-h05-routing-rtl/rtl/alg_router.v:407$11.$result[2:0]$1616
   230/731: $3\pm$func$/private/tmp/opencode/wt-h05-routing-rtl/rtl/alg_router.v:407$11.k[2:0]$1617
   231/731: $3$memwr$\level_q$/private/tmp/opencode/wt-h05-routing-rtl/rtl/alg_router.v:406$251_EN[27:0]$1626
   232/731: $3$memwr$\level_q$/private/tmp/opencode/wt-h05-routing-rtl/rtl/alg_router.v:406$251_DATA[27:0]$1625
   233/731: $3$memwr$\level_q$/private/tmp/opencode/wt-h05-routing-rtl/rtl/alg_router.v:406$251_ADDR[2:0]$1624
   234/731: $3\pm$func$/private/tmp/opencode/wt-h05-routing-rtl/rtl/alg_router.v:406$10.$result[2:0]$1614
   235/731: $3\pm$func$/private/tmp/opencode/wt-h05-routing-rtl/rtl/alg_router.v:406$10.k[2:0]$1615
   236/731: $3$memwr$\freq_q$/private/tmp/opencode/wt-h05-routing-rtl/rtl/alg_router.v:405$250_EN[31:0]$1623
   237/731: $3$memwr$\freq_q$/private/tmp/opencode/wt-h05-routing-rtl/rtl/alg_router.v:405$250_DATA[31:0]$1622
   238/731: $3$memwr$\freq_q$/private/tmp/opencode/wt-h05-routing-rtl/rtl/alg_router.v:405$250_ADDR[2:0]$1621
   239/731: $3\pm$func$/private/tmp/opencode/wt-h05-routing-rtl/rtl/alg_router.v:405$9.$result[2:0]$1612
   240/731: $3\pm$func$/private/tmp/opencode/wt-h05-routing-rtl/rtl/alg_router.v:405$9.k[2:0]$1613
   241/731: $3$memwr$\phase_q$/private/tmp/opencode/wt-h05-routing-rtl/rtl/alg_router.v:404$249_EN[31:0]$1620
   242/731: $3$memwr$\phase_q$/private/tmp/opencode/wt-h05-routing-rtl/rtl/alg_router.v:404$249_DATA[31:0]$1619
   243/731: $3$memwr$\phase_q$/private/tmp/opencode/wt-h05-routing-rtl/rtl/alg_router.v:404$249_ADDR[2:0]$1618
   244/731: $3\pm$func$/private/tmp/opencode/wt-h05-routing-rtl/rtl/alg_router.v:404$8.$result[2:0]$1610
   245/731: $3\pm$func$/private/tmp/opencode/wt-h05-routing-rtl/rtl/alg_router.v:404$8.k[2:0]$1611
   246/731: $2$memwr$\nout_q$/private/tmp/opencode/wt-h05-routing-rtl/rtl/alg_router.v:418$316_EN[31:0]$1573
   247/731: $2$memwr$\nout_q$/private/tmp/opencode/wt-h05-routing-rtl/rtl/alg_router.v:418$315_EN[31:0]$1572
   248/731: $2$memwr$\nout_q$/private/tmp/opencode/wt-h05-routing-rtl/rtl/alg_router.v:418$314_EN[31:0]$1571
   249/731: $2$memwr$\nout_q$/private/tmp/opencode/wt-h05-routing-rtl/rtl/alg_router.v:418$313_EN[31:0]$1570
   250/731: $2$memwr$\nout_q$/private/tmp/opencode/wt-h05-routing-rtl/rtl/alg_router.v:418$312_EN[31:0]$1569
   251/731: $2$memwr$\nout_q$/private/tmp/opencode/wt-h05-routing-rtl/rtl/alg_router.v:418$311_EN[31:0]$1568
   252/731: $2$memwr$\nout_q$/private/tmp/opencode/wt-h05-routing-rtl/rtl/alg_router.v:418$310_EN[31:0]$1567
   253/731: $2$memwr$\nout_q$/private/tmp/opencode/wt-h05-routing-rtl/rtl/alg_router.v:418$309_EN[31:0]$1566
   254/731: $2$memwr$\nout_q$/private/tmp/opencode/wt-h05-routing-rtl/rtl/alg_router.v:418$308_EN[31:0]$1565
   255/731: $2$memwr$\nout_q$/private/tmp/opencode/wt-h05-routing-rtl/rtl/alg_router.v:418$307_EN[31:0]$1564
   256/731: $2$memwr$\nout_q$/private/tmp/opencode/wt-h05-routing-rtl/rtl/alg_router.v:418$306_EN[31:0]$1563
   257/731: $2$memwr$\nout_q$/private/tmp/opencode/wt-h05-routing-rtl/rtl/alg_router.v:418$305_EN[31:0]$1562
   258/731: $2$memwr$\nout_q$/private/tmp/opencode/wt-h05-routing-rtl/rtl/alg_router.v:418$304_EN[31:0]$1561
   259/731: $2$memwr$\nout_q$/private/tmp/opencode/wt-h05-routing-rtl/rtl/alg_router.v:418$303_EN[31:0]$1560
   260/731: $2$memwr$\nout_q$/private/tmp/opencode/wt-h05-routing-rtl/rtl/alg_router.v:418$302_EN[31:0]$1559
   261/731: $2$memwr$\nout_q$/private/tmp/opencode/wt-h05-routing-rtl/rtl/alg_router.v:418$301_EN[31:0]$1558
   262/731: $2$memwr$\nout_q$/private/tmp/opencode/wt-h05-routing-rtl/rtl/alg_router.v:418$300_EN[31:0]$1557
   263/731: $2$memwr$\nout_q$/private/tmp/opencode/wt-h05-routing-rtl/rtl/alg_router.v:418$299_EN[31:0]$1556
   264/731: $2$memwr$\nout_q$/private/tmp/opencode/wt-h05-routing-rtl/rtl/alg_router.v:418$298_EN[31:0]$1555
   265/731: $2$memwr$\nout_q$/private/tmp/opencode/wt-h05-routing-rtl/rtl/alg_router.v:418$297_EN[31:0]$1554
   266/731: $2$memwr$\nout_q$/private/tmp/opencode/wt-h05-routing-rtl/rtl/alg_router.v:418$296_EN[31:0]$1553
   267/731: $2$memwr$\nout_q$/private/tmp/opencode/wt-h05-routing-rtl/rtl/alg_router.v:418$295_EN[31:0]$1552
   268/731: $2$memwr$\nout_q$/private/tmp/opencode/wt-h05-routing-rtl/rtl/alg_router.v:418$294_EN[31:0]$1551
   269/731: $2$memwr$\nout_q$/private/tmp/opencode/wt-h05-routing-rtl/rtl/alg_router.v:418$293_EN[31:0]$1550
   270/731: $2$memwr$\nout_q$/private/tmp/opencode/wt-h05-routing-rtl/rtl/alg_router.v:418$292_EN[31:0]$1549
   271/731: $2$memwr$\nout_q$/private/tmp/opencode/wt-h05-routing-rtl/rtl/alg_router.v:418$291_EN[31:0]$1548
   272/731: $2$memwr$\nout_q$/private/tmp/opencode/wt-h05-routing-rtl/rtl/alg_router.v:418$290_EN[31:0]$1547
   273/731: $2$memwr$\nout_q$/private/tmp/opencode/wt-h05-routing-rtl/rtl/alg_router.v:418$289_EN[31:0]$1546
   274/731: $2$memwr$\nout_q$/private/tmp/opencode/wt-h05-routing-rtl/rtl/alg_router.v:418$288_EN[31:0]$1545
   275/731: $2$memwr$\nout_q$/private/tmp/opencode/wt-h05-routing-rtl/rtl/alg_router.v:418$287_EN[31:0]$1544
   276/731: $2$memwr$\nout_q$/private/tmp/opencode/wt-h05-routing-rtl/rtl/alg_router.v:418$286_EN[31:0]$1543
   277/731: $2$memwr$\nout_q$/private/tmp/opencode/wt-h05-routing-rtl/rtl/alg_router.v:418$285_EN[31:0]$1542
   278/731: $2$memwr$\nout_q$/private/tmp/opencode/wt-h05-routing-rtl/rtl/alg_router.v:418$284_EN[31:0]$1541
   279/731: $2$memwr$\nout_q$/private/tmp/opencode/wt-h05-routing-rtl/rtl/alg_router.v:418$283_EN[31:0]$1540
   280/731: $2$memwr$\nout_q$/private/tmp/opencode/wt-h05-routing-rtl/rtl/alg_router.v:418$282_EN[31:0]$1539
   281/731: $2$memwr$\nout_q$/private/tmp/opencode/wt-h05-routing-rtl/rtl/alg_router.v:418$281_EN[31:0]$1538
   282/731: $2$memwr$\nout_q$/private/tmp/opencode/wt-h05-routing-rtl/rtl/alg_router.v:418$280_EN[31:0]$1537
   283/731: $2$memwr$\nout_q$/private/tmp/opencode/wt-h05-routing-rtl/rtl/alg_router.v:418$279_EN[31:0]$1536
   284/731: $2$memwr$\nout_q$/private/tmp/opencode/wt-h05-routing-rtl/rtl/alg_router.v:418$278_EN[31:0]$1535
   285/731: $2$memwr$\nout_q$/private/tmp/opencode/wt-h05-routing-rtl/rtl/alg_router.v:418$277_EN[31:0]$1534
   286/731: $2$memwr$\nout_q$/private/tmp/opencode/wt-h05-routing-rtl/rtl/alg_router.v:418$276_EN[31:0]$1533
   287/731: $2$memwr$\nout_q$/private/tmp/opencode/wt-h05-routing-rtl/rtl/alg_router.v:418$275_EN[31:0]$1532
   288/731: $2$memwr$\nout_q$/private/tmp/opencode/wt-h05-routing-rtl/rtl/alg_router.v:418$274_EN[31:0]$1531
   289/731: $2$memwr$\nout_q$/private/tmp/opencode/wt-h05-routing-rtl/rtl/alg_router.v:418$273_EN[31:0]$1530
   290/731: $2$memwr$\nout_q$/private/tmp/opencode/wt-h05-routing-rtl/rtl/alg_router.v:418$272_EN[31:0]$1529
   291/731: $2$memwr$\nout_q$/private/tmp/opencode/wt-h05-routing-rtl/rtl/alg_router.v:418$271_EN[31:0]$1528
   292/731: $2$memwr$\nout_q$/private/tmp/opencode/wt-h05-routing-rtl/rtl/alg_router.v:418$270_EN[31:0]$1527
   293/731: $2$memwr$\nout_q$/private/tmp/opencode/wt-h05-routing-rtl/rtl/alg_router.v:418$269_EN[31:0]$1526
   294/731: $2$memwr$\nout_q$/private/tmp/opencode/wt-h05-routing-rtl/rtl/alg_router.v:418$268_EN[31:0]$1525
   295/731: $2$memwr$\nout_q$/private/tmp/opencode/wt-h05-routing-rtl/rtl/alg_router.v:418$267_EN[31:0]$1524
   296/731: $2$memwr$\nout_q$/private/tmp/opencode/wt-h05-routing-rtl/rtl/alg_router.v:418$266_EN[31:0]$1523
   297/731: $2$memwr$\nout_q$/private/tmp/opencode/wt-h05-routing-rtl/rtl/alg_router.v:418$265_EN[31:0]$1522
   298/731: $2$memwr$\nout_q$/private/tmp/opencode/wt-h05-routing-rtl/rtl/alg_router.v:418$264_EN[31:0]$1521
   299/731: $2$memwr$\nout_q$/private/tmp/opencode/wt-h05-routing-rtl/rtl/alg_router.v:418$263_EN[31:0]$1520
   300/731: $2$memwr$\nout_q$/private/tmp/opencode/wt-h05-routing-rtl/rtl/alg_router.v:418$262_EN[31:0]$1519
   301/731: $2$memwr$\nout_q$/private/tmp/opencode/wt-h05-routing-rtl/rtl/alg_router.v:418$261_EN[31:0]$1518
   302/731: $2$memwr$\nout_q$/private/tmp/opencode/wt-h05-routing-rtl/rtl/alg_router.v:418$260_EN[31:0]$1517
   303/731: $2$memwr$\nout_q$/private/tmp/opencode/wt-h05-routing-rtl/rtl/alg_router.v:418$259_EN[31:0]$1516
   304/731: $2$memwr$\nout_q$/private/tmp/opencode/wt-h05-routing-rtl/rtl/alg_router.v:418$258_EN[31:0]$1515
   305/731: $2$memwr$\nout_q$/private/tmp/opencode/wt-h05-routing-rtl/rtl/alg_router.v:418$257_EN[31:0]$1514
   306/731: $2$memwr$\nout_q$/private/tmp/opencode/wt-h05-routing-rtl/rtl/alg_router.v:418$256_EN[31:0]$1513
   307/731: $2$memwr$\nout_q$/private/tmp/opencode/wt-h05-routing-rtl/rtl/alg_router.v:418$255_EN[31:0]$1512
   308/731: $2$memwr$\nout_q$/private/tmp/opencode/wt-h05-routing-rtl/rtl/alg_router.v:418$254_EN[31:0]$1511
   309/731: $2$memwr$\nout_q$/private/tmp/opencode/wt-h05-routing-rtl/rtl/alg_router.v:418$253_EN[31:0]$1510
   310/731: $2\k[31:0]
   311/731: $2$memwr$\gaino_q$/private/tmp/opencode/wt-h05-routing-rtl/rtl/alg_router.v:407$252_EN[15:0]$1509
   312/731: $2$memwr$\gaino_q$/private/tmp/opencode/wt-h05-routing-rtl/rtl/alg_router.v:407$252_DATA[15:0]$1508
   313/731: $2$memwr$\gaino_q$/private/tmp/opencode/wt-h05-routing-rtl/rtl/alg_router.v:407$252_ADDR[2:0]$1507
   314/731: $2$memwr$\level_q$/private/tmp/opencode/wt-h05-routing-rtl/rtl/alg_router.v:406$251_EN[27:0]$1506
   315/731: $2$memwr$\level_q$/private/tmp/opencode/wt-h05-routing-rtl/rtl/alg_router.v:406$251_DATA[27:0]$1505
   316/731: $2$memwr$\level_q$/private/tmp/opencode/wt-h05-routing-rtl/rtl/alg_router.v:406$251_ADDR[2:0]$1504
   317/731: $2$memwr$\freq_q$/private/tmp/opencode/wt-h05-routing-rtl/rtl/alg_router.v:405$250_EN[31:0]$1503
   318/731: $2$memwr$\freq_q$/private/tmp/opencode/wt-h05-routing-rtl/rtl/alg_router.v:405$250_DATA[31:0]$1502
   319/731: $2$memwr$\freq_q$/private/tmp/opencode/wt-h05-routing-rtl/rtl/alg_router.v:405$250_ADDR[2:0]$1501
   320/731: $2$memwr$\phase_q$/private/tmp/opencode/wt-h05-routing-rtl/rtl/alg_router.v:404$249_EN[31:0]$1500
   321/731: $2$memwr$\phase_q$/private/tmp/opencode/wt-h05-routing-rtl/rtl/alg_router.v:404$249_DATA[31:0]$1499
   322/731: $2$memwr$\phase_q$/private/tmp/opencode/wt-h05-routing-rtl/rtl/alg_router.v:404$249_ADDR[2:0]$1498
   323/731: $2\pm$func$/private/tmp/opencode/wt-h05-routing-rtl/rtl/alg_router.v:407$11.k[2:0]$1497
   324/731: $2\pm$func$/private/tmp/opencode/wt-h05-routing-rtl/rtl/alg_router.v:407$11.$result[2:0]$1496
   325/731: $2\pm$func$/private/tmp/opencode/wt-h05-routing-rtl/rtl/alg_router.v:406$10.k[2:0]$1495
   326/731: $2\pm$func$/private/tmp/opencode/wt-h05-routing-rtl/rtl/alg_router.v:406$10.$result[2:0]$1494
   327/731: $2\pm$func$/private/tmp/opencode/wt-h05-routing-rtl/rtl/alg_router.v:405$9.k[2:0]$1493
   328/731: $2\pm$func$/private/tmp/opencode/wt-h05-routing-rtl/rtl/alg_router.v:405$9.$result[2:0]$1492
   329/731: $2\pm$func$/private/tmp/opencode/wt-h05-routing-rtl/rtl/alg_router.v:404$8.k[2:0]$1491
   330/731: $2\pm$func$/private/tmp/opencode/wt-h05-routing-rtl/rtl/alg_router.v:404$8.$result[2:0]$1490
   331/731: $2$memwr$\gaino_q$/private/tmp/opencode/wt-h05-routing-rtl/rtl/alg_router.v:584$329_EN[15:0]$1606
   332/731: $2$memwr$\gaino_q$/private/tmp/opencode/wt-h05-routing-rtl/rtl/alg_router.v:584$329_DATA[15:0]$1605
   333/731: $2$memwr$\phase_q$/private/tmp/opencode/wt-h05-routing-rtl/rtl/alg_router.v:582$328_EN[31:0]$1604
   334/731: $2$memwr$\phase_q$/private/tmp/opencode/wt-h05-routing-rtl/rtl/alg_router.v:582$328_DATA[31:0]$1603
   335/731: $2$memwr$\gaino_q$/private/tmp/opencode/wt-h05-routing-rtl/rtl/alg_router.v:579$327_EN[15:0]$1602
   336/731: $2$memwr$\gaino_q$/private/tmp/opencode/wt-h05-routing-rtl/rtl/alg_router.v:579$327_DATA[15:0]$1601
   337/731: $2$memwr$\gaino_q$/private/tmp/opencode/wt-h05-routing-rtl/rtl/alg_router.v:578$326_EN[15:0]$1600
   338/731: $2$memwr$\gaino_q$/private/tmp/opencode/wt-h05-routing-rtl/rtl/alg_router.v:578$326_DATA[15:0]$1599
   339/731: $2$memwr$\phase_q$/private/tmp/opencode/wt-h05-routing-rtl/rtl/alg_router.v:576$325_EN[31:0]$1598
   340/731: $2$memwr$\phase_q$/private/tmp/opencode/wt-h05-routing-rtl/rtl/alg_router.v:576$325_DATA[31:0]$1597
   341/731: $2$memwr$\phase_q$/private/tmp/opencode/wt-h05-routing-rtl/rtl/alg_router.v:574$324_EN[31:0]$1596
   342/731: $2$memwr$\phase_q$/private/tmp/opencode/wt-h05-routing-rtl/rtl/alg_router.v:574$324_DATA[31:0]$1595
   343/731: $2$memwr$\phase_q$/private/tmp/opencode/wt-h05-routing-rtl/rtl/alg_router.v:549$323_EN[31:0]$1594
   344/731: $2$memwr$\phase_q$/private/tmp/opencode/wt-h05-routing-rtl/rtl/alg_router.v:549$323_DATA[31:0]$1593
   345/731: $2$memwr$\phase_q$/private/tmp/opencode/wt-h05-routing-rtl/rtl/alg_router.v:549$323_ADDR[2:0]$1592
   346/731: $2$memwr$\nout_q$/private/tmp/opencode/wt-h05-routing-rtl/rtl/alg_router.v:539$322_EN[31:0]$1591
   347/731: $2$memwr$\nout_q$/private/tmp/opencode/wt-h05-routing-rtl/rtl/alg_router.v:539$322_DATA[31:0]$1590
   348/731: $2$memwr$\nout_q$/private/tmp/opencode/wt-h05-routing-rtl/rtl/alg_router.v:539$322_ADDR[5:0]$1589
   349/731: $2$memwr$\nout_q$/private/tmp/opencode/wt-h05-routing-rtl/rtl/alg_router.v:527$321_EN[31:0]$1588
   350/731: $2$memwr$\nout_q$/private/tmp/opencode/wt-h05-routing-rtl/rtl/alg_router.v:527$321_DATA[31:0]$1587
   351/731: $2$memwr$\nout_q$/private/tmp/opencode/wt-h05-routing-rtl/rtl/alg_router.v:527$321_ADDR[5:0]$1586
   352/731: $2$memwr$\bus2_q$/private/tmp/opencode/wt-h05-routing-rtl/rtl/alg_router.v:513$320_EN[31:0]$1585
   353/731: $2$memwr$\bus2_q$/private/tmp/opencode/wt-h05-routing-rtl/rtl/alg_router.v:513$320_DATA[31:0]$1584
   354/731: $2$memwr$\bus2_q$/private/tmp/opencode/wt-h05-routing-rtl/rtl/alg_router.v:513$320_ADDR[5:0]$1583
   355/731: $2$memwr$\bus1_q$/private/tmp/opencode/wt-h05-routing-rtl/rtl/alg_router.v:509$319_EN[31:0]$1582
   356/731: $2$memwr$\bus1_q$/private/tmp/opencode/wt-h05-routing-rtl/rtl/alg_router.v:509$319_DATA[31:0]$1581
   357/731: $2$memwr$\bus1_q$/private/tmp/opencode/wt-h05-routing-rtl/rtl/alg_router.v:509$319_ADDR[5:0]$1580
   358/731: $2$memwr$\nout_q$/private/tmp/opencode/wt-h05-routing-rtl/rtl/alg_router.v:505$318_EN[31:0]$1579
   359/731: $2$memwr$\nout_q$/private/tmp/opencode/wt-h05-routing-rtl/rtl/alg_router.v:505$318_DATA[31:0]$1578
   360/731: $2$memwr$\nout_q$/private/tmp/opencode/wt-h05-routing-rtl/rtl/alg_router.v:505$318_ADDR[5:0]$1577
   361/731: $2$memwr$\gaino_q$/private/tmp/opencode/wt-h05-routing-rtl/rtl/alg_router.v:423$317_EN[15:0]$1576
   362/731: $2$memwr$\gaino_q$/private/tmp/opencode/wt-h05-routing-rtl/rtl/alg_router.v:423$317_DATA[15:0]$1575
   363/731: $2$memwr$\gaino_q$/private/tmp/opencode/wt-h05-routing-rtl/rtl/alg_router.v:423$317_ADDR[2:0]$1574
   364/731: $0\obs_q[0:0]
   365/731: $1\k[31:0]
   366/731: $1$memwr$\nout_q$/private/tmp/opencode/wt-h05-routing-rtl/rtl/alg_router.v:367$248_EN[31:0]$1379
   367/731: $1$memwr$\bus2_q$/private/tmp/opencode/wt-h05-routing-rtl/rtl/alg_router.v:366$247_EN[31:0]$1378
   368/731: $1$memwr$\bus1_q$/private/tmp/opencode/wt-h05-routing-rtl/rtl/alg_router.v:365$246_EN[31:0]$1377
   369/731: $1$memwr$\nout_q$/private/tmp/opencode/wt-h05-routing-rtl/rtl/alg_router.v:367$245_EN[31:0]$1376
   370/731: $1$memwr$\bus2_q$/private/tmp/opencode/wt-h05-routing-rtl/rtl/alg_router.v:366$244_EN[31:0]$1375
   371/731: $1$memwr$\bus1_q$/private/tmp/opencode/wt-h05-routing-rtl/rtl/alg_router.v:365$243_EN[31:0]$1374
   372/731: $1$memwr$\nout_q$/private/tmp/opencode/wt-h05-routing-rtl/rtl/alg_router.v:367$242_EN[31:0]$1373
   373/731: $1$memwr$\bus2_q$/private/tmp/opencode/wt-h05-routing-rtl/rtl/alg_router.v:366$241_EN[31:0]$1372
   374/731: $1$memwr$\bus1_q$/private/tmp/opencode/wt-h05-routing-rtl/rtl/alg_router.v:365$240_EN[31:0]$1371
   375/731: $1$memwr$\nout_q$/private/tmp/opencode/wt-h05-routing-rtl/rtl/alg_router.v:367$239_EN[31:0]$1370
   376/731: $1$memwr$\bus2_q$/private/tmp/opencode/wt-h05-routing-rtl/rtl/alg_router.v:366$238_EN[31:0]$1369
   377/731: $1$memwr$\bus1_q$/private/tmp/opencode/wt-h05-routing-rtl/rtl/alg_router.v:365$237_EN[31:0]$1368
   378/731: $1$memwr$\nout_q$/private/tmp/opencode/wt-h05-routing-rtl/rtl/alg_router.v:367$236_EN[31:0]$1367
   379/731: $1$memwr$\bus2_q$/private/tmp/opencode/wt-h05-routing-rtl/rtl/alg_router.v:366$235_EN[31:0]$1366
   380/731: $1$memwr$\bus1_q$/private/tmp/opencode/wt-h05-routing-rtl/rtl/alg_router.v:365$234_EN[31:0]$1365
   381/731: $1$memwr$\nout_q$/private/tmp/opencode/wt-h05-routing-rtl/rtl/alg_router.v:367$233_EN[31:0]$1364
   382/731: $1$memwr$\bus2_q$/private/tmp/opencode/wt-h05-routing-rtl/rtl/alg_router.v:366$232_EN[31:0]$1363
   383/731: $1$memwr$\bus1_q$/private/tmp/opencode/wt-h05-routing-rtl/rtl/alg_router.v:365$231_EN[31:0]$1362
   384/731: $1$memwr$\nout_q$/private/tmp/opencode/wt-h05-routing-rtl/rtl/alg_router.v:367$230_EN[31:0]$1361
   385/731: $1$memwr$\bus2_q$/private/tmp/opencode/wt-h05-routing-rtl/rtl/alg_router.v:366$229_EN[31:0]$1360
   386/731: $1$memwr$\bus1_q$/private/tmp/opencode/wt-h05-routing-rtl/rtl/alg_router.v:365$228_EN[31:0]$1359
   387/731: $1$memwr$\nout_q$/private/tmp/opencode/wt-h05-routing-rtl/rtl/alg_router.v:367$227_EN[31:0]$1358
   388/731: $1$memwr$\bus2_q$/private/tmp/opencode/wt-h05-routing-rtl/rtl/alg_router.v:366$226_EN[31:0]$1357
   389/731: $1$memwr$\bus1_q$/private/tmp/opencode/wt-h05-routing-rtl/rtl/alg_router.v:365$225_EN[31:0]$1356
   390/731: $1$memwr$\nout_q$/private/tmp/opencode/wt-h05-routing-rtl/rtl/alg_router.v:367$224_EN[31:0]$1355
   391/731: $1$memwr$\bus2_q$/private/tmp/opencode/wt-h05-routing-rtl/rtl/alg_router.v:366$223_EN[31:0]$1354
   392/731: $1$memwr$\bus1_q$/private/tmp/opencode/wt-h05-routing-rtl/rtl/alg_router.v:365$222_EN[31:0]$1353
   393/731: $1$memwr$\nout_q$/private/tmp/opencode/wt-h05-routing-rtl/rtl/alg_router.v:367$221_EN[31:0]$1352
   394/731: $1$memwr$\bus2_q$/private/tmp/opencode/wt-h05-routing-rtl/rtl/alg_router.v:366$220_EN[31:0]$1351
   395/731: $1$memwr$\bus1_q$/private/tmp/opencode/wt-h05-routing-rtl/rtl/alg_router.v:365$219_EN[31:0]$1350
   396/731: $1$memwr$\nout_q$/private/tmp/opencode/wt-h05-routing-rtl/rtl/alg_router.v:367$218_EN[31:0]$1349
   397/731: $1$memwr$\bus2_q$/private/tmp/opencode/wt-h05-routing-rtl/rtl/alg_router.v:366$217_EN[31:0]$1348
   398/731: $1$memwr$\bus1_q$/private/tmp/opencode/wt-h05-routing-rtl/rtl/alg_router.v:365$216_EN[31:0]$1347
   399/731: $1$memwr$\nout_q$/private/tmp/opencode/wt-h05-routing-rtl/rtl/alg_router.v:367$215_EN[31:0]$1346
   400/731: $1$memwr$\bus2_q$/private/tmp/opencode/wt-h05-routing-rtl/rtl/alg_router.v:366$214_EN[31:0]$1345
   401/731: $1$memwr$\bus1_q$/private/tmp/opencode/wt-h05-routing-rtl/rtl/alg_router.v:365$213_EN[31:0]$1344
   402/731: $1$memwr$\nout_q$/private/tmp/opencode/wt-h05-routing-rtl/rtl/alg_router.v:367$212_EN[31:0]$1343
   403/731: $1$memwr$\bus2_q$/private/tmp/opencode/wt-h05-routing-rtl/rtl/alg_router.v:366$211_EN[31:0]$1342
   404/731: $1$memwr$\bus1_q$/private/tmp/opencode/wt-h05-routing-rtl/rtl/alg_router.v:365$210_EN[31:0]$1341
   405/731: $1$memwr$\nout_q$/private/tmp/opencode/wt-h05-routing-rtl/rtl/alg_router.v:367$209_EN[31:0]$1340
   406/731: $1$memwr$\bus2_q$/private/tmp/opencode/wt-h05-routing-rtl/rtl/alg_router.v:366$208_EN[31:0]$1339
   407/731: $1$memwr$\bus1_q$/private/tmp/opencode/wt-h05-routing-rtl/rtl/alg_router.v:365$207_EN[31:0]$1338
   408/731: $1$memwr$\nout_q$/private/tmp/opencode/wt-h05-routing-rtl/rtl/alg_router.v:367$206_EN[31:0]$1337
   409/731: $1$memwr$\bus2_q$/private/tmp/opencode/wt-h05-routing-rtl/rtl/alg_router.v:366$205_EN[31:0]$1336
   410/731: $1$memwr$\bus1_q$/private/tmp/opencode/wt-h05-routing-rtl/rtl/alg_router.v:365$204_EN[31:0]$1335
   411/731: $1$memwr$\nout_q$/private/tmp/opencode/wt-h05-routing-rtl/rtl/alg_router.v:367$203_EN[31:0]$1334
   412/731: $1$memwr$\bus2_q$/private/tmp/opencode/wt-h05-routing-rtl/rtl/alg_router.v:366$202_EN[31:0]$1333
   413/731: $1$memwr$\bus1_q$/private/tmp/opencode/wt-h05-routing-rtl/rtl/alg_router.v:365$201_EN[31:0]$1332
   414/731: $1$memwr$\nout_q$/private/tmp/opencode/wt-h05-routing-rtl/rtl/alg_router.v:367$200_EN[31:0]$1331
   415/731: $1$memwr$\bus2_q$/private/tmp/opencode/wt-h05-routing-rtl/rtl/alg_router.v:366$199_EN[31:0]$1330
   416/731: $1$memwr$\bus1_q$/private/tmp/opencode/wt-h05-routing-rtl/rtl/alg_router.v:365$198_EN[31:0]$1329
   417/731: $1$memwr$\nout_q$/private/tmp/opencode/wt-h05-routing-rtl/rtl/alg_router.v:367$197_EN[31:0]$1328
   418/731: $1$memwr$\bus2_q$/private/tmp/opencode/wt-h05-routing-rtl/rtl/alg_router.v:366$196_EN[31:0]$1327
   419/731: $1$memwr$\bus1_q$/private/tmp/opencode/wt-h05-routing-rtl/rtl/alg_router.v:365$195_EN[31:0]$1326
   420/731: $1$memwr$\nout_q$/private/tmp/opencode/wt-h05-routing-rtl/rtl/alg_router.v:367$194_EN[31:0]$1325
   421/731: $1$memwr$\bus2_q$/private/tmp/opencode/wt-h05-routing-rtl/rtl/alg_router.v:366$193_EN[31:0]$1324
   422/731: $1$memwr$\bus1_q$/private/tmp/opencode/wt-h05-routing-rtl/rtl/alg_router.v:365$192_EN[31:0]$1323
   423/731: $1$memwr$\nout_q$/private/tmp/opencode/wt-h05-routing-rtl/rtl/alg_router.v:367$191_EN[31:0]$1322
   424/731: $1$memwr$\bus2_q$/private/tmp/opencode/wt-h05-routing-rtl/rtl/alg_router.v:366$190_EN[31:0]$1321
   425/731: $1$memwr$\bus1_q$/private/tmp/opencode/wt-h05-routing-rtl/rtl/alg_router.v:365$189_EN[31:0]$1320
   426/731: $1$memwr$\nout_q$/private/tmp/opencode/wt-h05-routing-rtl/rtl/alg_router.v:367$188_EN[31:0]$1319
   427/731: $1$memwr$\bus2_q$/private/tmp/opencode/wt-h05-routing-rtl/rtl/alg_router.v:366$187_EN[31:0]$1318
   428/731: $1$memwr$\bus1_q$/private/tmp/opencode/wt-h05-routing-rtl/rtl/alg_router.v:365$186_EN[31:0]$1317
   429/731: $1$memwr$\nout_q$/private/tmp/opencode/wt-h05-routing-rtl/rtl/alg_router.v:367$185_EN[31:0]$1316
   430/731: $1$memwr$\bus2_q$/private/tmp/opencode/wt-h05-routing-rtl/rtl/alg_router.v:366$184_EN[31:0]$1315
   431/731: $1$memwr$\bus1_q$/private/tmp/opencode/wt-h05-routing-rtl/rtl/alg_router.v:365$183_EN[31:0]$1314
   432/731: $1$memwr$\nout_q$/private/tmp/opencode/wt-h05-routing-rtl/rtl/alg_router.v:367$182_EN[31:0]$1313
   433/731: $1$memwr$\bus2_q$/private/tmp/opencode/wt-h05-routing-rtl/rtl/alg_router.v:366$181_EN[31:0]$1312
   434/731: $1$memwr$\bus1_q$/private/tmp/opencode/wt-h05-routing-rtl/rtl/alg_router.v:365$180_EN[31:0]$1311
   435/731: $1$memwr$\nout_q$/private/tmp/opencode/wt-h05-routing-rtl/rtl/alg_router.v:367$179_EN[31:0]$1310
   436/731: $1$memwr$\bus2_q$/private/tmp/opencode/wt-h05-routing-rtl/rtl/alg_router.v:366$178_EN[31:0]$1309
   437/731: $1$memwr$\bus1_q$/private/tmp/opencode/wt-h05-routing-rtl/rtl/alg_router.v:365$177_EN[31:0]$1308
   438/731: $1$memwr$\nout_q$/private/tmp/opencode/wt-h05-routing-rtl/rtl/alg_router.v:367$176_EN[31:0]$1307
   439/731: $1$memwr$\bus2_q$/private/tmp/opencode/wt-h05-routing-rtl/rtl/alg_router.v:366$175_EN[31:0]$1306
   440/731: $1$memwr$\bus1_q$/private/tmp/opencode/wt-h05-routing-rtl/rtl/alg_router.v:365$174_EN[31:0]$1305
   441/731: $1$memwr$\nout_q$/private/tmp/opencode/wt-h05-routing-rtl/rtl/alg_router.v:367$173_EN[31:0]$1304
   442/731: $1$memwr$\bus2_q$/private/tmp/opencode/wt-h05-routing-rtl/rtl/alg_router.v:366$172_EN[31:0]$1303
   443/731: $1$memwr$\bus1_q$/private/tmp/opencode/wt-h05-routing-rtl/rtl/alg_router.v:365$171_EN[31:0]$1302
   444/731: $1$memwr$\nout_q$/private/tmp/opencode/wt-h05-routing-rtl/rtl/alg_router.v:367$170_EN[31:0]$1301
   445/731: $1$memwr$\bus2_q$/private/tmp/opencode/wt-h05-routing-rtl/rtl/alg_router.v:366$169_EN[31:0]$1300
   446/731: $1$memwr$\bus1_q$/private/tmp/opencode/wt-h05-routing-rtl/rtl/alg_router.v:365$168_EN[31:0]$1299
   447/731: $1$memwr$\nout_q$/private/tmp/opencode/wt-h05-routing-rtl/rtl/alg_router.v:367$167_EN[31:0]$1298
   448/731: $1$memwr$\bus2_q$/private/tmp/opencode/wt-h05-routing-rtl/rtl/alg_router.v:366$166_EN[31:0]$1297
   449/731: $1$memwr$\bus1_q$/private/tmp/opencode/wt-h05-routing-rtl/rtl/alg_router.v:365$165_EN[31:0]$1296
   450/731: $1$memwr$\nout_q$/private/tmp/opencode/wt-h05-routing-rtl/rtl/alg_router.v:367$164_EN[31:0]$1295
   451/731: $1$memwr$\bus2_q$/private/tmp/opencode/wt-h05-routing-rtl/rtl/alg_router.v:366$163_EN[31:0]$1294
   452/731: $1$memwr$\bus1_q$/private/tmp/opencode/wt-h05-routing-rtl/rtl/alg_router.v:365$162_EN[31:0]$1293
   453/731: $1$memwr$\nout_q$/private/tmp/opencode/wt-h05-routing-rtl/rtl/alg_router.v:367$161_EN[31:0]$1292
   454/731: $1$memwr$\bus2_q$/private/tmp/opencode/wt-h05-routing-rtl/rtl/alg_router.v:366$160_EN[31:0]$1291
   455/731: $1$memwr$\bus1_q$/private/tmp/opencode/wt-h05-routing-rtl/rtl/alg_router.v:365$159_EN[31:0]$1290
   456/731: $1$memwr$\nout_q$/private/tmp/opencode/wt-h05-routing-rtl/rtl/alg_router.v:367$158_EN[31:0]$1289
   457/731: $1$memwr$\bus2_q$/private/tmp/opencode/wt-h05-routing-rtl/rtl/alg_router.v:366$157_EN[31:0]$1288
   458/731: $1$memwr$\bus1_q$/private/tmp/opencode/wt-h05-routing-rtl/rtl/alg_router.v:365$156_EN[31:0]$1287
   459/731: $1$memwr$\nout_q$/private/tmp/opencode/wt-h05-routing-rtl/rtl/alg_router.v:367$155_EN[31:0]$1286
   460/731: $1$memwr$\bus2_q$/private/tmp/opencode/wt-h05-routing-rtl/rtl/alg_router.v:366$154_EN[31:0]$1285
   461/731: $1$memwr$\bus1_q$/private/tmp/opencode/wt-h05-routing-rtl/rtl/alg_router.v:365$153_EN[31:0]$1284
   462/731: $1$memwr$\nout_q$/private/tmp/opencode/wt-h05-routing-rtl/rtl/alg_router.v:367$152_EN[31:0]$1283
   463/731: $1$memwr$\bus2_q$/private/tmp/opencode/wt-h05-routing-rtl/rtl/alg_router.v:366$151_EN[31:0]$1282
   464/731: $1$memwr$\bus1_q$/private/tmp/opencode/wt-h05-routing-rtl/rtl/alg_router.v:365$150_EN[31:0]$1281
   465/731: $1$memwr$\nout_q$/private/tmp/opencode/wt-h05-routing-rtl/rtl/alg_router.v:367$149_EN[31:0]$1280
   466/731: $1$memwr$\bus2_q$/private/tmp/opencode/wt-h05-routing-rtl/rtl/alg_router.v:366$148_EN[31:0]$1279
   467/731: $1$memwr$\bus1_q$/private/tmp/opencode/wt-h05-routing-rtl/rtl/alg_router.v:365$147_EN[31:0]$1278
   468/731: $1$memwr$\nout_q$/private/tmp/opencode/wt-h05-routing-rtl/rtl/alg_router.v:367$146_EN[31:0]$1277
   469/731: $1$memwr$\bus2_q$/private/tmp/opencode/wt-h05-routing-rtl/rtl/alg_router.v:366$145_EN[31:0]$1276
   470/731: $1$memwr$\bus1_q$/private/tmp/opencode/wt-h05-routing-rtl/rtl/alg_router.v:365$144_EN[31:0]$1275
   471/731: $1$memwr$\nout_q$/private/tmp/opencode/wt-h05-routing-rtl/rtl/alg_router.v:367$143_EN[31:0]$1274
   472/731: $1$memwr$\bus2_q$/private/tmp/opencode/wt-h05-routing-rtl/rtl/alg_router.v:366$142_EN[31:0]$1273
   473/731: $1$memwr$\bus1_q$/private/tmp/opencode/wt-h05-routing-rtl/rtl/alg_router.v:365$141_EN[31:0]$1272
   474/731: $1$memwr$\nout_q$/private/tmp/opencode/wt-h05-routing-rtl/rtl/alg_router.v:367$140_EN[31:0]$1271
   475/731: $1$memwr$\bus2_q$/private/tmp/opencode/wt-h05-routing-rtl/rtl/alg_router.v:366$139_EN[31:0]$1270
   476/731: $1$memwr$\bus1_q$/private/tmp/opencode/wt-h05-routing-rtl/rtl/alg_router.v:365$138_EN[31:0]$1269
   477/731: $1$memwr$\nout_q$/private/tmp/opencode/wt-h05-routing-rtl/rtl/alg_router.v:367$137_EN[31:0]$1268
   478/731: $1$memwr$\bus2_q$/private/tmp/opencode/wt-h05-routing-rtl/rtl/alg_router.v:366$136_EN[31:0]$1267
   479/731: $1$memwr$\bus1_q$/private/tmp/opencode/wt-h05-routing-rtl/rtl/alg_router.v:365$135_EN[31:0]$1266
   480/731: $1$memwr$\nout_q$/private/tmp/opencode/wt-h05-routing-rtl/rtl/alg_router.v:367$134_EN[31:0]$1265
   481/731: $1$memwr$\bus2_q$/private/tmp/opencode/wt-h05-routing-rtl/rtl/alg_router.v:366$133_EN[31:0]$1264
   482/731: $1$memwr$\bus1_q$/private/tmp/opencode/wt-h05-routing-rtl/rtl/alg_router.v:365$132_EN[31:0]$1263
   483/731: $1$memwr$\nout_q$/private/tmp/opencode/wt-h05-routing-rtl/rtl/alg_router.v:367$131_EN[31:0]$1262
   484/731: $1$memwr$\bus2_q$/private/tmp/opencode/wt-h05-routing-rtl/rtl/alg_router.v:366$130_EN[31:0]$1261
   485/731: $1$memwr$\bus1_q$/private/tmp/opencode/wt-h05-routing-rtl/rtl/alg_router.v:365$129_EN[31:0]$1260
   486/731: $1$memwr$\nout_q$/private/tmp/opencode/wt-h05-routing-rtl/rtl/alg_router.v:367$128_EN[31:0]$1259
   487/731: $1$memwr$\bus2_q$/private/tmp/opencode/wt-h05-routing-rtl/rtl/alg_router.v:366$127_EN[31:0]$1258
   488/731: $1$memwr$\bus1_q$/private/tmp/opencode/wt-h05-routing-rtl/rtl/alg_router.v:365$126_EN[31:0]$1257
   489/731: $1$memwr$\nout_q$/private/tmp/opencode/wt-h05-routing-rtl/rtl/alg_router.v:367$125_EN[31:0]$1256
   490/731: $1$memwr$\bus2_q$/private/tmp/opencode/wt-h05-routing-rtl/rtl/alg_router.v:366$124_EN[31:0]$1255
   491/731: $1$memwr$\bus1_q$/private/tmp/opencode/wt-h05-routing-rtl/rtl/alg_router.v:365$123_EN[31:0]$1254
   492/731: $1$memwr$\nout_q$/private/tmp/opencode/wt-h05-routing-rtl/rtl/alg_router.v:367$122_EN[31:0]$1253
   493/731: $1$memwr$\bus2_q$/private/tmp/opencode/wt-h05-routing-rtl/rtl/alg_router.v:366$121_EN[31:0]$1252
   494/731: $1$memwr$\bus1_q$/private/tmp/opencode/wt-h05-routing-rtl/rtl/alg_router.v:365$120_EN[31:0]$1251
   495/731: $1$memwr$\nout_q$/private/tmp/opencode/wt-h05-routing-rtl/rtl/alg_router.v:367$119_EN[31:0]$1250
   496/731: $1$memwr$\bus2_q$/private/tmp/opencode/wt-h05-routing-rtl/rtl/alg_router.v:366$118_EN[31:0]$1249
   497/731: $1$memwr$\bus1_q$/private/tmp/opencode/wt-h05-routing-rtl/rtl/alg_router.v:365$117_EN[31:0]$1248
   498/731: $1$memwr$\nout_q$/private/tmp/opencode/wt-h05-routing-rtl/rtl/alg_router.v:367$116_EN[31:0]$1247
   499/731: $1$memwr$\bus2_q$/private/tmp/opencode/wt-h05-routing-rtl/rtl/alg_router.v:366$115_EN[31:0]$1246
   500/731: $1$memwr$\bus1_q$/private/tmp/opencode/wt-h05-routing-rtl/rtl/alg_router.v:365$114_EN[31:0]$1245
   501/731: $1$memwr$\nout_q$/private/tmp/opencode/wt-h05-routing-rtl/rtl/alg_router.v:367$113_EN[31:0]$1244
   502/731: $1$memwr$\bus2_q$/private/tmp/opencode/wt-h05-routing-rtl/rtl/alg_router.v:366$112_EN[31:0]$1243
   503/731: $1$memwr$\bus1_q$/private/tmp/opencode/wt-h05-routing-rtl/rtl/alg_router.v:365$111_EN[31:0]$1242
   504/731: $1$memwr$\nout_q$/private/tmp/opencode/wt-h05-routing-rtl/rtl/alg_router.v:367$110_EN[31:0]$1241
   505/731: $1$memwr$\bus2_q$/private/tmp/opencode/wt-h05-routing-rtl/rtl/alg_router.v:366$109_EN[31:0]$1240
   506/731: $1$memwr$\bus1_q$/private/tmp/opencode/wt-h05-routing-rtl/rtl/alg_router.v:365$108_EN[31:0]$1239
   507/731: $1$memwr$\nout_q$/private/tmp/opencode/wt-h05-routing-rtl/rtl/alg_router.v:367$107_EN[31:0]$1238
   508/731: $1$memwr$\bus2_q$/private/tmp/opencode/wt-h05-routing-rtl/rtl/alg_router.v:366$106_EN[31:0]$1237
   509/731: $1$memwr$\bus1_q$/private/tmp/opencode/wt-h05-routing-rtl/rtl/alg_router.v:365$105_EN[31:0]$1236
   510/731: $1$memwr$\nout_q$/private/tmp/opencode/wt-h05-routing-rtl/rtl/alg_router.v:367$104_EN[31:0]$1235
   511/731: $1$memwr$\bus2_q$/private/tmp/opencode/wt-h05-routing-rtl/rtl/alg_router.v:366$103_EN[31:0]$1234
   512/731: $1$memwr$\bus1_q$/private/tmp/opencode/wt-h05-routing-rtl/rtl/alg_router.v:365$102_EN[31:0]$1233
   513/731: $1$memwr$\nout_q$/private/tmp/opencode/wt-h05-routing-rtl/rtl/alg_router.v:367$101_EN[31:0]$1232
   514/731: $1$memwr$\bus2_q$/private/tmp/opencode/wt-h05-routing-rtl/rtl/alg_router.v:366$100_EN[31:0]$1231
   515/731: $1$memwr$\bus1_q$/private/tmp/opencode/wt-h05-routing-rtl/rtl/alg_router.v:365$99_EN[31:0]$1230
   516/731: $1$memwr$\nout_q$/private/tmp/opencode/wt-h05-routing-rtl/rtl/alg_router.v:367$98_EN[31:0]$1229
   517/731: $1$memwr$\bus2_q$/private/tmp/opencode/wt-h05-routing-rtl/rtl/alg_router.v:366$97_EN[31:0]$1228
   518/731: $1$memwr$\bus1_q$/private/tmp/opencode/wt-h05-routing-rtl/rtl/alg_router.v:365$96_EN[31:0]$1227
   519/731: $1$memwr$\nout_q$/private/tmp/opencode/wt-h05-routing-rtl/rtl/alg_router.v:367$95_EN[31:0]$1226
   520/731: $1$memwr$\bus2_q$/private/tmp/opencode/wt-h05-routing-rtl/rtl/alg_router.v:366$94_EN[31:0]$1225
   521/731: $1$memwr$\bus1_q$/private/tmp/opencode/wt-h05-routing-rtl/rtl/alg_router.v:365$93_EN[31:0]$1224
   522/731: $1$memwr$\nout_q$/private/tmp/opencode/wt-h05-routing-rtl/rtl/alg_router.v:367$92_EN[31:0]$1223
   523/731: $1$memwr$\bus2_q$/private/tmp/opencode/wt-h05-routing-rtl/rtl/alg_router.v:366$91_EN[31:0]$1222
   524/731: $1$memwr$\bus1_q$/private/tmp/opencode/wt-h05-routing-rtl/rtl/alg_router.v:365$90_EN[31:0]$1221
   525/731: $1$memwr$\nout_q$/private/tmp/opencode/wt-h05-routing-rtl/rtl/alg_router.v:367$89_EN[31:0]$1220
   526/731: $1$memwr$\bus2_q$/private/tmp/opencode/wt-h05-routing-rtl/rtl/alg_router.v:366$88_EN[31:0]$1219
   527/731: $1$memwr$\bus1_q$/private/tmp/opencode/wt-h05-routing-rtl/rtl/alg_router.v:365$87_EN[31:0]$1218
   528/731: $1$memwr$\nout_q$/private/tmp/opencode/wt-h05-routing-rtl/rtl/alg_router.v:367$86_EN[31:0]$1217
   529/731: $1$memwr$\bus2_q$/private/tmp/opencode/wt-h05-routing-rtl/rtl/alg_router.v:366$85_EN[31:0]$1216
   530/731: $1$memwr$\bus1_q$/private/tmp/opencode/wt-h05-routing-rtl/rtl/alg_router.v:365$84_EN[31:0]$1215
   531/731: $1$memwr$\nout_q$/private/tmp/opencode/wt-h05-routing-rtl/rtl/alg_router.v:367$83_EN[31:0]$1214
   532/731: $1$memwr$\bus2_q$/private/tmp/opencode/wt-h05-routing-rtl/rtl/alg_router.v:366$82_EN[31:0]$1213
   533/731: $1$memwr$\bus1_q$/private/tmp/opencode/wt-h05-routing-rtl/rtl/alg_router.v:365$81_EN[31:0]$1212
   534/731: $1$memwr$\nout_q$/private/tmp/opencode/wt-h05-routing-rtl/rtl/alg_router.v:367$80_EN[31:0]$1211
   535/731: $1$memwr$\bus2_q$/private/tmp/opencode/wt-h05-routing-rtl/rtl/alg_router.v:366$79_EN[31:0]$1210
   536/731: $1$memwr$\bus1_q$/private/tmp/opencode/wt-h05-routing-rtl/rtl/alg_router.v:365$78_EN[31:0]$1209
   537/731: $1$memwr$\nout_q$/private/tmp/opencode/wt-h05-routing-rtl/rtl/alg_router.v:367$77_EN[31:0]$1208
   538/731: $1$memwr$\bus2_q$/private/tmp/opencode/wt-h05-routing-rtl/rtl/alg_router.v:366$76_EN[31:0]$1207
   539/731: $1$memwr$\bus1_q$/private/tmp/opencode/wt-h05-routing-rtl/rtl/alg_router.v:365$75_EN[31:0]$1206
   540/731: $1$memwr$\nout_q$/private/tmp/opencode/wt-h05-routing-rtl/rtl/alg_router.v:367$74_EN[31:0]$1205
   541/731: $1$memwr$\bus2_q$/private/tmp/opencode/wt-h05-routing-rtl/rtl/alg_router.v:366$73_EN[31:0]$1204
   542/731: $1$memwr$\bus1_q$/private/tmp/opencode/wt-h05-routing-rtl/rtl/alg_router.v:365$72_EN[31:0]$1203
   543/731: $1$memwr$\nout_q$/private/tmp/opencode/wt-h05-routing-rtl/rtl/alg_router.v:367$71_EN[31:0]$1202
   544/731: $1$memwr$\bus2_q$/private/tmp/opencode/wt-h05-routing-rtl/rtl/alg_router.v:366$70_EN[31:0]$1201
   545/731: $1$memwr$\bus1_q$/private/tmp/opencode/wt-h05-routing-rtl/rtl/alg_router.v:365$69_EN[31:0]$1200
   546/731: $1$memwr$\nout_q$/private/tmp/opencode/wt-h05-routing-rtl/rtl/alg_router.v:367$68_EN[31:0]$1199
   547/731: $1$memwr$\bus2_q$/private/tmp/opencode/wt-h05-routing-rtl/rtl/alg_router.v:366$67_EN[31:0]$1198
   548/731: $1$memwr$\bus1_q$/private/tmp/opencode/wt-h05-routing-rtl/rtl/alg_router.v:365$66_EN[31:0]$1197
   549/731: $1$memwr$\nout_q$/private/tmp/opencode/wt-h05-routing-rtl/rtl/alg_router.v:367$65_EN[31:0]$1196
   550/731: $1$memwr$\bus2_q$/private/tmp/opencode/wt-h05-routing-rtl/rtl/alg_router.v:366$64_EN[31:0]$1195
   551/731: $1$memwr$\bus1_q$/private/tmp/opencode/wt-h05-routing-rtl/rtl/alg_router.v:365$63_EN[31:0]$1194
   552/731: $1$memwr$\nout_q$/private/tmp/opencode/wt-h05-routing-rtl/rtl/alg_router.v:367$62_EN[31:0]$1193
   553/731: $1$memwr$\bus2_q$/private/tmp/opencode/wt-h05-routing-rtl/rtl/alg_router.v:366$61_EN[31:0]$1192
   554/731: $1$memwr$\bus1_q$/private/tmp/opencode/wt-h05-routing-rtl/rtl/alg_router.v:365$60_EN[31:0]$1191
   555/731: $1$memwr$\nout_q$/private/tmp/opencode/wt-h05-routing-rtl/rtl/alg_router.v:367$59_EN[31:0]$1190
   556/731: $1$memwr$\bus2_q$/private/tmp/opencode/wt-h05-routing-rtl/rtl/alg_router.v:366$58_EN[31:0]$1189
   557/731: $1$memwr$\bus1_q$/private/tmp/opencode/wt-h05-routing-rtl/rtl/alg_router.v:365$57_EN[31:0]$1188
   558/731: $1$memwr$\gaino_q$/private/tmp/opencode/wt-h05-routing-rtl/rtl/alg_router.v:362$56_EN[15:0]$1187
   559/731: $1$memwr$\level_q$/private/tmp/opencode/wt-h05-routing-rtl/rtl/alg_router.v:361$55_EN[27:0]$1186
   560/731: $1$memwr$\freq_q$/private/tmp/opencode/wt-h05-routing-rtl/rtl/alg_router.v:360$54_EN[31:0]$1185
   561/731: $1$memwr$\phase_q$/private/tmp/opencode/wt-h05-routing-rtl/rtl/alg_router.v:359$53_EN[31:0]$1184
   562/731: $1$memwr$\gaino_q$/private/tmp/opencode/wt-h05-routing-rtl/rtl/alg_router.v:362$52_EN[15:0]$1183
   563/731: $1$memwr$\level_q$/private/tmp/opencode/wt-h05-routing-rtl/rtl/alg_router.v:361$51_EN[27:0]$1182
   564/731: $1$memwr$\freq_q$/private/tmp/opencode/wt-h05-routing-rtl/rtl/alg_router.v:360$50_EN[31:0]$1181
   565/731: $1$memwr$\phase_q$/private/tmp/opencode/wt-h05-routing-rtl/rtl/alg_router.v:359$49_EN[31:0]$1180
   566/731: $1$memwr$\gaino_q$/private/tmp/opencode/wt-h05-routing-rtl/rtl/alg_router.v:362$48_EN[15:0]$1179
   567/731: $1$memwr$\level_q$/private/tmp/opencode/wt-h05-routing-rtl/rtl/alg_router.v:361$47_EN[27:0]$1178
   568/731: $1$memwr$\freq_q$/private/tmp/opencode/wt-h05-routing-rtl/rtl/alg_router.v:360$46_EN[31:0]$1177
   569/731: $1$memwr$\phase_q$/private/tmp/opencode/wt-h05-routing-rtl/rtl/alg_router.v:359$45_EN[31:0]$1176
   570/731: $1$memwr$\gaino_q$/private/tmp/opencode/wt-h05-routing-rtl/rtl/alg_router.v:362$44_EN[15:0]$1175
   571/731: $1$memwr$\level_q$/private/tmp/opencode/wt-h05-routing-rtl/rtl/alg_router.v:361$43_EN[27:0]$1174
   572/731: $1$memwr$\freq_q$/private/tmp/opencode/wt-h05-routing-rtl/rtl/alg_router.v:360$42_EN[31:0]$1173
   573/731: $1$memwr$\phase_q$/private/tmp/opencode/wt-h05-routing-rtl/rtl/alg_router.v:359$41_EN[31:0]$1172
   574/731: $1$memwr$\gaino_q$/private/tmp/opencode/wt-h05-routing-rtl/rtl/alg_router.v:362$40_EN[15:0]$1171
   575/731: $1$memwr$\level_q$/private/tmp/opencode/wt-h05-routing-rtl/rtl/alg_router.v:361$39_EN[27:0]$1170
   576/731: $1$memwr$\freq_q$/private/tmp/opencode/wt-h05-routing-rtl/rtl/alg_router.v:360$38_EN[31:0]$1169
   577/731: $1$memwr$\phase_q$/private/tmp/opencode/wt-h05-routing-rtl/rtl/alg_router.v:359$37_EN[31:0]$1168
   578/731: $1$memwr$\gaino_q$/private/tmp/opencode/wt-h05-routing-rtl/rtl/alg_router.v:362$36_EN[15:0]$1167
   579/731: $1$memwr$\level_q$/private/tmp/opencode/wt-h05-routing-rtl/rtl/alg_router.v:361$35_EN[27:0]$1166
   580/731: $1$memwr$\freq_q$/private/tmp/opencode/wt-h05-routing-rtl/rtl/alg_router.v:360$34_EN[31:0]$1165
   581/731: $1$memwr$\phase_q$/private/tmp/opencode/wt-h05-routing-rtl/rtl/alg_router.v:359$33_EN[31:0]$1164
   582/731: $1$memwr$\gaino_q$/private/tmp/opencode/wt-h05-routing-rtl/rtl/alg_router.v:584$329_EN[15:0]$1488
   583/731: $1$memwr$\gaino_q$/private/tmp/opencode/wt-h05-routing-rtl/rtl/alg_router.v:584$329_DATA[15:0]$1487
   584/731: $1$memwr$\phase_q$/private/tmp/opencode/wt-h05-routing-rtl/rtl/alg_router.v:582$328_EN[31:0]$1486
   585/731: $1$memwr$\phase_q$/private/tmp/opencode/wt-h05-routing-rtl/rtl/alg_router.v:582$328_DATA[31:0]$1485
   586/731: $1$memwr$\gaino_q$/private/tmp/opencode/wt-h05-routing-rtl/rtl/alg_router.v:579$327_EN[15:0]$1484
   587/731: $1$memwr$\gaino_q$/private/tmp/opencode/wt-h05-routing-rtl/rtl/alg_router.v:579$327_DATA[15:0]$1483
   588/731: $1$memwr$\gaino_q$/private/tmp/opencode/wt-h05-routing-rtl/rtl/alg_router.v:578$326_EN[15:0]$1482
   589/731: $1$memwr$\gaino_q$/private/tmp/opencode/wt-h05-routing-rtl/rtl/alg_router.v:578$326_DATA[15:0]$1481
   590/731: $1$memwr$\phase_q$/private/tmp/opencode/wt-h05-routing-rtl/rtl/alg_router.v:576$325_EN[31:0]$1480
   591/731: $1$memwr$\phase_q$/private/tmp/opencode/wt-h05-routing-rtl/rtl/alg_router.v:576$325_DATA[31:0]$1479
   592/731: $1$memwr$\phase_q$/private/tmp/opencode/wt-h05-routing-rtl/rtl/alg_router.v:574$324_EN[31:0]$1478
   593/731: $1$memwr$\phase_q$/private/tmp/opencode/wt-h05-routing-rtl/rtl/alg_router.v:574$324_DATA[31:0]$1477
   594/731: $1$memwr$\phase_q$/private/tmp/opencode/wt-h05-routing-rtl/rtl/alg_router.v:549$323_EN[31:0]$1476
   595/731: $1$memwr$\phase_q$/private/tmp/opencode/wt-h05-routing-rtl/rtl/alg_router.v:549$323_DATA[31:0]$1475
   596/731: $1$memwr$\phase_q$/private/tmp/opencode/wt-h05-routing-rtl/rtl/alg_router.v:549$323_ADDR[2:0]$1474
   597/731: $1$memwr$\nout_q$/private/tmp/opencode/wt-h05-routing-rtl/rtl/alg_router.v:539$322_EN[31:0]$1473
   598/731: $1$memwr$\nout_q$/private/tmp/opencode/wt-h05-routing-rtl/rtl/alg_router.v:539$322_DATA[31:0]$1472
   599/731: $1$memwr$\nout_q$/private/tmp/opencode/wt-h05-routing-rtl/rtl/alg_router.v:539$322_ADDR[5:0]$1471
   600/731: $1$memwr$\nout_q$/private/tmp/opencode/wt-h05-routing-rtl/rtl/alg_router.v:527$321_EN[31:0]$1470
   601/731: $1$memwr$\nout_q$/private/tmp/opencode/wt-h05-routing-rtl/rtl/alg_router.v:527$321_DATA[31:0]$1469
   602/731: $1$memwr$\nout_q$/private/tmp/opencode/wt-h05-routing-rtl/rtl/alg_router.v:527$321_ADDR[5:0]$1468
   603/731: $1$memwr$\bus2_q$/private/tmp/opencode/wt-h05-routing-rtl/rtl/alg_router.v:513$320_EN[31:0]$1467
   604/731: $1$memwr$\bus2_q$/private/tmp/opencode/wt-h05-routing-rtl/rtl/alg_router.v:513$320_DATA[31:0]$1466
   605/731: $1$memwr$\bus2_q$/private/tmp/opencode/wt-h05-routing-rtl/rtl/alg_router.v:513$320_ADDR[5:0]$1465
   606/731: $1$memwr$\bus1_q$/private/tmp/opencode/wt-h05-routing-rtl/rtl/alg_router.v:509$319_EN[31:0]$1464
   607/731: $1$memwr$\bus1_q$/private/tmp/opencode/wt-h05-routing-rtl/rtl/alg_router.v:509$319_DATA[31:0]$1463
   608/731: $1$memwr$\bus1_q$/private/tmp/opencode/wt-h05-routing-rtl/rtl/alg_router.v:509$319_ADDR[5:0]$1462
   609/731: $1$memwr$\nout_q$/private/tmp/opencode/wt-h05-routing-rtl/rtl/alg_router.v:505$318_EN[31:0]$1461
   610/731: $1$memwr$\nout_q$/private/tmp/opencode/wt-h05-routing-rtl/rtl/alg_router.v:505$318_DATA[31:0]$1460
   611/731: $1$memwr$\nout_q$/private/tmp/opencode/wt-h05-routing-rtl/rtl/alg_router.v:505$318_ADDR[5:0]$1459
   612/731: $1$memwr$\gaino_q$/private/tmp/opencode/wt-h05-routing-rtl/rtl/alg_router.v:423$317_EN[15:0]$1458
   613/731: $1$memwr$\gaino_q$/private/tmp/opencode/wt-h05-routing-rtl/rtl/alg_router.v:423$317_DATA[15:0]$1457
   614/731: $1$memwr$\gaino_q$/private/tmp/opencode/wt-h05-routing-rtl/rtl/alg_router.v:423$317_ADDR[2:0]$1456
   615/731: $1$memwr$\nout_q$/private/tmp/opencode/wt-h05-routing-rtl/rtl/alg_router.v:418$316_EN[31:0]$1455
   616/731: $1$memwr$\nout_q$/private/tmp/opencode/wt-h05-routing-rtl/rtl/alg_router.v:418$315_EN[31:0]$1454
   617/731: $1$memwr$\nout_q$/private/tmp/opencode/wt-h05-routing-rtl/rtl/alg_router.v:418$314_EN[31:0]$1453
   618/731: $1$memwr$\nout_q$/private/tmp/opencode/wt-h05-routing-rtl/rtl/alg_router.v:418$313_EN[31:0]$1452
   619/731: $1$memwr$\nout_q$/private/tmp/opencode/wt-h05-routing-rtl/rtl/alg_router.v:418$312_EN[31:0]$1451
   620/731: $1$memwr$\nout_q$/private/tmp/opencode/wt-h05-routing-rtl/rtl/alg_router.v:418$311_EN[31:0]$1450
   621/731: $1$memwr$\nout_q$/private/tmp/opencode/wt-h05-routing-rtl/rtl/alg_router.v:418$310_EN[31:0]$1449
   622/731: $1$memwr$\nout_q$/private/tmp/opencode/wt-h05-routing-rtl/rtl/alg_router.v:418$309_EN[31:0]$1448
   623/731: $1$memwr$\nout_q$/private/tmp/opencode/wt-h05-routing-rtl/rtl/alg_router.v:418$308_EN[31:0]$1447
   624/731: $1$memwr$\nout_q$/private/tmp/opencode/wt-h05-routing-rtl/rtl/alg_router.v:418$307_EN[31:0]$1446
   625/731: $1$memwr$\nout_q$/private/tmp/opencode/wt-h05-routing-rtl/rtl/alg_router.v:418$306_EN[31:0]$1445
   626/731: $1$memwr$\nout_q$/private/tmp/opencode/wt-h05-routing-rtl/rtl/alg_router.v:418$305_EN[31:0]$1444
   627/731: $1$memwr$\nout_q$/private/tmp/opencode/wt-h05-routing-rtl/rtl/alg_router.v:418$304_EN[31:0]$1443
   628/731: $1$memwr$\nout_q$/private/tmp/opencode/wt-h05-routing-rtl/rtl/alg_router.v:418$303_EN[31:0]$1442
   629/731: $1$memwr$\nout_q$/private/tmp/opencode/wt-h05-routing-rtl/rtl/alg_router.v:418$302_EN[31:0]$1441
   630/731: $1$memwr$\nout_q$/private/tmp/opencode/wt-h05-routing-rtl/rtl/alg_router.v:418$301_EN[31:0]$1440
   631/731: $1$memwr$\nout_q$/private/tmp/opencode/wt-h05-routing-rtl/rtl/alg_router.v:418$300_EN[31:0]$1439
   632/731: $1$memwr$\nout_q$/private/tmp/opencode/wt-h05-routing-rtl/rtl/alg_router.v:418$299_EN[31:0]$1438
   633/731: $1$memwr$\nout_q$/private/tmp/opencode/wt-h05-routing-rtl/rtl/alg_router.v:418$298_EN[31:0]$1437
   634/731: $1$memwr$\nout_q$/private/tmp/opencode/wt-h05-routing-rtl/rtl/alg_router.v:418$297_EN[31:0]$1436
   635/731: $1$memwr$\nout_q$/private/tmp/opencode/wt-h05-routing-rtl/rtl/alg_router.v:418$296_EN[31:0]$1435
   636/731: $1$memwr$\nout_q$/private/tmp/opencode/wt-h05-routing-rtl/rtl/alg_router.v:418$295_EN[31:0]$1434
   637/731: $1$memwr$\nout_q$/private/tmp/opencode/wt-h05-routing-rtl/rtl/alg_router.v:418$294_EN[31:0]$1433
   638/731: $1$memwr$\nout_q$/private/tmp/opencode/wt-h05-routing-rtl/rtl/alg_router.v:418$293_EN[31:0]$1432
   639/731: $1$memwr$\nout_q$/private/tmp/opencode/wt-h05-routing-rtl/rtl/alg_router.v:418$292_EN[31:0]$1431
   640/731: $1$memwr$\nout_q$/private/tmp/opencode/wt-h05-routing-rtl/rtl/alg_router.v:418$291_EN[31:0]$1430
   641/731: $1$memwr$\nout_q$/private/tmp/opencode/wt-h05-routing-rtl/rtl/alg_router.v:418$290_EN[31:0]$1429
   642/731: $1$memwr$\nout_q$/private/tmp/opencode/wt-h05-routing-rtl/rtl/alg_router.v:418$289_EN[31:0]$1428
   643/731: $1$memwr$\nout_q$/private/tmp/opencode/wt-h05-routing-rtl/rtl/alg_router.v:418$288_EN[31:0]$1427
   644/731: $1$memwr$\nout_q$/private/tmp/opencode/wt-h05-routing-rtl/rtl/alg_router.v:418$287_EN[31:0]$1426
   645/731: $1$memwr$\nout_q$/private/tmp/opencode/wt-h05-routing-rtl/rtl/alg_router.v:418$286_EN[31:0]$1425
   646/731: $1$memwr$\nout_q$/private/tmp/opencode/wt-h05-routing-rtl/rtl/alg_router.v:418$285_EN[31:0]$1424
   647/731: $1$memwr$\nout_q$/private/tmp/opencode/wt-h05-routing-rtl/rtl/alg_router.v:418$284_EN[31:0]$1423
   648/731: $1$memwr$\nout_q$/private/tmp/opencode/wt-h05-routing-rtl/rtl/alg_router.v:418$283_EN[31:0]$1422
   649/731: $1$memwr$\nout_q$/private/tmp/opencode/wt-h05-routing-rtl/rtl/alg_router.v:418$282_EN[31:0]$1421
   650/731: $1$memwr$\nout_q$/private/tmp/opencode/wt-h05-routing-rtl/rtl/alg_router.v:418$281_EN[31:0]$1420
   651/731: $1$memwr$\nout_q$/private/tmp/opencode/wt-h05-routing-rtl/rtl/alg_router.v:418$280_EN[31:0]$1419
   652/731: $1$memwr$\nout_q$/private/tmp/opencode/wt-h05-routing-rtl/rtl/alg_router.v:418$279_EN[31:0]$1418
   653/731: $1$memwr$\nout_q$/private/tmp/opencode/wt-h05-routing-rtl/rtl/alg_router.v:418$278_EN[31:0]$1417
   654/731: $1$memwr$\nout_q$/private/tmp/opencode/wt-h05-routing-rtl/rtl/alg_router.v:418$277_EN[31:0]$1416
   655/731: $1$memwr$\nout_q$/private/tmp/opencode/wt-h05-routing-rtl/rtl/alg_router.v:418$276_EN[31:0]$1415
   656/731: $1$memwr$\nout_q$/private/tmp/opencode/wt-h05-routing-rtl/rtl/alg_router.v:418$275_EN[31:0]$1414
   657/731: $1$memwr$\nout_q$/private/tmp/opencode/wt-h05-routing-rtl/rtl/alg_router.v:418$274_EN[31:0]$1413
   658/731: $1$memwr$\nout_q$/private/tmp/opencode/wt-h05-routing-rtl/rtl/alg_router.v:418$273_EN[31:0]$1412
   659/731: $1$memwr$\nout_q$/private/tmp/opencode/wt-h05-routing-rtl/rtl/alg_router.v:418$272_EN[31:0]$1411
   660/731: $1$memwr$\nout_q$/private/tmp/opencode/wt-h05-routing-rtl/rtl/alg_router.v:418$271_EN[31:0]$1410
   661/731: $1$memwr$\nout_q$/private/tmp/opencode/wt-h05-routing-rtl/rtl/alg_router.v:418$270_EN[31:0]$1409
   662/731: $1$memwr$\nout_q$/private/tmp/opencode/wt-h05-routing-rtl/rtl/alg_router.v:418$269_EN[31:0]$1408
   663/731: $1$memwr$\nout_q$/private/tmp/opencode/wt-h05-routing-rtl/rtl/alg_router.v:418$268_EN[31:0]$1407
   664/731: $1$memwr$\nout_q$/private/tmp/opencode/wt-h05-routing-rtl/rtl/alg_router.v:418$267_EN[31:0]$1406
   665/731: $1$memwr$\nout_q$/private/tmp/opencode/wt-h05-routing-rtl/rtl/alg_router.v:418$266_EN[31:0]$1405
   666/731: $1$memwr$\nout_q$/private/tmp/opencode/wt-h05-routing-rtl/rtl/alg_router.v:418$265_EN[31:0]$1404
   667/731: $1$memwr$\nout_q$/private/tmp/opencode/wt-h05-routing-rtl/rtl/alg_router.v:418$264_EN[31:0]$1403
   668/731: $1$memwr$\nout_q$/private/tmp/opencode/wt-h05-routing-rtl/rtl/alg_router.v:418$263_EN[31:0]$1402
   669/731: $1$memwr$\nout_q$/private/tmp/opencode/wt-h05-routing-rtl/rtl/alg_router.v:418$262_EN[31:0]$1401
   670/731: $1$memwr$\nout_q$/private/tmp/opencode/wt-h05-routing-rtl/rtl/alg_router.v:418$261_EN[31:0]$1400
   671/731: $1$memwr$\nout_q$/private/tmp/opencode/wt-h05-routing-rtl/rtl/alg_router.v:418$260_EN[31:0]$1399
   672/731: $1$memwr$\nout_q$/private/tmp/opencode/wt-h05-routing-rtl/rtl/alg_router.v:418$259_EN[31:0]$1398
   673/731: $1$memwr$\nout_q$/private/tmp/opencode/wt-h05-routing-rtl/rtl/alg_router.v:418$258_EN[31:0]$1397
   674/731: $1$memwr$\nout_q$/private/tmp/opencode/wt-h05-routing-rtl/rtl/alg_router.v:418$257_EN[31:0]$1396
   675/731: $1$memwr$\nout_q$/private/tmp/opencode/wt-h05-routing-rtl/rtl/alg_router.v:418$256_EN[31:0]$1395
   676/731: $1$memwr$\nout_q$/private/tmp/opencode/wt-h05-routing-rtl/rtl/alg_router.v:418$255_EN[31:0]$1394
   677/731: $1$memwr$\nout_q$/private/tmp/opencode/wt-h05-routing-rtl/rtl/alg_router.v:418$254_EN[31:0]$1393
   678/731: $1$memwr$\nout_q$/private/tmp/opencode/wt-h05-routing-rtl/rtl/alg_router.v:418$253_EN[31:0]$1392
   679/731: $1$memwr$\gaino_q$/private/tmp/opencode/wt-h05-routing-rtl/rtl/alg_router.v:407$252_EN[15:0]$1391
   680/731: $1$memwr$\gaino_q$/private/tmp/opencode/wt-h05-routing-rtl/rtl/alg_router.v:407$252_DATA[15:0]$1390
   681/731: $1$memwr$\gaino_q$/private/tmp/opencode/wt-h05-routing-rtl/rtl/alg_router.v:407$252_ADDR[2:0]$1389
   682/731: $1$memwr$\level_q$/private/tmp/opencode/wt-h05-routing-rtl/rtl/alg_router.v:406$251_EN[27:0]$1388
   683/731: $1$memwr$\level_q$/private/tmp/opencode/wt-h05-routing-rtl/rtl/alg_router.v:406$251_DATA[27:0]$1387
   684/731: $1$memwr$\level_q$/private/tmp/opencode/wt-h05-routing-rtl/rtl/alg_router.v:406$251_ADDR[2:0]$1386
   685/731: $1$memwr$\freq_q$/private/tmp/opencode/wt-h05-routing-rtl/rtl/alg_router.v:405$250_EN[31:0]$1385
   686/731: $1$memwr$\freq_q$/private/tmp/opencode/wt-h05-routing-rtl/rtl/alg_router.v:405$250_DATA[31:0]$1384
   687/731: $1$memwr$\freq_q$/private/tmp/opencode/wt-h05-routing-rtl/rtl/alg_router.v:405$250_ADDR[2:0]$1383
   688/731: $1$memwr$\phase_q$/private/tmp/opencode/wt-h05-routing-rtl/rtl/alg_router.v:404$249_EN[31:0]$1382
   689/731: $1$memwr$\phase_q$/private/tmp/opencode/wt-h05-routing-rtl/rtl/alg_router.v:404$249_DATA[31:0]$1381
   690/731: $1$memwr$\phase_q$/private/tmp/opencode/wt-h05-routing-rtl/rtl/alg_router.v:404$249_ADDR[2:0]$1380
   691/731: $1\pm$func$/private/tmp/opencode/wt-h05-routing-rtl/rtl/alg_router.v:407$11.k[2:0]$1163
   692/731: $1\pm$func$/private/tmp/opencode/wt-h05-routing-rtl/rtl/alg_router.v:407$11.$result[2:0]$1162
   693/731: $1\pm$func$/private/tmp/opencode/wt-h05-routing-rtl/rtl/alg_router.v:406$10.k[2:0]$1161
   694/731: $1\pm$func$/private/tmp/opencode/wt-h05-routing-rtl/rtl/alg_router.v:406$10.$result[2:0]$1160
   695/731: $1\pm$func$/private/tmp/opencode/wt-h05-routing-rtl/rtl/alg_router.v:405$9.k[2:0]$1159
   696/731: $1\pm$func$/private/tmp/opencode/wt-h05-routing-rtl/rtl/alg_router.v:405$9.$result[2:0]$1158
   697/731: $1\pm$func$/private/tmp/opencode/wt-h05-routing-rtl/rtl/alg_router.v:404$8.k[2:0]$1157
   698/731: $1\pm$func$/private/tmp/opencode/wt-h05-routing-rtl/rtl/alg_router.v:404$8.$result[2:0]$1156
   699/731: $0\og2_q[14:0]
   700/731: $0\og1_q[14:0]
   701/731: $0\eff_shift_q[4:0]
   702/731: $0\add_eff_q[0:0]
   703/731: $0\bus_form_q[0:0]
   704/731: $0\outbus_q[1:0]
   705/731: $0\inbus_q[1:0]
   706/731: $0\ser3_q[0:0]
   707/731: $0\ser2_q[0:0]
   708/731: $0\fb_form_q[0:0]
   709/731: $0\state_q[2:0]
   710/731: $0\i_q[6:0]
   711/731: $0\op_q[2:0]
   712/731: $0\y_mid2[31:0]
   713/731: $0\y_mid1[31:0]
   714/731: $0\dg2_w[15:0]
   715/731: $0\dg1_w[15:0]
   716/731: $0\g2_w[15:0]
   717/731: $0\g1_w[15:0]
   718/731: $0\w_dgain_q[9:0]
   719/731: $0\w_gain[16:0]
   720/731: $0\s_ph2[31:0]
   721/731: $0\s_ph1[31:0]
   722/731: $0\w_ph[31:0]
   723/731: $0\y1_w[31:0]
   724/731: $0\y0_w[31:0]
   725/731: $0\hc2_q[0:0]
   726/731: $0\hc1_q[0:0]
   727/731: $0\hc0_q[0:0]
   728/731: $0\fb1_q[31:0]
   729/731: $0\fb0_q[31:0]
   730/731: $0\fbshift_q[4:0]
   731/731: $0\alg_q[4:0]
Creating decoders for process `\alg_router.$proc$/private/tmp/opencode/wt-h05-routing-rtl/rtl/alg_router.v:310$813'.
     1/5: $5\rd_data_r[31:0]
     2/5: $4\rd_data_r[31:0]
     3/5: $3\rd_data_r[31:0]
     4/5: $2\rd_data_r[31:0]
     5/5: $1\rd_data_r[31:0]
Creating decoders for process `\alg_router.$proc$/private/tmp/opencode/wt-h05-routing-rtl/rtl/alg_router.v:291$427'.

3.2.8. Executing PROC_DLATCH pass (convert process syncs to latches).
No latch inferred for signal `\alg_router.$mem2bits$\level_q$/private/tmp/opencode/wt-h05-routing-rtl/rtl/alg_router.v:243$32' from process `\alg_router.$proc$/private/tmp/opencode/wt-h05-routing-rtl/rtl/alg_router.v:243$2063'.
No latch inferred for signal `\alg_router.$mem2bits$\level_q$/private/tmp/opencode/wt-h05-routing-rtl/rtl/alg_router.v:242$31' from process `\alg_router.$proc$/private/tmp/opencode/wt-h05-routing-rtl/rtl/alg_router.v:242$2060'.
No latch inferred for signal `\alg_router.$mem2bits$\level_q$/private/tmp/opencode/wt-h05-routing-rtl/rtl/alg_router.v:221$30' from process `\alg_router.$proc$/private/tmp/opencode/wt-h05-routing-rtl/rtl/alg_router.v:221$2057'.
No latch inferred for signal `\alg_router.\pm$func$/private/tmp/opencode/wt-h05-routing-rtl/rtl/alg_router.v:214$5.$result' from process `\alg_router.$proc$/private/tmp/opencode/wt-h05-routing-rtl/rtl/alg_router.v:214$2053'.
No latch inferred for signal `\alg_router.\rd_data_r' from process `\alg_router.$proc$/private/tmp/opencode/wt-h05-routing-rtl/rtl/alg_router.v:310$813'.
No latch inferred for signal `\alg_router.\b' from process `\alg_router.$proc$/private/tmp/opencode/wt-h05-routing-rtl/rtl/alg_router.v:291$427'.
No latch inferred for signal `\alg_router.\bus1_obs' from process `\alg_router.$proc$/private/tmp/opencode/wt-h05-routing-rtl/rtl/alg_router.v:291$427'.
No latch inferred for signal `\alg_router.\bus2_obs' from process `\alg_router.$proc$/private/tmp/opencode/wt-h05-routing-rtl/rtl/alg_router.v:291$427'.
No latch inferred for signal `\alg_router.\nout_obs' from process `\alg_router.$proc$/private/tmp/opencode/wt-h05-routing-rtl/rtl/alg_router.v:291$427'.

3.2.9. Executing PROC_DFF pass (convert process syncs to FFs).
Creating register for signal `\alg_router.\alg_q' using process `\alg_router.$proc$/private/tmp/opencode/wt-h05-routing-rtl/rtl/alg_router.v:354$822'.
  created $dff cell `$procdff$7772' with positive edge clock.
Creating register for signal `\alg_router.\fbshift_q' using process `\alg_router.$proc$/private/tmp/opencode/wt-h05-routing-rtl/rtl/alg_router.v:354$822'.
  created $dff cell `$procdff$7773' with positive edge clock.
Creating register for signal `\alg_router.\fb0_q' using process `\alg_router.$proc$/private/tmp/opencode/wt-h05-routing-rtl/rtl/alg_router.v:354$822'.
  created $dff cell `$procdff$7774' with positive edge clock.
Creating register for signal `\alg_router.\fb1_q' using process `\alg_router.$proc$/private/tmp/opencode/wt-h05-routing-rtl/rtl/alg_router.v:354$822'.
  created $dff cell `$procdff$7775' with positive edge clock.
Creating register for signal `\alg_router.\hc0_q' using process `\alg_router.$proc$/private/tmp/opencode/wt-h05-routing-rtl/rtl/alg_router.v:354$822'.
  created $dff cell `$procdff$7776' with positive edge clock.
Creating register for signal `\alg_router.\hc1_q' using process `\alg_router.$proc$/private/tmp/opencode/wt-h05-routing-rtl/rtl/alg_router.v:354$822'.
  created $dff cell `$procdff$7777' with positive edge clock.
Creating register for signal `\alg_router.\hc2_q' using process `\alg_router.$proc$/private/tmp/opencode/wt-h05-routing-rtl/rtl/alg_router.v:354$822'.
  created $dff cell `$procdff$7778' with positive edge clock.
Creating register for signal `\alg_router.\y0_w' using process `\alg_router.$proc$/private/tmp/opencode/wt-h05-routing-rtl/rtl/alg_router.v:354$822'.
  created $dff cell `$procdff$7779' with positive edge clock.
Creating register for signal `\alg_router.\y1_w' using process `\alg_router.$proc$/private/tmp/opencode/wt-h05-routing-rtl/rtl/alg_router.v:354$822'.
  created $dff cell `$procdff$7780' with positive edge clock.
Creating register for signal `\alg_router.\w_ph' using process `\alg_router.$proc$/private/tmp/opencode/wt-h05-routing-rtl/rtl/alg_router.v:354$822'.
  created $dff cell `$procdff$7781' with positive edge clock.
Creating register for signal `\alg_router.\s_ph1' using process `\alg_router.$proc$/private/tmp/opencode/wt-h05-routing-rtl/rtl/alg_router.v:354$822'.
  created $dff cell `$procdff$7782' with positive edge clock.
Creating register for signal `\alg_router.\s_ph2' using process `\alg_router.$proc$/private/tmp/opencode/wt-h05-routing-rtl/rtl/alg_router.v:354$822'.
  created $dff cell `$procdff$7783' with positive edge clock.
Creating register for signal `\alg_router.\w_gain' using process `\alg_router.$proc$/private/tmp/opencode/wt-h05-routing-rtl/rtl/alg_router.v:354$822'.
  created $dff cell `$procdff$7784' with positive edge clock.
Creating register for signal `\alg_router.\w_dgain_q' using process `\alg_router.$proc$/private/tmp/opencode/wt-h05-routing-rtl/rtl/alg_router.v:354$822'.
  created $dff cell `$procdff$7785' with positive edge clock.
Creating register for signal `\alg_router.\g1_w' using process `\alg_router.$proc$/private/tmp/opencode/wt-h05-routing-rtl/rtl/alg_router.v:354$822'.
  created $dff cell `$procdff$7786' with positive edge clock.
Creating register for signal `\alg_router.\g2_w' using process `\alg_router.$proc$/private/tmp/opencode/wt-h05-routing-rtl/rtl/alg_router.v:354$822'.
  created $dff cell `$procdff$7787' with positive edge clock.
Creating register for signal `\alg_router.\dg1_w' using process `\alg_router.$proc$/private/tmp/opencode/wt-h05-routing-rtl/rtl/alg_router.v:354$822'.
  created $dff cell `$procdff$7788' with positive edge clock.
Creating register for signal `\alg_router.\dg2_w' using process `\alg_router.$proc$/private/tmp/opencode/wt-h05-routing-rtl/rtl/alg_router.v:354$822'.
  created $dff cell `$procdff$7789' with positive edge clock.
Creating register for signal `\alg_router.\y_mid1' using process `\alg_router.$proc$/private/tmp/opencode/wt-h05-routing-rtl/rtl/alg_router.v:354$822'.
  created $dff cell `$procdff$7790' with positive edge clock.
Creating register for signal `\alg_router.\y_mid2' using process `\alg_router.$proc$/private/tmp/opencode/wt-h05-routing-rtl/rtl/alg_router.v:354$822'.
  created $dff cell `$procdff$7791' with positive edge clock.
Creating register for signal `\alg_router.\op_q' using process `\alg_router.$proc$/private/tmp/opencode/wt-h05-routing-rtl/rtl/alg_router.v:354$822'.
  created $dff cell `$procdff$7792' with positive edge clock.
Creating register for signal `\alg_router.\i_q' using process `\alg_router.$proc$/private/tmp/opencode/wt-h05-routing-rtl/rtl/alg_router.v:354$822'.
  created $dff cell `$procdff$7793' with positive edge clock.
Creating register for signal `\alg_router.\state_q' using process `\alg_router.$proc$/private/tmp/opencode/wt-h05-routing-rtl/rtl/alg_router.v:354$822'.
  created $dff cell `$procdff$7794' with positive edge clock.
Creating register for signal `\alg_router.\fb_form_q' using process `\alg_router.$proc$/private/tmp/opencode/wt-h05-routing-rtl/rtl/alg_router.v:354$822'.
  created $dff cell `$procdff$7795' with positive edge clock.
Creating register for signal `\alg_router.\ser2_q' using process `\alg_router.$proc$/private/tmp/opencode/wt-h05-routing-rtl/rtl/alg_router.v:354$822'.
  created $dff cell `$procdff$7796' with positive edge clock.
Creating register for signal `\alg_router.\ser3_q' using process `\alg_router.$proc$/private/tmp/opencode/wt-h05-routing-rtl/rtl/alg_router.v:354$822'.
  created $dff cell `$procdff$7797' with positive edge clock.
Creating register for signal `\alg_router.\inbus_q' using process `\alg_router.$proc$/private/tmp/opencode/wt-h05-routing-rtl/rtl/alg_router.v:354$822'.
  created $dff cell `$procdff$7798' with positive edge clock.
Creating register for signal `\alg_router.\outbus_q' using process `\alg_router.$proc$/private/tmp/opencode/wt-h05-routing-rtl/rtl/alg_router.v:354$822'.
  created $dff cell `$procdff$7799' with positive edge clock.
Creating register for signal `\alg_router.\bus_form_q' using process `\alg_router.$proc$/private/tmp/opencode/wt-h05-routing-rtl/rtl/alg_router.v:354$822'.
  created $dff cell `$procdff$7800' with positive edge clock.
Creating register for signal `\alg_router.\add_eff_q' using process `\alg_router.$proc$/private/tmp/opencode/wt-h05-routing-rtl/rtl/alg_router.v:354$822'.
  created $dff cell `$procdff$7801' with positive edge clock.
Creating register for signal `\alg_router.\eff_shift_q' using process `\alg_router.$proc$/private/tmp/opencode/wt-h05-routing-rtl/rtl/alg_router.v:354$822'.
  created $dff cell `$procdff$7802' with positive edge clock.
Creating register for signal `\alg_router.\og1_q' using process `\alg_router.$proc$/private/tmp/opencode/wt-h05-routing-rtl/rtl/alg_router.v:354$822'.
  created $dff cell `$procdff$7803' with positive edge clock.
Creating register for signal `\alg_router.\og2_q' using process `\alg_router.$proc$/private/tmp/opencode/wt-h05-routing-rtl/rtl/alg_router.v:354$822'.
  created $dff cell `$procdff$7804' with positive edge clock.
Creating register for signal `\alg_router.\obs_q' using process `\alg_router.$proc$/private/tmp/opencode/wt-h05-routing-rtl/rtl/alg_router.v:354$822'.
  created $dff cell `$procdff$7805' with positive edge clock.
Creating register for signal `\alg_router.\k' using process `\alg_router.$proc$/private/tmp/opencode/wt-h05-routing-rtl/rtl/alg_router.v:354$822'.
  created $dff cell `$procdff$7806' with positive edge clock.
Creating register for signal `\alg_router.\pm$func$/private/tmp/opencode/wt-h05-routing-rtl/rtl/alg_router.v:404$8.$result' using process `\alg_router.$proc$/private/tmp/opencode/wt-h05-routing-rtl/rtl/alg_router.v:354$822'.
  created $dff cell `$procdff$7807' with positive edge clock.
Creating register for signal `\alg_router.\pm$func$/private/tmp/opencode/wt-h05-routing-rtl/rtl/alg_router.v:404$8.k' using process `\alg_router.$proc$/private/tmp/opencode/wt-h05-routing-rtl/rtl/alg_router.v:354$822'.
  created $dff cell `$procdff$7808' with positive edge clock.
Creating register for signal `\alg_router.\pm$func$/private/tmp/opencode/wt-h05-routing-rtl/rtl/alg_router.v:405$9.$result' using process `\alg_router.$proc$/private/tmp/opencode/wt-h05-routing-rtl/rtl/alg_router.v:354$822'.
  created $dff cell `$procdff$7809' with positive edge clock.
Creating register for signal `\alg_router.\pm$func$/private/tmp/opencode/wt-h05-routing-rtl/rtl/alg_router.v:405$9.k' using process `\alg_router.$proc$/private/tmp/opencode/wt-h05-routing-rtl/rtl/alg_router.v:354$822'.
  created $dff cell `$procdff$7810' with positive edge clock.
Creating register for signal `\alg_router.\pm$func$/private/tmp/opencode/wt-h05-routing-rtl/rtl/alg_router.v:406$10.$result' using process `\alg_router.$proc$/private/tmp/opencode/wt-h05-routing-rtl/rtl/alg_router.v:354$822'.
  created $dff cell `$procdff$7811' with positive edge clock.
Creating register for signal `\alg_router.\pm$func$/private/tmp/opencode/wt-h05-routing-rtl/rtl/alg_router.v:406$10.k' using process `\alg_router.$proc$/private/tmp/opencode/wt-h05-routing-rtl/rtl/alg_router.v:354$822'.
  created $dff cell `$procdff$7812' with positive edge clock.
Creating register for signal `\alg_router.\pm$func$/private/tmp/opencode/wt-h05-routing-rtl/rtl/alg_router.v:407$11.$result' using process `\alg_router.$proc$/private/tmp/opencode/wt-h05-routing-rtl/rtl/alg_router.v:354$822'.
  created $dff cell `$procdff$7813' with positive edge clock.
Creating register for signal `\alg_router.\pm$func$/private/tmp/opencode/wt-h05-routing-rtl/rtl/alg_router.v:407$11.k' using process `\alg_router.$proc$/private/tmp/opencode/wt-h05-routing-rtl/rtl/alg_router.v:354$822'.
  created $dff cell `$procdff$7814' with positive edge clock.
Creating register for signal `\alg_router.$memwr$\phase_q$/private/tmp/opencode/wt-h05-routing-rtl/rtl/alg_router.v:359$33_EN' using process `\alg_router.$proc$/private/tmp/opencode/wt-h05-routing-rtl/rtl/alg_router.v:354$822'.
  created $dff cell `$procdff$7815' with positive edge clock.
Creating register for signal `\alg_router.$memwr$\freq_q$/private/tmp/opencode/wt-h05-routing-rtl/rtl/alg_router.v:360$34_EN' using process `\alg_router.$proc$/private/tmp/opencode/wt-h05-routing-rtl/rtl/alg_router.v:354$822'.
  created $dff cell `$procdff$7816' with positive edge clock.
Creating register for signal `\alg_router.$memwr$\level_q$/private/tmp/opencode/wt-h05-routing-rtl/rtl/alg_router.v:361$35_EN' using process `\alg_router.$proc$/private/tmp/opencode/wt-h05-routing-rtl/rtl/alg_router.v:354$822'.
  created $dff cell `$procdff$7817' with positive edge clock.
Creating register for signal `\alg_router.$memwr$\gaino_q$/private/tmp/opencode/wt-h05-routing-rtl/rtl/alg_router.v:362$36_EN' using process `\alg_router.$proc$/private/tmp/opencode/wt-h05-routing-rtl/rtl/alg_router.v:354$822'.
  created $dff cell `$procdff$7818' with positive edge clock.
Creating register for signal `\alg_router.$memwr$\phase_q$/private/tmp/opencode/wt-h05-routing-rtl/rtl/alg_router.v:359$37_EN' using process `\alg_router.$proc$/private/tmp/opencode/wt-h05-routing-rtl/rtl/alg_router.v:354$822'.
  created $dff cell `$procdff$7819' with positive edge clock.
Creating register for signal `\alg_router.$memwr$\freq_q$/private/tmp/opencode/wt-h05-routing-rtl/rtl/alg_router.v:360$38_EN' using process `\alg_router.$proc$/private/tmp/opencode/wt-h05-routing-rtl/rtl/alg_router.v:354$822'.
  created $dff cell `$procdff$7820' with positive edge clock.
Creating register for signal `\alg_router.$memwr$\level_q$/private/tmp/opencode/wt-h05-routing-rtl/rtl/alg_router.v:361$39_EN' using process `\alg_router.$proc$/private/tmp/opencode/wt-h05-routing-rtl/rtl/alg_router.v:354$822'.
  created $dff cell `$procdff$7821' with positive edge clock.
Creating register for signal `\alg_router.$memwr$\gaino_q$/private/tmp/opencode/wt-h05-routing-rtl/rtl/alg_router.v:362$40_EN' using process `\alg_router.$proc$/private/tmp/opencode/wt-h05-routing-rtl/rtl/alg_router.v:354$822'.
  created $dff cell `$procdff$7822' with positive edge clock.
Creating register for signal `\alg_router.$memwr$\phase_q$/private/tmp/opencode/wt-h05-routing-rtl/rtl/alg_router.v:359$41_EN' using process `\alg_router.$proc$/private/tmp/opencode/wt-h05-routing-rtl/rtl/alg_router.v:354$822'.
  created $dff cell `$procdff$7823' with positive edge clock.
Creating register for signal `\alg_router.$memwr$\freq_q$/private/tmp/opencode/wt-h05-routing-rtl/rtl/alg_router.v:360$42_EN' using process `\alg_router.$proc$/private/tmp/opencode/wt-h05-routing-rtl/rtl/alg_router.v:354$822'.
  created $dff cell `$procdff$7824' with positive edge clock.
Creating register for signal `\alg_router.$memwr$\level_q$/private/tmp/opencode/wt-h05-routing-rtl/rtl/alg_router.v:361$43_EN' using process `\alg_router.$proc$/private/tmp/opencode/wt-h05-routing-rtl/rtl/alg_router.v:354$822'.
  created $dff cell `$procdff$7825' with positive edge clock.
Creating register for signal `\alg_router.$memwr$\gaino_q$/private/tmp/opencode/wt-h05-routing-rtl/rtl/alg_router.v:362$44_EN' using process `\alg_router.$proc$/private/tmp/opencode/wt-h05-routing-rtl/rtl/alg_router.v:354$822'.
  created $dff cell `$procdff$7826' with positive edge clock.
Creating register for signal `\alg_router.$memwr$\phase_q$/private/tmp/opencode/wt-h05-routing-rtl/rtl/alg_router.v:359$45_EN' using process `\alg_router.$proc$/private/tmp/opencode/wt-h05-routing-rtl/rtl/alg_router.v:354$822'.
  created $dff cell `$procdff$7827' with positive edge clock.
Creating register for signal `\alg_router.$memwr$\freq_q$/private/tmp/opencode/wt-h05-routing-rtl/rtl/alg_router.v:360$46_EN' using process `\alg_router.$proc$/private/tmp/opencode/wt-h05-routing-rtl/rtl/alg_router.v:354$822'.
  created $dff cell `$procdff$7828' with positive edge clock.
Creating register for signal `\alg_router.$memwr$\level_q$/private/tmp/opencode/wt-h05-routing-rtl/rtl/alg_router.v:361$47_EN' using process `\alg_router.$proc$/private/tmp/opencode/wt-h05-routing-rtl/rtl/alg_router.v:354$822'.
  created $dff cell `$procdff$7829' with positive edge clock.
Creating register for signal `\alg_router.$memwr$\gaino_q$/private/tmp/opencode/wt-h05-routing-rtl/rtl/alg_router.v:362$48_EN' using process `\alg_router.$proc$/private/tmp/opencode/wt-h05-routing-rtl/rtl/alg_router.v:354$822'.
  created $dff cell `$procdff$7830' with positive edge clock.
Creating register for signal `\alg_router.$memwr$\phase_q$/private/tmp/opencode/wt-h05-routing-rtl/rtl/alg_router.v:359$49_EN' using process `\alg_router.$proc$/private/tmp/opencode/wt-h05-routing-rtl/rtl/alg_router.v:354$822'.
  created $dff cell `$procdff$7831' with positive edge clock.
Creating register for signal `\alg_router.$memwr$\freq_q$/private/tmp/opencode/wt-h05-routing-rtl/rtl/alg_router.v:360$50_EN' using process `\alg_router.$proc$/private/tmp/opencode/wt-h05-routing-rtl/rtl/alg_router.v:354$822'.
  created $dff cell `$procdff$7832' with positive edge clock.
Creating register for signal `\alg_router.$memwr$\level_q$/private/tmp/opencode/wt-h05-routing-rtl/rtl/alg_router.v:361$51_EN' using process `\alg_router.$proc$/private/tmp/opencode/wt-h05-routing-rtl/rtl/alg_router.v:354$822'.
  created $dff cell `$procdff$7833' with positive edge clock.
Creating register for signal `\alg_router.$memwr$\gaino_q$/private/tmp/opencode/wt-h05-routing-rtl/rtl/alg_router.v:362$52_EN' using process `\alg_router.$proc$/private/tmp/opencode/wt-h05-routing-rtl/rtl/alg_router.v:354$822'.
  created $dff cell `$procdff$7834' with positive edge clock.
Creating register for signal `\alg_router.$memwr$\phase_q$/private/tmp/opencode/wt-h05-routing-rtl/rtl/alg_router.v:359$53_EN' using process `\alg_router.$proc$/private/tmp/opencode/wt-h05-routing-rtl/rtl/alg_router.v:354$822'.
  created $dff cell `$procdff$7835' with positive edge clock.
Creating register for signal `\alg_router.$memwr$\freq_q$/private/tmp/opencode/wt-h05-routing-rtl/rtl/alg_router.v:360$54_EN' using process `\alg_router.$proc$/private/tmp/opencode/wt-h05-routing-rtl/rtl/alg_router.v:354$822'.
  created $dff cell `$procdff$7836' with positive edge clock.
Creating register for signal `\alg_router.$memwr$\level_q$/private/tmp/opencode/wt-h05-routing-rtl/rtl/alg_router.v:361$55_EN' using process `\alg_router.$proc$/private/tmp/opencode/wt-h05-routing-rtl/rtl/alg_router.v:354$822'.
  created $dff cell `$procdff$7837' with positive edge clock.
Creating register for signal `\alg_router.$memwr$\gaino_q$/private/tmp/opencode/wt-h05-routing-rtl/rtl/alg_router.v:362$56_EN' using process `\alg_router.$proc$/private/tmp/opencode/wt-h05-routing-rtl/rtl/alg_router.v:354$822'.
  created $dff cell `$procdff$7838' with positive edge clock.
Creating register for signal `\alg_router.$memwr$\bus1_q$/private/tmp/opencode/wt-h05-routing-rtl/rtl/alg_router.v:365$57_EN' using process `\alg_router.$proc$/private/tmp/opencode/wt-h05-routing-rtl/rtl/alg_router.v:354$822'.
  created $dff cell `$procdff$7839' with positive edge clock.
Creating register for signal `\alg_router.$memwr$\bus2_q$/private/tmp/opencode/wt-h05-routing-rtl/rtl/alg_router.v:366$58_EN' using process `\alg_router.$proc$/private/tmp/opencode/wt-h05-routing-rtl/rtl/alg_router.v:354$822'.
  created $dff cell `$procdff$7840' with positive edge clock.
Creating register for signal `\alg_router.$memwr$\nout_q$/private/tmp/opencode/wt-h05-routing-rtl/rtl/alg_router.v:367$59_EN' using process `\alg_router.$proc$/private/tmp/opencode/wt-h05-routing-rtl/rtl/alg_router.v:354$822'.
  created $dff cell `$procdff$7841' with positive edge clock.
Creating register for signal `\alg_router.$memwr$\bus1_q$/private/tmp/opencode/wt-h05-routing-rtl/rtl/alg_router.v:365$60_EN' using process `\alg_router.$proc$/private/tmp/opencode/wt-h05-routing-rtl/rtl/alg_router.v:354$822'.
  created $dff cell `$procdff$7842' with positive edge clock.
Creating register for signal `\alg_router.$memwr$\bus2_q$/private/tmp/opencode/wt-h05-routing-rtl/rtl/alg_router.v:366$61_EN' using process `\alg_router.$proc$/private/tmp/opencode/wt-h05-routing-rtl/rtl/alg_router.v:354$822'.
  created $dff cell `$procdff$7843' with positive edge clock.
Creating register for signal `\alg_router.$memwr$\nout_q$/private/tmp/opencode/wt-h05-routing-rtl/rtl/alg_router.v:367$62_EN' using process `\alg_router.$proc$/private/tmp/opencode/wt-h05-routing-rtl/rtl/alg_router.v:354$822'.
  created $dff cell `$procdff$7844' with positive edge clock.
Creating register for signal `\alg_router.$memwr$\bus1_q$/private/tmp/opencode/wt-h05-routing-rtl/rtl/alg_router.v:365$63_EN' using process `\alg_router.$proc$/private/tmp/opencode/wt-h05-routing-rtl/rtl/alg_router.v:354$822'.
  created $dff cell `$procdff$7845' with positive edge clock.
Creating register for signal `\alg_router.$memwr$\bus2_q$/private/tmp/opencode/wt-h05-routing-rtl/rtl/alg_router.v:366$64_EN' using process `\alg_router.$proc$/private/tmp/opencode/wt-h05-routing-rtl/rtl/alg_router.v:354$822'.
  created $dff cell `$procdff$7846' with positive edge clock.
Creating register for signal `\alg_router.$memwr$\nout_q$/private/tmp/opencode/wt-h05-routing-rtl/rtl/alg_router.v:367$65_EN' using process `\alg_router.$proc$/private/tmp/opencode/wt-h05-routing-rtl/rtl/alg_router.v:354$822'.
  created $dff cell `$procdff$7847' with positive edge clock.
Creating register for signal `\alg_router.$memwr$\bus1_q$/private/tmp/opencode/wt-h05-routing-rtl/rtl/alg_router.v:365$66_EN' using process `\alg_router.$proc$/private/tmp/opencode/wt-h05-routing-rtl/rtl/alg_router.v:354$822'.
  created $dff cell `$procdff$7848' with positive edge clock.
Creating register for signal `\alg_router.$memwr$\bus2_q$/private/tmp/opencode/wt-h05-routing-rtl/rtl/alg_router.v:366$67_EN' using process `\alg_router.$proc$/private/tmp/opencode/wt-h05-routing-rtl/rtl/alg_router.v:354$822'.
  created $dff cell `$procdff$7849' with positive edge clock.
Creating register for signal `\alg_router.$memwr$\nout_q$/private/tmp/opencode/wt-h05-routing-rtl/rtl/alg_router.v:367$68_EN' using process `\alg_router.$proc$/private/tmp/opencode/wt-h05-routing-rtl/rtl/alg_router.v:354$822'.
  created $dff cell `$procdff$7850' with positive edge clock.
Creating register for signal `\alg_router.$memwr$\bus1_q$/private/tmp/opencode/wt-h05-routing-rtl/rtl/alg_router.v:365$69_EN' using process `\alg_router.$proc$/private/tmp/opencode/wt-h05-routing-rtl/rtl/alg_router.v:354$822'.
  created $dff cell `$procdff$7851' with positive edge clock.
Creating register for signal `\alg_router.$memwr$\bus2_q$/private/tmp/opencode/wt-h05-routing-rtl/rtl/alg_router.v:366$70_EN' using process `\alg_router.$proc$/private/tmp/opencode/wt-h05-routing-rtl/rtl/alg_router.v:354$822'.
  created $dff cell `$procdff$7852' with positive edge clock.
Creating register for signal `\alg_router.$memwr$\nout_q$/private/tmp/opencode/wt-h05-routing-rtl/rtl/alg_router.v:367$71_EN' using process `\alg_router.$proc$/private/tmp/opencode/wt-h05-routing-rtl/rtl/alg_router.v:354$822'.
  created $dff cell `$procdff$7853' with positive edge clock.
Creating register for signal `\alg_router.$memwr$\bus1_q$/private/tmp/opencode/wt-h05-routing-rtl/rtl/alg_router.v:365$72_EN' using process `\alg_router.$proc$/private/tmp/opencode/wt-h05-routing-rtl/rtl/alg_router.v:354$822'.
  created $dff cell `$procdff$7854' with positive edge clock.
Creating register for signal `\alg_router.$memwr$\bus2_q$/private/tmp/opencode/wt-h05-routing-rtl/rtl/alg_router.v:366$73_EN' using process `\alg_router.$proc$/private/tmp/opencode/wt-h05-routing-rtl/rtl/alg_router.v:354$822'.
  created $dff cell `$procdff$7855' with positive edge clock.
Creating register for signal `\alg_router.$memwr$\nout_q$/private/tmp/opencode/wt-h05-routing-rtl/rtl/alg_router.v:367$74_EN' using process `\alg_router.$proc$/private/tmp/opencode/wt-h05-routing-rtl/rtl/alg_router.v:354$822'.
  created $dff cell `$procdff$7856' with positive edge clock.
Creating register for signal `\alg_router.$memwr$\bus1_q$/private/tmp/opencode/wt-h05-routing-rtl/rtl/alg_router.v:365$75_EN' using process `\alg_router.$proc$/private/tmp/opencode/wt-h05-routing-rtl/rtl/alg_router.v:354$822'.
  created $dff cell `$procdff$7857' with positive edge clock.
Creating register for signal `\alg_router.$memwr$\bus2_q$/private/tmp/opencode/wt-h05-routing-rtl/rtl/alg_router.v:366$76_EN' using process `\alg_router.$proc$/private/tmp/opencode/wt-h05-routing-rtl/rtl/alg_router.v:354$822'.
  created $dff cell `$procdff$7858' with positive edge clock.
Creating register for signal `\alg_router.$memwr$\nout_q$/private/tmp/opencode/wt-h05-routing-rtl/rtl/alg_router.v:367$77_EN' using process `\alg_router.$proc$/private/tmp/opencode/wt-h05-routing-rtl/rtl/alg_router.v:354$822'.
  created $dff cell `$procdff$7859' with positive edge clock.
Creating register for signal `\alg_router.$memwr$\bus1_q$/private/tmp/opencode/wt-h05-routing-rtl/rtl/alg_router.v:365$78_EN' using process `\alg_router.$proc$/private/tmp/opencode/wt-h05-routing-rtl/rtl/alg_router.v:354$822'.
  created $dff cell `$procdff$7860' with positive edge clock.
Creating register for signal `\alg_router.$memwr$\bus2_q$/private/tmp/opencode/wt-h05-routing-rtl/rtl/alg_router.v:366$79_EN' using process `\alg_router.$proc$/private/tmp/opencode/wt-h05-routing-rtl/rtl/alg_router.v:354$822'.
  created $dff cell `$procdff$7861' with positive edge clock.
Creating register for signal `\alg_router.$memwr$\nout_q$/private/tmp/opencode/wt-h05-routing-rtl/rtl/alg_router.v:367$80_EN' using process `\alg_router.$proc$/private/tmp/opencode/wt-h05-routing-rtl/rtl/alg_router.v:354$822'.
  created $dff cell `$procdff$7862' with positive edge clock.
Creating register for signal `\alg_router.$memwr$\bus1_q$/private/tmp/opencode/wt-h05-routing-rtl/rtl/alg_router.v:365$81_EN' using process `\alg_router.$proc$/private/tmp/opencode/wt-h05-routing-rtl/rtl/alg_router.v:354$822'.
  created $dff cell `$procdff$7863' with positive edge clock.
Creating register for signal `\alg_router.$memwr$\bus2_q$/private/tmp/opencode/wt-h05-routing-rtl/rtl/alg_router.v:366$82_EN' using process `\alg_router.$proc$/private/tmp/opencode/wt-h05-routing-rtl/rtl/alg_router.v:354$822'.
  created $dff cell `$procdff$7864' with positive edge clock.
Creating register for signal `\alg_router.$memwr$\nout_q$/private/tmp/opencode/wt-h05-routing-rtl/rtl/alg_router.v:367$83_EN' using process `\alg_router.$proc$/private/tmp/opencode/wt-h05-routing-rtl/rtl/alg_router.v:354$822'.
  created $dff cell `$procdff$7865' with positive edge clock.
Creating register for signal `\alg_router.$memwr$\bus1_q$/private/tmp/opencode/wt-h05-routing-rtl/rtl/alg_router.v:365$84_EN' using process `\alg_router.$proc$/private/tmp/opencode/wt-h05-routing-rtl/rtl/alg_router.v:354$822'.
  created $dff cell `$procdff$7866' with positive edge clock.
Creating register for signal `\alg_router.$memwr$\bus2_q$/private/tmp/opencode/wt-h05-routing-rtl/rtl/alg_router.v:366$85_EN' using process `\alg_router.$proc$/private/tmp/opencode/wt-h05-routing-rtl/rtl/alg_router.v:354$822'.
  created $dff cell `$procdff$7867' with positive edge clock.
Creating register for signal `\alg_router.$memwr$\nout_q$/private/tmp/opencode/wt-h05-routing-rtl/rtl/alg_router.v:367$86_EN' using process `\alg_router.$proc$/private/tmp/opencode/wt-h05-routing-rtl/rtl/alg_router.v:354$822'.
  created $dff cell `$procdff$7868' with positive edge clock.
Creating register for signal `\alg_router.$memwr$\bus1_q$/private/tmp/opencode/wt-h05-routing-rtl/rtl/alg_router.v:365$87_EN' using process `\alg_router.$proc$/private/tmp/opencode/wt-h05-routing-rtl/rtl/alg_router.v:354$822'.
  created $dff cell `$procdff$7869' with positive edge clock.
Creating register for signal `\alg_router.$memwr$\bus2_q$/private/tmp/opencode/wt-h05-routing-rtl/rtl/alg_router.v:366$88_EN' using process `\alg_router.$proc$/private/tmp/opencode/wt-h05-routing-rtl/rtl/alg_router.v:354$822'.
  created $dff cell `$procdff$7870' with positive edge clock.
Creating register for signal `\alg_router.$memwr$\nout_q$/private/tmp/opencode/wt-h05-routing-rtl/rtl/alg_router.v:367$89_EN' using process `\alg_router.$proc$/private/tmp/opencode/wt-h05-routing-rtl/rtl/alg_router.v:354$822'.
  created $dff cell `$procdff$7871' with positive edge clock.
Creating register for signal `\alg_router.$memwr$\bus1_q$/private/tmp/opencode/wt-h05-routing-rtl/rtl/alg_router.v:365$90_EN' using process `\alg_router.$proc$/private/tmp/opencode/wt-h05-routing-rtl/rtl/alg_router.v:354$822'.
  created $dff cell `$procdff$7872' with positive edge clock.
Creating register for signal `\alg_router.$memwr$\bus2_q$/private/tmp/opencode/wt-h05-routing-rtl/rtl/alg_router.v:366$91_EN' using process `\alg_router.$proc$/private/tmp/opencode/wt-h05-routing-rtl/rtl/alg_router.v:354$822'.
  created $dff cell `$procdff$7873' with positive edge clock.
Creating register for signal `\alg_router.$memwr$\nout_q$/private/tmp/opencode/wt-h05-routing-rtl/rtl/alg_router.v:367$92_EN' using process `\alg_router.$proc$/private/tmp/opencode/wt-h05-routing-rtl/rtl/alg_router.v:354$822'.
  created $dff cell `$procdff$7874' with positive edge clock.
Creating register for signal `\alg_router.$memwr$\bus1_q$/private/tmp/opencode/wt-h05-routing-rtl/rtl/alg_router.v:365$93_EN' using process `\alg_router.$proc$/private/tmp/opencode/wt-h05-routing-rtl/rtl/alg_router.v:354$822'.
  created $dff cell `$procdff$7875' with positive edge clock.
Creating register for signal `\alg_router.$memwr$\bus2_q$/private/tmp/opencode/wt-h05-routing-rtl/rtl/alg_router.v:366$94_EN' using process `\alg_router.$proc$/private/tmp/opencode/wt-h05-routing-rtl/rtl/alg_router.v:354$822'.
  created $dff cell `$procdff$7876' with positive edge clock.
Creating register for signal `\alg_router.$memwr$\nout_q$/private/tmp/opencode/wt-h05-routing-rtl/rtl/alg_router.v:367$95_EN' using process `\alg_router.$proc$/private/tmp/opencode/wt-h05-routing-rtl/rtl/alg_router.v:354$822'.
  created $dff cell `$procdff$7877' with positive edge clock.
Creating register for signal `\alg_router.$memwr$\bus1_q$/private/tmp/opencode/wt-h05-routing-rtl/rtl/alg_router.v:365$96_EN' using process `\alg_router.$proc$/private/tmp/opencode/wt-h05-routing-rtl/rtl/alg_router.v:354$822'.
  created $dff cell `$procdff$7878' with positive edge clock.
Creating register for signal `\alg_router.$memwr$\bus2_q$/private/tmp/opencode/wt-h05-routing-rtl/rtl/alg_router.v:366$97_EN' using process `\alg_router.$proc$/private/tmp/opencode/wt-h05-routing-rtl/rtl/alg_router.v:354$822'.
  created $dff cell `$procdff$7879' with positive edge clock.
Creating register for signal `\alg_router.$memwr$\nout_q$/private/tmp/opencode/wt-h05-routing-rtl/rtl/alg_router.v:367$98_EN' using process `\alg_router.$proc$/private/tmp/opencode/wt-h05-routing-rtl/rtl/alg_router.v:354$822'.
  created $dff cell `$procdff$7880' with positive edge clock.
Creating register for signal `\alg_router.$memwr$\bus1_q$/private/tmp/opencode/wt-h05-routing-rtl/rtl/alg_router.v:365$99_EN' using process `\alg_router.$proc$/private/tmp/opencode/wt-h05-routing-rtl/rtl/alg_router.v:354$822'.
  created $dff cell `$procdff$7881' with positive edge clock.
Creating register for signal `\alg_router.$memwr$\bus2_q$/private/tmp/opencode/wt-h05-routing-rtl/rtl/alg_router.v:366$100_EN' using process `\alg_router.$proc$/private/tmp/opencode/wt-h05-routing-rtl/rtl/alg_router.v:354$822'.
  created $dff cell `$procdff$7882' with positive edge clock.
Creating register for signal `\alg_router.$memwr$\nout_q$/private/tmp/opencode/wt-h05-routing-rtl/rtl/alg_router.v:367$101_EN' using process `\alg_router.$proc$/private/tmp/opencode/wt-h05-routing-rtl/rtl/alg_router.v:354$822'.
  created $dff cell `$procdff$7883' with positive edge clock.
Creating register for signal `\alg_router.$memwr$\bus1_q$/private/tmp/opencode/wt-h05-routing-rtl/rtl/alg_router.v:365$102_EN' using process `\alg_router.$proc$/private/tmp/opencode/wt-h05-routing-rtl/rtl/alg_router.v:354$822'.
  created $dff cell `$procdff$7884' with positive edge clock.
Creating register for signal `\alg_router.$memwr$\bus2_q$/private/tmp/opencode/wt-h05-routing-rtl/rtl/alg_router.v:366$103_EN' using process `\alg_router.$proc$/private/tmp/opencode/wt-h05-routing-rtl/rtl/alg_router.v:354$822'.
  created $dff cell `$procdff$7885' with positive edge clock.
Creating register for signal `\alg_router.$memwr$\nout_q$/private/tmp/opencode/wt-h05-routing-rtl/rtl/alg_router.v:367$104_EN' using process `\alg_router.$proc$/private/tmp/opencode/wt-h05-routing-rtl/rtl/alg_router.v:354$822'.
  created $dff cell `$procdff$7886' with positive edge clock.
Creating register for signal `\alg_router.$memwr$\bus1_q$/private/tmp/opencode/wt-h05-routing-rtl/rtl/alg_router.v:365$105_EN' using process `\alg_router.$proc$/private/tmp/opencode/wt-h05-routing-rtl/rtl/alg_router.v:354$822'.
  created $dff cell `$procdff$7887' with positive edge clock.
Creating register for signal `\alg_router.$memwr$\bus2_q$/private/tmp/opencode/wt-h05-routing-rtl/rtl/alg_router.v:366$106_EN' using process `\alg_router.$proc$/private/tmp/opencode/wt-h05-routing-rtl/rtl/alg_router.v:354$822'.
  created $dff cell `$procdff$7888' with positive edge clock.
Creating register for signal `\alg_router.$memwr$\nout_q$/private/tmp/opencode/wt-h05-routing-rtl/rtl/alg_router.v:367$107_EN' using process `\alg_router.$proc$/private/tmp/opencode/wt-h05-routing-rtl/rtl/alg_router.v:354$822'.
  created $dff cell `$procdff$7889' with positive edge clock.
Creating register for signal `\alg_router.$memwr$\bus1_q$/private/tmp/opencode/wt-h05-routing-rtl/rtl/alg_router.v:365$108_EN' using process `\alg_router.$proc$/private/tmp/opencode/wt-h05-routing-rtl/rtl/alg_router.v:354$822'.
  created $dff cell `$procdff$7890' with positive edge clock.
Creating register for signal `\alg_router.$memwr$\bus2_q$/private/tmp/opencode/wt-h05-routing-rtl/rtl/alg_router.v:366$109_EN' using process `\alg_router.$proc$/private/tmp/opencode/wt-h05-routing-rtl/rtl/alg_router.v:354$822'.
  created $dff cell `$procdff$7891' with positive edge clock.
Creating register for signal `\alg_router.$memwr$\nout_q$/private/tmp/opencode/wt-h05-routing-rtl/rtl/alg_router.v:367$110_EN' using process `\alg_router.$proc$/private/tmp/opencode/wt-h05-routing-rtl/rtl/alg_router.v:354$822'.
  created $dff cell `$procdff$7892' with positive edge clock.
Creating register for signal `\alg_router.$memwr$\bus1_q$/private/tmp/opencode/wt-h05-routing-rtl/rtl/alg_router.v:365$111_EN' using process `\alg_router.$proc$/private/tmp/opencode/wt-h05-routing-rtl/rtl/alg_router.v:354$822'.
  created $dff cell `$procdff$7893' with positive edge clock.
Creating register for signal `\alg_router.$memwr$\bus2_q$/private/tmp/opencode/wt-h05-routing-rtl/rtl/alg_router.v:366$112_EN' using process `\alg_router.$proc$/private/tmp/opencode/wt-h05-routing-rtl/rtl/alg_router.v:354$822'.
  created $dff cell `$procdff$7894' with positive edge clock.
Creating register for signal `\alg_router.$memwr$\nout_q$/private/tmp/opencode/wt-h05-routing-rtl/rtl/alg_router.v:367$113_EN' using process `\alg_router.$proc$/private/tmp/opencode/wt-h05-routing-rtl/rtl/alg_router.v:354$822'.
  created $dff cell `$procdff$7895' with positive edge clock.
Creating register for signal `\alg_router.$memwr$\bus1_q$/private/tmp/opencode/wt-h05-routing-rtl/rtl/alg_router.v:365$114_EN' using process `\alg_router.$proc$/private/tmp/opencode/wt-h05-routing-rtl/rtl/alg_router.v:354$822'.
  created $dff cell `$procdff$7896' with positive edge clock.
Creating register for signal `\alg_router.$memwr$\bus2_q$/private/tmp/opencode/wt-h05-routing-rtl/rtl/alg_router.v:366$115_EN' using process `\alg_router.$proc$/private/tmp/opencode/wt-h05-routing-rtl/rtl/alg_router.v:354$822'.
  created $dff cell `$procdff$7897' with positive edge clock.
Creating register for signal `\alg_router.$memwr$\nout_q$/private/tmp/opencode/wt-h05-routing-rtl/rtl/alg_router.v:367$116_EN' using process `\alg_router.$proc$/private/tmp/opencode/wt-h05-routing-rtl/rtl/alg_router.v:354$822'.
  created $dff cell `$procdff$7898' with positive edge clock.
Creating register for signal `\alg_router.$memwr$\bus1_q$/private/tmp/opencode/wt-h05-routing-rtl/rtl/alg_router.v:365$117_EN' using process `\alg_router.$proc$/private/tmp/opencode/wt-h05-routing-rtl/rtl/alg_router.v:354$822'.
  created $dff cell `$procdff$7899' with positive edge clock.
Creating register for signal `\alg_router.$memwr$\bus2_q$/private/tmp/opencode/wt-h05-routing-rtl/rtl/alg_router.v:366$118_EN' using process `\alg_router.$proc$/private/tmp/opencode/wt-h05-routing-rtl/rtl/alg_router.v:354$822'.
  created $dff cell `$procdff$7900' with positive edge clock.
Creating register for signal `\alg_router.$memwr$\nout_q$/private/tmp/opencode/wt-h05-routing-rtl/rtl/alg_router.v:367$119_EN' using process `\alg_router.$proc$/private/tmp/opencode/wt-h05-routing-rtl/rtl/alg_router.v:354$822'.
  created $dff cell `$procdff$7901' with positive edge clock.
Creating register for signal `\alg_router.$memwr$\bus1_q$/private/tmp/opencode/wt-h05-routing-rtl/rtl/alg_router.v:365$120_EN' using process `\alg_router.$proc$/private/tmp/opencode/wt-h05-routing-rtl/rtl/alg_router.v:354$822'.
  created $dff cell `$procdff$7902' with positive edge clock.
Creating register for signal `\alg_router.$memwr$\bus2_q$/private/tmp/opencode/wt-h05-routing-rtl/rtl/alg_router.v:366$121_EN' using process `\alg_router.$proc$/private/tmp/opencode/wt-h05-routing-rtl/rtl/alg_router.v:354$822'.
  created $dff cell `$procdff$7903' with positive edge clock.
Creating register for signal `\alg_router.$memwr$\nout_q$/private/tmp/opencode/wt-h05-routing-rtl/rtl/alg_router.v:367$122_EN' using process `\alg_router.$proc$/private/tmp/opencode/wt-h05-routing-rtl/rtl/alg_router.v:354$822'.
  created $dff cell `$procdff$7904' with positive edge clock.
Creating register for signal `\alg_router.$memwr$\bus1_q$/private/tmp/opencode/wt-h05-routing-rtl/rtl/alg_router.v:365$123_EN' using process `\alg_router.$proc$/private/tmp/opencode/wt-h05-routing-rtl/rtl/alg_router.v:354$822'.
  created $dff cell `$procdff$7905' with positive edge clock.
Creating register for signal `\alg_router.$memwr$\bus2_q$/private/tmp/opencode/wt-h05-routing-rtl/rtl/alg_router.v:366$124_EN' using process `\alg_router.$proc$/private/tmp/opencode/wt-h05-routing-rtl/rtl/alg_router.v:354$822'.
  created $dff cell `$procdff$7906' with positive edge clock.
Creating register for signal `\alg_router.$memwr$\nout_q$/private/tmp/opencode/wt-h05-routing-rtl/rtl/alg_router.v:367$125_EN' using process `\alg_router.$proc$/private/tmp/opencode/wt-h05-routing-rtl/rtl/alg_router.v:354$822'.
  created $dff cell `$procdff$7907' with positive edge clock.
Creating register for signal `\alg_router.$memwr$\bus1_q$/private/tmp/opencode/wt-h05-routing-rtl/rtl/alg_router.v:365$126_EN' using process `\alg_router.$proc$/private/tmp/opencode/wt-h05-routing-rtl/rtl/alg_router.v:354$822'.
  created $dff cell `$procdff$7908' with positive edge clock.
Creating register for signal `\alg_router.$memwr$\bus2_q$/private/tmp/opencode/wt-h05-routing-rtl/rtl/alg_router.v:366$127_EN' using process `\alg_router.$proc$/private/tmp/opencode/wt-h05-routing-rtl/rtl/alg_router.v:354$822'.
  created $dff cell `$procdff$7909' with positive edge clock.
Creating register for signal `\alg_router.$memwr$\nout_q$/private/tmp/opencode/wt-h05-routing-rtl/rtl/alg_router.v:367$128_EN' using process `\alg_router.$proc$/private/tmp/opencode/wt-h05-routing-rtl/rtl/alg_router.v:354$822'.
  created $dff cell `$procdff$7910' with positive edge clock.
Creating register for signal `\alg_router.$memwr$\bus1_q$/private/tmp/opencode/wt-h05-routing-rtl/rtl/alg_router.v:365$129_EN' using process `\alg_router.$proc$/private/tmp/opencode/wt-h05-routing-rtl/rtl/alg_router.v:354$822'.
  created $dff cell `$procdff$7911' with positive edge clock.
Creating register for signal `\alg_router.$memwr$\bus2_q$/private/tmp/opencode/wt-h05-routing-rtl/rtl/alg_router.v:366$130_EN' using process `\alg_router.$proc$/private/tmp/opencode/wt-h05-routing-rtl/rtl/alg_router.v:354$822'.
  created $dff cell `$procdff$7912' with positive edge clock.
Creating register for signal `\alg_router.$memwr$\nout_q$/private/tmp/opencode/wt-h05-routing-rtl/rtl/alg_router.v:367$131_EN' using process `\alg_router.$proc$/private/tmp/opencode/wt-h05-routing-rtl/rtl/alg_router.v:354$822'.
  created $dff cell `$procdff$7913' with positive edge clock.
Creating register for signal `\alg_router.$memwr$\bus1_q$/private/tmp/opencode/wt-h05-routing-rtl/rtl/alg_router.v:365$132_EN' using process `\alg_router.$proc$/private/tmp/opencode/wt-h05-routing-rtl/rtl/alg_router.v:354$822'.
  created $dff cell `$procdff$7914' with positive edge clock.
Creating register for signal `\alg_router.$memwr$\bus2_q$/private/tmp/opencode/wt-h05-routing-rtl/rtl/alg_router.v:366$133_EN' using process `\alg_router.$proc$/private/tmp/opencode/wt-h05-routing-rtl/rtl/alg_router.v:354$822'.
  created $dff cell `$procdff$7915' with positive edge clock.
Creating register for signal `\alg_router.$memwr$\nout_q$/private/tmp/opencode/wt-h05-routing-rtl/rtl/alg_router.v:367$134_EN' using process `\alg_router.$proc$/private/tmp/opencode/wt-h05-routing-rtl/rtl/alg_router.v:354$822'.
  created $dff cell `$procdff$7916' with positive edge clock.
Creating register for signal `\alg_router.$memwr$\bus1_q$/private/tmp/opencode/wt-h05-routing-rtl/rtl/alg_router.v:365$135_EN' using process `\alg_router.$proc$/private/tmp/opencode/wt-h05-routing-rtl/rtl/alg_router.v:354$822'.
  created $dff cell `$procdff$7917' with positive edge clock.
Creating register for signal `\alg_router.$memwr$\bus2_q$/private/tmp/opencode/wt-h05-routing-rtl/rtl/alg_router.v:366$136_EN' using process `\alg_router.$proc$/private/tmp/opencode/wt-h05-routing-rtl/rtl/alg_router.v:354$822'.
  created $dff cell `$procdff$7918' with positive edge clock.
Creating register for signal `\alg_router.$memwr$\nout_q$/private/tmp/opencode/wt-h05-routing-rtl/rtl/alg_router.v:367$137_EN' using process `\alg_router.$proc$/private/tmp/opencode/wt-h05-routing-rtl/rtl/alg_router.v:354$822'.
  created $dff cell `$procdff$7919' with positive edge clock.
Creating register for signal `\alg_router.$memwr$\bus1_q$/private/tmp/opencode/wt-h05-routing-rtl/rtl/alg_router.v:365$138_EN' using process `\alg_router.$proc$/private/tmp/opencode/wt-h05-routing-rtl/rtl/alg_router.v:354$822'.
  created $dff cell `$procdff$7920' with positive edge clock.
Creating register for signal `\alg_router.$memwr$\bus2_q$/private/tmp/opencode/wt-h05-routing-rtl/rtl/alg_router.v:366$139_EN' using process `\alg_router.$proc$/private/tmp/opencode/wt-h05-routing-rtl/rtl/alg_router.v:354$822'.
  created $dff cell `$procdff$7921' with positive edge clock.
Creating register for signal `\alg_router.$memwr$\nout_q$/private/tmp/opencode/wt-h05-routing-rtl/rtl/alg_router.v:367$140_EN' using process `\alg_router.$proc$/private/tmp/opencode/wt-h05-routing-rtl/rtl/alg_router.v:354$822'.
  created $dff cell `$procdff$7922' with positive edge clock.
Creating register for signal `\alg_router.$memwr$\bus1_q$/private/tmp/opencode/wt-h05-routing-rtl/rtl/alg_router.v:365$141_EN' using process `\alg_router.$proc$/private/tmp/opencode/wt-h05-routing-rtl/rtl/alg_router.v:354$822'.
  created $dff cell `$procdff$7923' with positive edge clock.
Creating register for signal `\alg_router.$memwr$\bus2_q$/private/tmp/opencode/wt-h05-routing-rtl/rtl/alg_router.v:366$142_EN' using process `\alg_router.$proc$/private/tmp/opencode/wt-h05-routing-rtl/rtl/alg_router.v:354$822'.
  created $dff cell `$procdff$7924' with positive edge clock.
Creating register for signal `\alg_router.$memwr$\nout_q$/private/tmp/opencode/wt-h05-routing-rtl/rtl/alg_router.v:367$143_EN' using process `\alg_router.$proc$/private/tmp/opencode/wt-h05-routing-rtl/rtl/alg_router.v:354$822'.
  created $dff cell `$procdff$7925' with positive edge clock.
Creating register for signal `\alg_router.$memwr$\bus1_q$/private/tmp/opencode/wt-h05-routing-rtl/rtl/alg_router.v:365$144_EN' using process `\alg_router.$proc$/private/tmp/opencode/wt-h05-routing-rtl/rtl/alg_router.v:354$822'.
  created $dff cell `$procdff$7926' with positive edge clock.
Creating register for signal `\alg_router.$memwr$\bus2_q$/private/tmp/opencode/wt-h05-routing-rtl/rtl/alg_router.v:366$145_EN' using process `\alg_router.$proc$/private/tmp/opencode/wt-h05-routing-rtl/rtl/alg_router.v:354$822'.
  created $dff cell `$procdff$7927' with positive edge clock.
Creating register for signal `\alg_router.$memwr$\nout_q$/private/tmp/opencode/wt-h05-routing-rtl/rtl/alg_router.v:367$146_EN' using process `\alg_router.$proc$/private/tmp/opencode/wt-h05-routing-rtl/rtl/alg_router.v:354$822'.
  created $dff cell `$procdff$7928' with positive edge clock.
Creating register for signal `\alg_router.$memwr$\bus1_q$/private/tmp/opencode/wt-h05-routing-rtl/rtl/alg_router.v:365$147_EN' using process `\alg_router.$proc$/private/tmp/opencode/wt-h05-routing-rtl/rtl/alg_router.v:354$822'.
  created $dff cell `$procdff$7929' with positive edge clock.
Creating register for signal `\alg_router.$memwr$\bus2_q$/private/tmp/opencode/wt-h05-routing-rtl/rtl/alg_router.v:366$148_EN' using process `\alg_router.$proc$/private/tmp/opencode/wt-h05-routing-rtl/rtl/alg_router.v:354$822'.
  created $dff cell `$procdff$7930' with positive edge clock.
Creating register for signal `\alg_router.$memwr$\nout_q$/private/tmp/opencode/wt-h05-routing-rtl/rtl/alg_router.v:367$149_EN' using process `\alg_router.$proc$/private/tmp/opencode/wt-h05-routing-rtl/rtl/alg_router.v:354$822'.
  created $dff cell `$procdff$7931' with positive edge clock.
Creating register for signal `\alg_router.$memwr$\bus1_q$/private/tmp/opencode/wt-h05-routing-rtl/rtl/alg_router.v:365$150_EN' using process `\alg_router.$proc$/private/tmp/opencode/wt-h05-routing-rtl/rtl/alg_router.v:354$822'.
  created $dff cell `$procdff$7932' with positive edge clock.
Creating register for signal `\alg_router.$memwr$\bus2_q$/private/tmp/opencode/wt-h05-routing-rtl/rtl/alg_router.v:366$151_EN' using process `\alg_router.$proc$/private/tmp/opencode/wt-h05-routing-rtl/rtl/alg_router.v:354$822'.
  created $dff cell `$procdff$7933' with positive edge clock.
Creating register for signal `\alg_router.$memwr$\nout_q$/private/tmp/opencode/wt-h05-routing-rtl/rtl/alg_router.v:367$152_EN' using process `\alg_router.$proc$/private/tmp/opencode/wt-h05-routing-rtl/rtl/alg_router.v:354$822'.
  created $dff cell `$procdff$7934' with positive edge clock.
Creating register for signal `\alg_router.$memwr$\bus1_q$/private/tmp/opencode/wt-h05-routing-rtl/rtl/alg_router.v:365$153_EN' using process `\alg_router.$proc$/private/tmp/opencode/wt-h05-routing-rtl/rtl/alg_router.v:354$822'.
  created $dff cell `$procdff$7935' with positive edge clock.
Creating register for signal `\alg_router.$memwr$\bus2_q$/private/tmp/opencode/wt-h05-routing-rtl/rtl/alg_router.v:366$154_EN' using process `\alg_router.$proc$/private/tmp/opencode/wt-h05-routing-rtl/rtl/alg_router.v:354$822'.
  created $dff cell `$procdff$7936' with positive edge clock.
Creating register for signal `\alg_router.$memwr$\nout_q$/private/tmp/opencode/wt-h05-routing-rtl/rtl/alg_router.v:367$155_EN' using process `\alg_router.$proc$/private/tmp/opencode/wt-h05-routing-rtl/rtl/alg_router.v:354$822'.
  created $dff cell `$procdff$7937' with positive edge clock.
Creating register for signal `\alg_router.$memwr$\bus1_q$/private/tmp/opencode/wt-h05-routing-rtl/rtl/alg_router.v:365$156_EN' using process `\alg_router.$proc$/private/tmp/opencode/wt-h05-routing-rtl/rtl/alg_router.v:354$822'.
  created $dff cell `$procdff$7938' with positive edge clock.
Creating register for signal `\alg_router.$memwr$\bus2_q$/private/tmp/opencode/wt-h05-routing-rtl/rtl/alg_router.v:366$157_EN' using process `\alg_router.$proc$/private/tmp/opencode/wt-h05-routing-rtl/rtl/alg_router.v:354$822'.
  created $dff cell `$procdff$7939' with positive edge clock.
Creating register for signal `\alg_router.$memwr$\nout_q$/private/tmp/opencode/wt-h05-routing-rtl/rtl/alg_router.v:367$158_EN' using process `\alg_router.$proc$/private/tmp/opencode/wt-h05-routing-rtl/rtl/alg_router.v:354$822'.
  created $dff cell `$procdff$7940' with positive edge clock.
Creating register for signal `\alg_router.$memwr$\bus1_q$/private/tmp/opencode/wt-h05-routing-rtl/rtl/alg_router.v:365$159_EN' using process `\alg_router.$proc$/private/tmp/opencode/wt-h05-routing-rtl/rtl/alg_router.v:354$822'.
  created $dff cell `$procdff$7941' with positive edge clock.
Creating register for signal `\alg_router.$memwr$\bus2_q$/private/tmp/opencode/wt-h05-routing-rtl/rtl/alg_router.v:366$160_EN' using process `\alg_router.$proc$/private/tmp/opencode/wt-h05-routing-rtl/rtl/alg_router.v:354$822'.
  created $dff cell `$procdff$7942' with positive edge clock.
Creating register for signal `\alg_router.$memwr$\nout_q$/private/tmp/opencode/wt-h05-routing-rtl/rtl/alg_router.v:367$161_EN' using process `\alg_router.$proc$/private/tmp/opencode/wt-h05-routing-rtl/rtl/alg_router.v:354$822'.
  created $dff cell `$procdff$7943' with positive edge clock.
Creating register for signal `\alg_router.$memwr$\bus1_q$/private/tmp/opencode/wt-h05-routing-rtl/rtl/alg_router.v:365$162_EN' using process `\alg_router.$proc$/private/tmp/opencode/wt-h05-routing-rtl/rtl/alg_router.v:354$822'.
  created $dff cell `$procdff$7944' with positive edge clock.
Creating register for signal `\alg_router.$memwr$\bus2_q$/private/tmp/opencode/wt-h05-routing-rtl/rtl/alg_router.v:366$163_EN' using process `\alg_router.$proc$/private/tmp/opencode/wt-h05-routing-rtl/rtl/alg_router.v:354$822'.
  created $dff cell `$procdff$7945' with positive edge clock.
Creating register for signal `\alg_router.$memwr$\nout_q$/private/tmp/opencode/wt-h05-routing-rtl/rtl/alg_router.v:367$164_EN' using process `\alg_router.$proc$/private/tmp/opencode/wt-h05-routing-rtl/rtl/alg_router.v:354$822'.
  created $dff cell `$procdff$7946' with positive edge clock.
Creating register for signal `\alg_router.$memwr$\bus1_q$/private/tmp/opencode/wt-h05-routing-rtl/rtl/alg_router.v:365$165_EN' using process `\alg_router.$proc$/private/tmp/opencode/wt-h05-routing-rtl/rtl/alg_router.v:354$822'.
  created $dff cell `$procdff$7947' with positive edge clock.
Creating register for signal `\alg_router.$memwr$\bus2_q$/private/tmp/opencode/wt-h05-routing-rtl/rtl/alg_router.v:366$166_EN' using process `\alg_router.$proc$/private/tmp/opencode/wt-h05-routing-rtl/rtl/alg_router.v:354$822'.
  created $dff cell `$procdff$7948' with positive edge clock.
Creating register for signal `\alg_router.$memwr$\nout_q$/private/tmp/opencode/wt-h05-routing-rtl/rtl/alg_router.v:367$167_EN' using process `\alg_router.$proc$/private/tmp/opencode/wt-h05-routing-rtl/rtl/alg_router.v:354$822'.
  created $dff cell `$procdff$7949' with positive edge clock.
Creating register for signal `\alg_router.$memwr$\bus1_q$/private/tmp/opencode/wt-h05-routing-rtl/rtl/alg_router.v:365$168_EN' using process `\alg_router.$proc$/private/tmp/opencode/wt-h05-routing-rtl/rtl/alg_router.v:354$822'.
  created $dff cell `$procdff$7950' with positive edge clock.
Creating register for signal `\alg_router.$memwr$\bus2_q$/private/tmp/opencode/wt-h05-routing-rtl/rtl/alg_router.v:366$169_EN' using process `\alg_router.$proc$/private/tmp/opencode/wt-h05-routing-rtl/rtl/alg_router.v:354$822'.
  created $dff cell `$procdff$7951' with positive edge clock.
Creating register for signal `\alg_router.$memwr$\nout_q$/private/tmp/opencode/wt-h05-routing-rtl/rtl/alg_router.v:367$170_EN' using process `\alg_router.$proc$/private/tmp/opencode/wt-h05-routing-rtl/rtl/alg_router.v:354$822'.
  created $dff cell `$procdff$7952' with positive edge clock.
Creating register for signal `\alg_router.$memwr$\bus1_q$/private/tmp/opencode/wt-h05-routing-rtl/rtl/alg_router.v:365$171_EN' using process `\alg_router.$proc$/private/tmp/opencode/wt-h05-routing-rtl/rtl/alg_router.v:354$822'.
  created $dff cell `$procdff$7953' with positive edge clock.
Creating register for signal `\alg_router.$memwr$\bus2_q$/private/tmp/opencode/wt-h05-routing-rtl/rtl/alg_router.v:366$172_EN' using process `\alg_router.$proc$/private/tmp/opencode/wt-h05-routing-rtl/rtl/alg_router.v:354$822'.
  created $dff cell `$procdff$7954' with positive edge clock.
Creating register for signal `\alg_router.$memwr$\nout_q$/private/tmp/opencode/wt-h05-routing-rtl/rtl/alg_router.v:367$173_EN' using process `\alg_router.$proc$/private/tmp/opencode/wt-h05-routing-rtl/rtl/alg_router.v:354$822'.
  created $dff cell `$procdff$7955' with positive edge clock.
Creating register for signal `\alg_router.$memwr$\bus1_q$/private/tmp/opencode/wt-h05-routing-rtl/rtl/alg_router.v:365$174_EN' using process `\alg_router.$proc$/private/tmp/opencode/wt-h05-routing-rtl/rtl/alg_router.v:354$822'.
  created $dff cell `$procdff$7956' with positive edge clock.
Creating register for signal `\alg_router.$memwr$\bus2_q$/private/tmp/opencode/wt-h05-routing-rtl/rtl/alg_router.v:366$175_EN' using process `\alg_router.$proc$/private/tmp/opencode/wt-h05-routing-rtl/rtl/alg_router.v:354$822'.
  created $dff cell `$procdff$7957' with positive edge clock.
Creating register for signal `\alg_router.$memwr$\nout_q$/private/tmp/opencode/wt-h05-routing-rtl/rtl/alg_router.v:367$176_EN' using process `\alg_router.$proc$/private/tmp/opencode/wt-h05-routing-rtl/rtl/alg_router.v:354$822'.
  created $dff cell `$procdff$7958' with positive edge clock.
Creating register for signal `\alg_router.$memwr$\bus1_q$/private/tmp/opencode/wt-h05-routing-rtl/rtl/alg_router.v:365$177_EN' using process `\alg_router.$proc$/private/tmp/opencode/wt-h05-routing-rtl/rtl/alg_router.v:354$822'.
  created $dff cell `$procdff$7959' with positive edge clock.
Creating register for signal `\alg_router.$memwr$\bus2_q$/private/tmp/opencode/wt-h05-routing-rtl/rtl/alg_router.v:366$178_EN' using process `\alg_router.$proc$/private/tmp/opencode/wt-h05-routing-rtl/rtl/alg_router.v:354$822'.
  created $dff cell `$procdff$7960' with positive edge clock.
Creating register for signal `\alg_router.$memwr$\nout_q$/private/tmp/opencode/wt-h05-routing-rtl/rtl/alg_router.v:367$179_EN' using process `\alg_router.$proc$/private/tmp/opencode/wt-h05-routing-rtl/rtl/alg_router.v:354$822'.
  created $dff cell `$procdff$7961' with positive edge clock.
Creating register for signal `\alg_router.$memwr$\bus1_q$/private/tmp/opencode/wt-h05-routing-rtl/rtl/alg_router.v:365$180_EN' using process `\alg_router.$proc$/private/tmp/opencode/wt-h05-routing-rtl/rtl/alg_router.v:354$822'.
  created $dff cell `$procdff$7962' with positive edge clock.
Creating register for signal `\alg_router.$memwr$\bus2_q$/private/tmp/opencode/wt-h05-routing-rtl/rtl/alg_router.v:366$181_EN' using process `\alg_router.$proc$/private/tmp/opencode/wt-h05-routing-rtl/rtl/alg_router.v:354$822'.
  created $dff cell `$procdff$7963' with positive edge clock.
Creating register for signal `\alg_router.$memwr$\nout_q$/private/tmp/opencode/wt-h05-routing-rtl/rtl/alg_router.v:367$182_EN' using process `\alg_router.$proc$/private/tmp/opencode/wt-h05-routing-rtl/rtl/alg_router.v:354$822'.
  created $dff cell `$procdff$7964' with positive edge clock.
Creating register for signal `\alg_router.$memwr$\bus1_q$/private/tmp/opencode/wt-h05-routing-rtl/rtl/alg_router.v:365$183_EN' using process `\alg_router.$proc$/private/tmp/opencode/wt-h05-routing-rtl/rtl/alg_router.v:354$822'.
  created $dff cell `$procdff$7965' with positive edge clock.
Creating register for signal `\alg_router.$memwr$\bus2_q$/private/tmp/opencode/wt-h05-routing-rtl/rtl/alg_router.v:366$184_EN' using process `\alg_router.$proc$/private/tmp/opencode/wt-h05-routing-rtl/rtl/alg_router.v:354$822'.
  created $dff cell `$procdff$7966' with positive edge clock.
Creating register for signal `\alg_router.$memwr$\nout_q$/private/tmp/opencode/wt-h05-routing-rtl/rtl/alg_router.v:367$185_EN' using process `\alg_router.$proc$/private/tmp/opencode/wt-h05-routing-rtl/rtl/alg_router.v:354$822'.
  created $dff cell `$procdff$7967' with positive edge clock.
Creating register for signal `\alg_router.$memwr$\bus1_q$/private/tmp/opencode/wt-h05-routing-rtl/rtl/alg_router.v:365$186_EN' using process `\alg_router.$proc$/private/tmp/opencode/wt-h05-routing-rtl/rtl/alg_router.v:354$822'.
  created $dff cell `$procdff$7968' with positive edge clock.
Creating register for signal `\alg_router.$memwr$\bus2_q$/private/tmp/opencode/wt-h05-routing-rtl/rtl/alg_router.v:366$187_EN' using process `\alg_router.$proc$/private/tmp/opencode/wt-h05-routing-rtl/rtl/alg_router.v:354$822'.
  created $dff cell `$procdff$7969' with positive edge clock.
Creating register for signal `\alg_router.$memwr$\nout_q$/private/tmp/opencode/wt-h05-routing-rtl/rtl/alg_router.v:367$188_EN' using process `\alg_router.$proc$/private/tmp/opencode/wt-h05-routing-rtl/rtl/alg_router.v:354$822'.
  created $dff cell `$procdff$7970' with positive edge clock.
Creating register for signal `\alg_router.$memwr$\bus1_q$/private/tmp/opencode/wt-h05-routing-rtl/rtl/alg_router.v:365$189_EN' using process `\alg_router.$proc$/private/tmp/opencode/wt-h05-routing-rtl/rtl/alg_router.v:354$822'.
  created $dff cell `$procdff$7971' with positive edge clock.
Creating register for signal `\alg_router.$memwr$\bus2_q$/private/tmp/opencode/wt-h05-routing-rtl/rtl/alg_router.v:366$190_EN' using process `\alg_router.$proc$/private/tmp/opencode/wt-h05-routing-rtl/rtl/alg_router.v:354$822'.
  created $dff cell `$procdff$7972' with positive edge clock.
Creating register for signal `\alg_router.$memwr$\nout_q$/private/tmp/opencode/wt-h05-routing-rtl/rtl/alg_router.v:367$191_EN' using process `\alg_router.$proc$/private/tmp/opencode/wt-h05-routing-rtl/rtl/alg_router.v:354$822'.
  created $dff cell `$procdff$7973' with positive edge clock.
Creating register for signal `\alg_router.$memwr$\bus1_q$/private/tmp/opencode/wt-h05-routing-rtl/rtl/alg_router.v:365$192_EN' using process `\alg_router.$proc$/private/tmp/opencode/wt-h05-routing-rtl/rtl/alg_router.v:354$822'.
  created $dff cell `$procdff$7974' with positive edge clock.
Creating register for signal `\alg_router.$memwr$\bus2_q$/private/tmp/opencode/wt-h05-routing-rtl/rtl/alg_router.v:366$193_EN' using process `\alg_router.$proc$/private/tmp/opencode/wt-h05-routing-rtl/rtl/alg_router.v:354$822'.
  created $dff cell `$procdff$7975' with positive edge clock.
Creating register for signal `\alg_router.$memwr$\nout_q$/private/tmp/opencode/wt-h05-routing-rtl/rtl/alg_router.v:367$194_EN' using process `\alg_router.$proc$/private/tmp/opencode/wt-h05-routing-rtl/rtl/alg_router.v:354$822'.
  created $dff cell `$procdff$7976' with positive edge clock.
Creating register for signal `\alg_router.$memwr$\bus1_q$/private/tmp/opencode/wt-h05-routing-rtl/rtl/alg_router.v:365$195_EN' using process `\alg_router.$proc$/private/tmp/opencode/wt-h05-routing-rtl/rtl/alg_router.v:354$822'.
  created $dff cell `$procdff$7977' with positive edge clock.
Creating register for signal `\alg_router.$memwr$\bus2_q$/private/tmp/opencode/wt-h05-routing-rtl/rtl/alg_router.v:366$196_EN' using process `\alg_router.$proc$/private/tmp/opencode/wt-h05-routing-rtl/rtl/alg_router.v:354$822'.
  created $dff cell `$procdff$7978' with positive edge clock.
Creating register for signal `\alg_router.$memwr$\nout_q$/private/tmp/opencode/wt-h05-routing-rtl/rtl/alg_router.v:367$197_EN' using process `\alg_router.$proc$/private/tmp/opencode/wt-h05-routing-rtl/rtl/alg_router.v:354$822'.
  created $dff cell `$procdff$7979' with positive edge clock.
Creating register for signal `\alg_router.$memwr$\bus1_q$/private/tmp/opencode/wt-h05-routing-rtl/rtl/alg_router.v:365$198_EN' using process `\alg_router.$proc$/private/tmp/opencode/wt-h05-routing-rtl/rtl/alg_router.v:354$822'.
  created $dff cell `$procdff$7980' with positive edge clock.
Creating register for signal `\alg_router.$memwr$\bus2_q$/private/tmp/opencode/wt-h05-routing-rtl/rtl/alg_router.v:366$199_EN' using process `\alg_router.$proc$/private/tmp/opencode/wt-h05-routing-rtl/rtl/alg_router.v:354$822'.
  created $dff cell `$procdff$7981' with positive edge clock.
Creating register for signal `\alg_router.$memwr$\nout_q$/private/tmp/opencode/wt-h05-routing-rtl/rtl/alg_router.v:367$200_EN' using process `\alg_router.$proc$/private/tmp/opencode/wt-h05-routing-rtl/rtl/alg_router.v:354$822'.
  created $dff cell `$procdff$7982' with positive edge clock.
Creating register for signal `\alg_router.$memwr$\bus1_q$/private/tmp/opencode/wt-h05-routing-rtl/rtl/alg_router.v:365$201_EN' using process `\alg_router.$proc$/private/tmp/opencode/wt-h05-routing-rtl/rtl/alg_router.v:354$822'.
  created $dff cell `$procdff$7983' with positive edge clock.
Creating register for signal `\alg_router.$memwr$\bus2_q$/private/tmp/opencode/wt-h05-routing-rtl/rtl/alg_router.v:366$202_EN' using process `\alg_router.$proc$/private/tmp/opencode/wt-h05-routing-rtl/rtl/alg_router.v:354$822'.
  created $dff cell `$procdff$7984' with positive edge clock.
Creating register for signal `\alg_router.$memwr$\nout_q$/private/tmp/opencode/wt-h05-routing-rtl/rtl/alg_router.v:367$203_EN' using process `\alg_router.$proc$/private/tmp/opencode/wt-h05-routing-rtl/rtl/alg_router.v:354$822'.
  created $dff cell `$procdff$7985' with positive edge clock.
Creating register for signal `\alg_router.$memwr$\bus1_q$/private/tmp/opencode/wt-h05-routing-rtl/rtl/alg_router.v:365$204_EN' using process `\alg_router.$proc$/private/tmp/opencode/wt-h05-routing-rtl/rtl/alg_router.v:354$822'.
  created $dff cell `$procdff$7986' with positive edge clock.
Creating register for signal `\alg_router.$memwr$\bus2_q$/private/tmp/opencode/wt-h05-routing-rtl/rtl/alg_router.v:366$205_EN' using process `\alg_router.$proc$/private/tmp/opencode/wt-h05-routing-rtl/rtl/alg_router.v:354$822'.
  created $dff cell `$procdff$7987' with positive edge clock.
Creating register for signal `\alg_router.$memwr$\nout_q$/private/tmp/opencode/wt-h05-routing-rtl/rtl/alg_router.v:367$206_EN' using process `\alg_router.$proc$/private/tmp/opencode/wt-h05-routing-rtl/rtl/alg_router.v:354$822'.
  created $dff cell `$procdff$7988' with positive edge clock.
Creating register for signal `\alg_router.$memwr$\bus1_q$/private/tmp/opencode/wt-h05-routing-rtl/rtl/alg_router.v:365$207_EN' using process `\alg_router.$proc$/private/tmp/opencode/wt-h05-routing-rtl/rtl/alg_router.v:354$822'.
  created $dff cell `$procdff$7989' with positive edge clock.
Creating register for signal `\alg_router.$memwr$\bus2_q$/private/tmp/opencode/wt-h05-routing-rtl/rtl/alg_router.v:366$208_EN' using process `\alg_router.$proc$/private/tmp/opencode/wt-h05-routing-rtl/rtl/alg_router.v:354$822'.
  created $dff cell `$procdff$7990' with positive edge clock.
Creating register for signal `\alg_router.$memwr$\nout_q$/private/tmp/opencode/wt-h05-routing-rtl/rtl/alg_router.v:367$209_EN' using process `\alg_router.$proc$/private/tmp/opencode/wt-h05-routing-rtl/rtl/alg_router.v:354$822'.
  created $dff cell `$procdff$7991' with positive edge clock.
Creating register for signal `\alg_router.$memwr$\bus1_q$/private/tmp/opencode/wt-h05-routing-rtl/rtl/alg_router.v:365$210_EN' using process `\alg_router.$proc$/private/tmp/opencode/wt-h05-routing-rtl/rtl/alg_router.v:354$822'.
  created $dff cell `$procdff$7992' with positive edge clock.
Creating register for signal `\alg_router.$memwr$\bus2_q$/private/tmp/opencode/wt-h05-routing-rtl/rtl/alg_router.v:366$211_EN' using process `\alg_router.$proc$/private/tmp/opencode/wt-h05-routing-rtl/rtl/alg_router.v:354$822'.
  created $dff cell `$procdff$7993' with positive edge clock.
Creating register for signal `\alg_router.$memwr$\nout_q$/private/tmp/opencode/wt-h05-routing-rtl/rtl/alg_router.v:367$212_EN' using process `\alg_router.$proc$/private/tmp/opencode/wt-h05-routing-rtl/rtl/alg_router.v:354$822'.
  created $dff cell `$procdff$7994' with positive edge clock.
Creating register for signal `\alg_router.$memwr$\bus1_q$/private/tmp/opencode/wt-h05-routing-rtl/rtl/alg_router.v:365$213_EN' using process `\alg_router.$proc$/private/tmp/opencode/wt-h05-routing-rtl/rtl/alg_router.v:354$822'.
  created $dff cell `$procdff$7995' with positive edge clock.
Creating register for signal `\alg_router.$memwr$\bus2_q$/private/tmp/opencode/wt-h05-routing-rtl/rtl/alg_router.v:366$214_EN' using process `\alg_router.$proc$/private/tmp/opencode/wt-h05-routing-rtl/rtl/alg_router.v:354$822'.
  created $dff cell `$procdff$7996' with positive edge clock.
Creating register for signal `\alg_router.$memwr$\nout_q$/private/tmp/opencode/wt-h05-routing-rtl/rtl/alg_router.v:367$215_EN' using process `\alg_router.$proc$/private/tmp/opencode/wt-h05-routing-rtl/rtl/alg_router.v:354$822'.
  created $dff cell `$procdff$7997' with positive edge clock.
Creating register for signal `\alg_router.$memwr$\bus1_q$/private/tmp/opencode/wt-h05-routing-rtl/rtl/alg_router.v:365$216_EN' using process `\alg_router.$proc$/private/tmp/opencode/wt-h05-routing-rtl/rtl/alg_router.v:354$822'.
  created $dff cell `$procdff$7998' with positive edge clock.
Creating register for signal `\alg_router.$memwr$\bus2_q$/private/tmp/opencode/wt-h05-routing-rtl/rtl/alg_router.v:366$217_EN' using process `\alg_router.$proc$/private/tmp/opencode/wt-h05-routing-rtl/rtl/alg_router.v:354$822'.
  created $dff cell `$procdff$7999' with positive edge clock.
Creating register for signal `\alg_router.$memwr$\nout_q$/private/tmp/opencode/wt-h05-routing-rtl/rtl/alg_router.v:367$218_EN' using process `\alg_router.$proc$/private/tmp/opencode/wt-h05-routing-rtl/rtl/alg_router.v:354$822'.
  created $dff cell `$procdff$8000' with positive edge clock.
Creating register for signal `\alg_router.$memwr$\bus1_q$/private/tmp/opencode/wt-h05-routing-rtl/rtl/alg_router.v:365$219_EN' using process `\alg_router.$proc$/private/tmp/opencode/wt-h05-routing-rtl/rtl/alg_router.v:354$822'.
  created $dff cell `$procdff$8001' with positive edge clock.
Creating register for signal `\alg_router.$memwr$\bus2_q$/private/tmp/opencode/wt-h05-routing-rtl/rtl/alg_router.v:366$220_EN' using process `\alg_router.$proc$/private/tmp/opencode/wt-h05-routing-rtl/rtl/alg_router.v:354$822'.
  created $dff cell `$procdff$8002' with positive edge clock.
Creating register for signal `\alg_router.$memwr$\nout_q$/private/tmp/opencode/wt-h05-routing-rtl/rtl/alg_router.v:367$221_EN' using process `\alg_router.$proc$/private/tmp/opencode/wt-h05-routing-rtl/rtl/alg_router.v:354$822'.
  created $dff cell `$procdff$8003' with positive edge clock.
Creating register for signal `\alg_router.$memwr$\bus1_q$/private/tmp/opencode/wt-h05-routing-rtl/rtl/alg_router.v:365$222_EN' using process `\alg_router.$proc$/private/tmp/opencode/wt-h05-routing-rtl/rtl/alg_router.v:354$822'.
  created $dff cell `$procdff$8004' with positive edge clock.
Creating register for signal `\alg_router.$memwr$\bus2_q$/private/tmp/opencode/wt-h05-routing-rtl/rtl/alg_router.v:366$223_EN' using process `\alg_router.$proc$/private/tmp/opencode/wt-h05-routing-rtl/rtl/alg_router.v:354$822'.
  created $dff cell `$procdff$8005' with positive edge clock.
Creating register for signal `\alg_router.$memwr$\nout_q$/private/tmp/opencode/wt-h05-routing-rtl/rtl/alg_router.v:367$224_EN' using process `\alg_router.$proc$/private/tmp/opencode/wt-h05-routing-rtl/rtl/alg_router.v:354$822'.
  created $dff cell `$procdff$8006' with positive edge clock.
Creating register for signal `\alg_router.$memwr$\bus1_q$/private/tmp/opencode/wt-h05-routing-rtl/rtl/alg_router.v:365$225_EN' using process `\alg_router.$proc$/private/tmp/opencode/wt-h05-routing-rtl/rtl/alg_router.v:354$822'.
  created $dff cell `$procdff$8007' with positive edge clock.
Creating register for signal `\alg_router.$memwr$\bus2_q$/private/tmp/opencode/wt-h05-routing-rtl/rtl/alg_router.v:366$226_EN' using process `\alg_router.$proc$/private/tmp/opencode/wt-h05-routing-rtl/rtl/alg_router.v:354$822'.
  created $dff cell `$procdff$8008' with positive edge clock.
Creating register for signal `\alg_router.$memwr$\nout_q$/private/tmp/opencode/wt-h05-routing-rtl/rtl/alg_router.v:367$227_EN' using process `\alg_router.$proc$/private/tmp/opencode/wt-h05-routing-rtl/rtl/alg_router.v:354$822'.
  created $dff cell `$procdff$8009' with positive edge clock.
Creating register for signal `\alg_router.$memwr$\bus1_q$/private/tmp/opencode/wt-h05-routing-rtl/rtl/alg_router.v:365$228_EN' using process `\alg_router.$proc$/private/tmp/opencode/wt-h05-routing-rtl/rtl/alg_router.v:354$822'.
  created $dff cell `$procdff$8010' with positive edge clock.
Creating register for signal `\alg_router.$memwr$\bus2_q$/private/tmp/opencode/wt-h05-routing-rtl/rtl/alg_router.v:366$229_EN' using process `\alg_router.$proc$/private/tmp/opencode/wt-h05-routing-rtl/rtl/alg_router.v:354$822'.
  created $dff cell `$procdff$8011' with positive edge clock.
Creating register for signal `\alg_router.$memwr$\nout_q$/private/tmp/opencode/wt-h05-routing-rtl/rtl/alg_router.v:367$230_EN' using process `\alg_router.$proc$/private/tmp/opencode/wt-h05-routing-rtl/rtl/alg_router.v:354$822'.
  created $dff cell `$procdff$8012' with positive edge clock.
Creating register for signal `\alg_router.$memwr$\bus1_q$/private/tmp/opencode/wt-h05-routing-rtl/rtl/alg_router.v:365$231_EN' using process `\alg_router.$proc$/private/tmp/opencode/wt-h05-routing-rtl/rtl/alg_router.v:354$822'.
  created $dff cell `$procdff$8013' with positive edge clock.
Creating register for signal `\alg_router.$memwr$\bus2_q$/private/tmp/opencode/wt-h05-routing-rtl/rtl/alg_router.v:366$232_EN' using process `\alg_router.$proc$/private/tmp/opencode/wt-h05-routing-rtl/rtl/alg_router.v:354$822'.
  created $dff cell `$procdff$8014' with positive edge clock.
Creating register for signal `\alg_router.$memwr$\nout_q$/private/tmp/opencode/wt-h05-routing-rtl/rtl/alg_router.v:367$233_EN' using process `\alg_router.$proc$/private/tmp/opencode/wt-h05-routing-rtl/rtl/alg_router.v:354$822'.
  created $dff cell `$procdff$8015' with positive edge clock.
Creating register for signal `\alg_router.$memwr$\bus1_q$/private/tmp/opencode/wt-h05-routing-rtl/rtl/alg_router.v:365$234_EN' using process `\alg_router.$proc$/private/tmp/opencode/wt-h05-routing-rtl/rtl/alg_router.v:354$822'.
  created $dff cell `$procdff$8016' with positive edge clock.
Creating register for signal `\alg_router.$memwr$\bus2_q$/private/tmp/opencode/wt-h05-routing-rtl/rtl/alg_router.v:366$235_EN' using process `\alg_router.$proc$/private/tmp/opencode/wt-h05-routing-rtl/rtl/alg_router.v:354$822'.
  created $dff cell `$procdff$8017' with positive edge clock.
Creating register for signal `\alg_router.$memwr$\nout_q$/private/tmp/opencode/wt-h05-routing-rtl/rtl/alg_router.v:367$236_EN' using process `\alg_router.$proc$/private/tmp/opencode/wt-h05-routing-rtl/rtl/alg_router.v:354$822'.
  created $dff cell `$procdff$8018' with positive edge clock.
Creating register for signal `\alg_router.$memwr$\bus1_q$/private/tmp/opencode/wt-h05-routing-rtl/rtl/alg_router.v:365$237_EN' using process `\alg_router.$proc$/private/tmp/opencode/wt-h05-routing-rtl/rtl/alg_router.v:354$822'.
  created $dff cell `$procdff$8019' with positive edge clock.
Creating register for signal `\alg_router.$memwr$\bus2_q$/private/tmp/opencode/wt-h05-routing-rtl/rtl/alg_router.v:366$238_EN' using process `\alg_router.$proc$/private/tmp/opencode/wt-h05-routing-rtl/rtl/alg_router.v:354$822'.
  created $dff cell `$procdff$8020' with positive edge clock.
Creating register for signal `\alg_router.$memwr$\nout_q$/private/tmp/opencode/wt-h05-routing-rtl/rtl/alg_router.v:367$239_EN' using process `\alg_router.$proc$/private/tmp/opencode/wt-h05-routing-rtl/rtl/alg_router.v:354$822'.
  created $dff cell `$procdff$8021' with positive edge clock.
Creating register for signal `\alg_router.$memwr$\bus1_q$/private/tmp/opencode/wt-h05-routing-rtl/rtl/alg_router.v:365$240_EN' using process `\alg_router.$proc$/private/tmp/opencode/wt-h05-routing-rtl/rtl/alg_router.v:354$822'.
  created $dff cell `$procdff$8022' with positive edge clock.
Creating register for signal `\alg_router.$memwr$\bus2_q$/private/tmp/opencode/wt-h05-routing-rtl/rtl/alg_router.v:366$241_EN' using process `\alg_router.$proc$/private/tmp/opencode/wt-h05-routing-rtl/rtl/alg_router.v:354$822'.
  created $dff cell `$procdff$8023' with positive edge clock.
Creating register for signal `\alg_router.$memwr$\nout_q$/private/tmp/opencode/wt-h05-routing-rtl/rtl/alg_router.v:367$242_EN' using process `\alg_router.$proc$/private/tmp/opencode/wt-h05-routing-rtl/rtl/alg_router.v:354$822'.
  created $dff cell `$procdff$8024' with positive edge clock.
Creating register for signal `\alg_router.$memwr$\bus1_q$/private/tmp/opencode/wt-h05-routing-rtl/rtl/alg_router.v:365$243_EN' using process `\alg_router.$proc$/private/tmp/opencode/wt-h05-routing-rtl/rtl/alg_router.v:354$822'.
  created $dff cell `$procdff$8025' with positive edge clock.
Creating register for signal `\alg_router.$memwr$\bus2_q$/private/tmp/opencode/wt-h05-routing-rtl/rtl/alg_router.v:366$244_EN' using process `\alg_router.$proc$/private/tmp/opencode/wt-h05-routing-rtl/rtl/alg_router.v:354$822'.
  created $dff cell `$procdff$8026' with positive edge clock.
Creating register for signal `\alg_router.$memwr$\nout_q$/private/tmp/opencode/wt-h05-routing-rtl/rtl/alg_router.v:367$245_EN' using process `\alg_router.$proc$/private/tmp/opencode/wt-h05-routing-rtl/rtl/alg_router.v:354$822'.
  created $dff cell `$procdff$8027' with positive edge clock.
Creating register for signal `\alg_router.$memwr$\bus1_q$/private/tmp/opencode/wt-h05-routing-rtl/rtl/alg_router.v:365$246_EN' using process `\alg_router.$proc$/private/tmp/opencode/wt-h05-routing-rtl/rtl/alg_router.v:354$822'.
  created $dff cell `$procdff$8028' with positive edge clock.
Creating register for signal `\alg_router.$memwr$\bus2_q$/private/tmp/opencode/wt-h05-routing-rtl/rtl/alg_router.v:366$247_EN' using process `\alg_router.$proc$/private/tmp/opencode/wt-h05-routing-rtl/rtl/alg_router.v:354$822'.
  created $dff cell `$procdff$8029' with positive edge clock.
Creating register for signal `\alg_router.$memwr$\nout_q$/private/tmp/opencode/wt-h05-routing-rtl/rtl/alg_router.v:367$248_EN' using process `\alg_router.$proc$/private/tmp/opencode/wt-h05-routing-rtl/rtl/alg_router.v:354$822'.
  created $dff cell `$procdff$8030' with positive edge clock.
Creating register for signal `\alg_router.$memwr$\phase_q$/private/tmp/opencode/wt-h05-routing-rtl/rtl/alg_router.v:404$249_ADDR' using process `\alg_router.$proc$/private/tmp/opencode/wt-h05-routing-rtl/rtl/alg_router.v:354$822'.
  created $dff cell `$procdff$8031' with positive edge clock.
Creating register for signal `\alg_router.$memwr$\phase_q$/private/tmp/opencode/wt-h05-routing-rtl/rtl/alg_router.v:404$249_DATA' using process `\alg_router.$proc$/private/tmp/opencode/wt-h05-routing-rtl/rtl/alg_router.v:354$822'.
  created $dff cell `$procdff$8032' with positive edge clock.
Creating register for signal `\alg_router.$memwr$\phase_q$/private/tmp/opencode/wt-h05-routing-rtl/rtl/alg_router.v:404$249_EN' using process `\alg_router.$proc$/private/tmp/opencode/wt-h05-routing-rtl/rtl/alg_router.v:354$822'.
  created $dff cell `$procdff$8033' with positive edge clock.
Creating register for signal `\alg_router.$memwr$\freq_q$/private/tmp/opencode/wt-h05-routing-rtl/rtl/alg_router.v:405$250_ADDR' using process `\alg_router.$proc$/private/tmp/opencode/wt-h05-routing-rtl/rtl/alg_router.v:354$822'.
  created $dff cell `$procdff$8034' with positive edge clock.
Creating register for signal `\alg_router.$memwr$\freq_q$/private/tmp/opencode/wt-h05-routing-rtl/rtl/alg_router.v:405$250_DATA' using process `\alg_router.$proc$/private/tmp/opencode/wt-h05-routing-rtl/rtl/alg_router.v:354$822'.
  created $dff cell `$procdff$8035' with positive edge clock.
Creating register for signal `\alg_router.$memwr$\freq_q$/private/tmp/opencode/wt-h05-routing-rtl/rtl/alg_router.v:405$250_EN' using process `\alg_router.$proc$/private/tmp/opencode/wt-h05-routing-rtl/rtl/alg_router.v:354$822'.
  created $dff cell `$procdff$8036' with positive edge clock.
Creating register for signal `\alg_router.$memwr$\level_q$/private/tmp/opencode/wt-h05-routing-rtl/rtl/alg_router.v:406$251_ADDR' using process `\alg_router.$proc$/private/tmp/opencode/wt-h05-routing-rtl/rtl/alg_router.v:354$822'.
  created $dff cell `$procdff$8037' with positive edge clock.
Creating register for signal `\alg_router.$memwr$\level_q$/private/tmp/opencode/wt-h05-routing-rtl/rtl/alg_router.v:406$251_DATA' using process `\alg_router.$proc$/private/tmp/opencode/wt-h05-routing-rtl/rtl/alg_router.v:354$822'.
  created $dff cell `$procdff$8038' with positive edge clock.
Creating register for signal `\alg_router.$memwr$\level_q$/private/tmp/opencode/wt-h05-routing-rtl/rtl/alg_router.v:406$251_EN' using process `\alg_router.$proc$/private/tmp/opencode/wt-h05-routing-rtl/rtl/alg_router.v:354$822'.
  created $dff cell `$procdff$8039' with positive edge clock.
Creating register for signal `\alg_router.$memwr$\gaino_q$/private/tmp/opencode/wt-h05-routing-rtl/rtl/alg_router.v:407$252_ADDR' using process `\alg_router.$proc$/private/tmp/opencode/wt-h05-routing-rtl/rtl/alg_router.v:354$822'.
  created $dff cell `$procdff$8040' with positive edge clock.
Creating register for signal `\alg_router.$memwr$\gaino_q$/private/tmp/opencode/wt-h05-routing-rtl/rtl/alg_router.v:407$252_DATA' using process `\alg_router.$proc$/private/tmp/opencode/wt-h05-routing-rtl/rtl/alg_router.v:354$822'.
  created $dff cell `$procdff$8041' with positive edge clock.
Creating register for signal `\alg_router.$memwr$\gaino_q$/private/tmp/opencode/wt-h05-routing-rtl/rtl/alg_router.v:407$252_EN' using process `\alg_router.$proc$/private/tmp/opencode/wt-h05-routing-rtl/rtl/alg_router.v:354$822'.
  created $dff cell `$procdff$8042' with positive edge clock.
Creating register for signal `\alg_router.$memwr$\nout_q$/private/tmp/opencode/wt-h05-routing-rtl/rtl/alg_router.v:418$253_EN' using process `\alg_router.$proc$/private/tmp/opencode/wt-h05-routing-rtl/rtl/alg_router.v:354$822'.
  created $dff cell `$procdff$8043' with positive edge clock.
Creating register for signal `\alg_router.$memwr$\nout_q$/private/tmp/opencode/wt-h05-routing-rtl/rtl/alg_router.v:418$254_EN' using process `\alg_router.$proc$/private/tmp/opencode/wt-h05-routing-rtl/rtl/alg_router.v:354$822'.
  created $dff cell `$procdff$8044' with positive edge clock.
Creating register for signal `\alg_router.$memwr$\nout_q$/private/tmp/opencode/wt-h05-routing-rtl/rtl/alg_router.v:418$255_EN' using process `\alg_router.$proc$/private/tmp/opencode/wt-h05-routing-rtl/rtl/alg_router.v:354$822'.
  created $dff cell `$procdff$8045' with positive edge clock.
Creating register for signal `\alg_router.$memwr$\nout_q$/private/tmp/opencode/wt-h05-routing-rtl/rtl/alg_router.v:418$256_EN' using process `\alg_router.$proc$/private/tmp/opencode/wt-h05-routing-rtl/rtl/alg_router.v:354$822'.
  created $dff cell `$procdff$8046' with positive edge clock.
Creating register for signal `\alg_router.$memwr$\nout_q$/private/tmp/opencode/wt-h05-routing-rtl/rtl/alg_router.v:418$257_EN' using process `\alg_router.$proc$/private/tmp/opencode/wt-h05-routing-rtl/rtl/alg_router.v:354$822'.
  created $dff cell `$procdff$8047' with positive edge clock.
Creating register for signal `\alg_router.$memwr$\nout_q$/private/tmp/opencode/wt-h05-routing-rtl/rtl/alg_router.v:418$258_EN' using process `\alg_router.$proc$/private/tmp/opencode/wt-h05-routing-rtl/rtl/alg_router.v:354$822'.
  created $dff cell `$procdff$8048' with positive edge clock.
Creating register for signal `\alg_router.$memwr$\nout_q$/private/tmp/opencode/wt-h05-routing-rtl/rtl/alg_router.v:418$259_EN' using process `\alg_router.$proc$/private/tmp/opencode/wt-h05-routing-rtl/rtl/alg_router.v:354$822'.
  created $dff cell `$procdff$8049' with positive edge clock.
Creating register for signal `\alg_router.$memwr$\nout_q$/private/tmp/opencode/wt-h05-routing-rtl/rtl/alg_router.v:418$260_EN' using process `\alg_router.$proc$/private/tmp/opencode/wt-h05-routing-rtl/rtl/alg_router.v:354$822'.
  created $dff cell `$procdff$8050' with positive edge clock.
Creating register for signal `\alg_router.$memwr$\nout_q$/private/tmp/opencode/wt-h05-routing-rtl/rtl/alg_router.v:418$261_EN' using process `\alg_router.$proc$/private/tmp/opencode/wt-h05-routing-rtl/rtl/alg_router.v:354$822'.
  created $dff cell `$procdff$8051' with positive edge clock.
Creating register for signal `\alg_router.$memwr$\nout_q$/private/tmp/opencode/wt-h05-routing-rtl/rtl/alg_router.v:418$262_EN' using process `\alg_router.$proc$/private/tmp/opencode/wt-h05-routing-rtl/rtl/alg_router.v:354$822'.
  created $dff cell `$procdff$8052' with positive edge clock.
Creating register for signal `\alg_router.$memwr$\nout_q$/private/tmp/opencode/wt-h05-routing-rtl/rtl/alg_router.v:418$263_EN' using process `\alg_router.$proc$/private/tmp/opencode/wt-h05-routing-rtl/rtl/alg_router.v:354$822'.
  created $dff cell `$procdff$8053' with positive edge clock.
Creating register for signal `\alg_router.$memwr$\nout_q$/private/tmp/opencode/wt-h05-routing-rtl/rtl/alg_router.v:418$264_EN' using process `\alg_router.$proc$/private/tmp/opencode/wt-h05-routing-rtl/rtl/alg_router.v:354$822'.
  created $dff cell `$procdff$8054' with positive edge clock.
Creating register for signal `\alg_router.$memwr$\nout_q$/private/tmp/opencode/wt-h05-routing-rtl/rtl/alg_router.v:418$265_EN' using process `\alg_router.$proc$/private/tmp/opencode/wt-h05-routing-rtl/rtl/alg_router.v:354$822'.
  created $dff cell `$procdff$8055' with positive edge clock.
Creating register for signal `\alg_router.$memwr$\nout_q$/private/tmp/opencode/wt-h05-routing-rtl/rtl/alg_router.v:418$266_EN' using process `\alg_router.$proc$/private/tmp/opencode/wt-h05-routing-rtl/rtl/alg_router.v:354$822'.
  created $dff cell `$procdff$8056' with positive edge clock.
Creating register for signal `\alg_router.$memwr$\nout_q$/private/tmp/opencode/wt-h05-routing-rtl/rtl/alg_router.v:418$267_EN' using process `\alg_router.$proc$/private/tmp/opencode/wt-h05-routing-rtl/rtl/alg_router.v:354$822'.
  created $dff cell `$procdff$8057' with positive edge clock.
Creating register for signal `\alg_router.$memwr$\nout_q$/private/tmp/opencode/wt-h05-routing-rtl/rtl/alg_router.v:418$268_EN' using process `\alg_router.$proc$/private/tmp/opencode/wt-h05-routing-rtl/rtl/alg_router.v:354$822'.
  created $dff cell `$procdff$8058' with positive edge clock.
Creating register for signal `\alg_router.$memwr$\nout_q$/private/tmp/opencode/wt-h05-routing-rtl/rtl/alg_router.v:418$269_EN' using process `\alg_router.$proc$/private/tmp/opencode/wt-h05-routing-rtl/rtl/alg_router.v:354$822'.
  created $dff cell `$procdff$8059' with positive edge clock.
Creating register for signal `\alg_router.$memwr$\nout_q$/private/tmp/opencode/wt-h05-routing-rtl/rtl/alg_router.v:418$270_EN' using process `\alg_router.$proc$/private/tmp/opencode/wt-h05-routing-rtl/rtl/alg_router.v:354$822'.
  created $dff cell `$procdff$8060' with positive edge clock.
Creating register for signal `\alg_router.$memwr$\nout_q$/private/tmp/opencode/wt-h05-routing-rtl/rtl/alg_router.v:418$271_EN' using process `\alg_router.$proc$/private/tmp/opencode/wt-h05-routing-rtl/rtl/alg_router.v:354$822'.
  created $dff cell `$procdff$8061' with positive edge clock.
Creating register for signal `\alg_router.$memwr$\nout_q$/private/tmp/opencode/wt-h05-routing-rtl/rtl/alg_router.v:418$272_EN' using process `\alg_router.$proc$/private/tmp/opencode/wt-h05-routing-rtl/rtl/alg_router.v:354$822'.
  created $dff cell `$procdff$8062' with positive edge clock.
Creating register for signal `\alg_router.$memwr$\nout_q$/private/tmp/opencode/wt-h05-routing-rtl/rtl/alg_router.v:418$273_EN' using process `\alg_router.$proc$/private/tmp/opencode/wt-h05-routing-rtl/rtl/alg_router.v:354$822'.
  created $dff cell `$procdff$8063' with positive edge clock.
Creating register for signal `\alg_router.$memwr$\nout_q$/private/tmp/opencode/wt-h05-routing-rtl/rtl/alg_router.v:418$274_EN' using process `\alg_router.$proc$/private/tmp/opencode/wt-h05-routing-rtl/rtl/alg_router.v:354$822'.
  created $dff cell `$procdff$8064' with positive edge clock.
Creating register for signal `\alg_router.$memwr$\nout_q$/private/tmp/opencode/wt-h05-routing-rtl/rtl/alg_router.v:418$275_EN' using process `\alg_router.$proc$/private/tmp/opencode/wt-h05-routing-rtl/rtl/alg_router.v:354$822'.
  created $dff cell `$procdff$8065' with positive edge clock.
Creating register for signal `\alg_router.$memwr$\nout_q$/private/tmp/opencode/wt-h05-routing-rtl/rtl/alg_router.v:418$276_EN' using process `\alg_router.$proc$/private/tmp/opencode/wt-h05-routing-rtl/rtl/alg_router.v:354$822'.
  created $dff cell `$procdff$8066' with positive edge clock.
Creating register for signal `\alg_router.$memwr$\nout_q$/private/tmp/opencode/wt-h05-routing-rtl/rtl/alg_router.v:418$277_EN' using process `\alg_router.$proc$/private/tmp/opencode/wt-h05-routing-rtl/rtl/alg_router.v:354$822'.
  created $dff cell `$procdff$8067' with positive edge clock.
Creating register for signal `\alg_router.$memwr$\nout_q$/private/tmp/opencode/wt-h05-routing-rtl/rtl/alg_router.v:418$278_EN' using process `\alg_router.$proc$/private/tmp/opencode/wt-h05-routing-rtl/rtl/alg_router.v:354$822'.
  created $dff cell `$procdff$8068' with positive edge clock.
Creating register for signal `\alg_router.$memwr$\nout_q$/private/tmp/opencode/wt-h05-routing-rtl/rtl/alg_router.v:418$279_EN' using process `\alg_router.$proc$/private/tmp/opencode/wt-h05-routing-rtl/rtl/alg_router.v:354$822'.
  created $dff cell `$procdff$8069' with positive edge clock.
Creating register for signal `\alg_router.$memwr$\nout_q$/private/tmp/opencode/wt-h05-routing-rtl/rtl/alg_router.v:418$280_EN' using process `\alg_router.$proc$/private/tmp/opencode/wt-h05-routing-rtl/rtl/alg_router.v:354$822'.
  created $dff cell `$procdff$8070' with positive edge clock.
Creating register for signal `\alg_router.$memwr$\nout_q$/private/tmp/opencode/wt-h05-routing-rtl/rtl/alg_router.v:418$281_EN' using process `\alg_router.$proc$/private/tmp/opencode/wt-h05-routing-rtl/rtl/alg_router.v:354$822'.
  created $dff cell `$procdff$8071' with positive edge clock.
Creating register for signal `\alg_router.$memwr$\nout_q$/private/tmp/opencode/wt-h05-routing-rtl/rtl/alg_router.v:418$282_EN' using process `\alg_router.$proc$/private/tmp/opencode/wt-h05-routing-rtl/rtl/alg_router.v:354$822'.
  created $dff cell `$procdff$8072' with positive edge clock.
Creating register for signal `\alg_router.$memwr$\nout_q$/private/tmp/opencode/wt-h05-routing-rtl/rtl/alg_router.v:418$283_EN' using process `\alg_router.$proc$/private/tmp/opencode/wt-h05-routing-rtl/rtl/alg_router.v:354$822'.
  created $dff cell `$procdff$8073' with positive edge clock.
Creating register for signal `\alg_router.$memwr$\nout_q$/private/tmp/opencode/wt-h05-routing-rtl/rtl/alg_router.v:418$284_EN' using process `\alg_router.$proc$/private/tmp/opencode/wt-h05-routing-rtl/rtl/alg_router.v:354$822'.
  created $dff cell `$procdff$8074' with positive edge clock.
Creating register for signal `\alg_router.$memwr$\nout_q$/private/tmp/opencode/wt-h05-routing-rtl/rtl/alg_router.v:418$285_EN' using process `\alg_router.$proc$/private/tmp/opencode/wt-h05-routing-rtl/rtl/alg_router.v:354$822'.
  created $dff cell `$procdff$8075' with positive edge clock.
Creating register for signal `\alg_router.$memwr$\nout_q$/private/tmp/opencode/wt-h05-routing-rtl/rtl/alg_router.v:418$286_EN' using process `\alg_router.$proc$/private/tmp/opencode/wt-h05-routing-rtl/rtl/alg_router.v:354$822'.
  created $dff cell `$procdff$8076' with positive edge clock.
Creating register for signal `\alg_router.$memwr$\nout_q$/private/tmp/opencode/wt-h05-routing-rtl/rtl/alg_router.v:418$287_EN' using process `\alg_router.$proc$/private/tmp/opencode/wt-h05-routing-rtl/rtl/alg_router.v:354$822'.
  created $dff cell `$procdff$8077' with positive edge clock.
Creating register for signal `\alg_router.$memwr$\nout_q$/private/tmp/opencode/wt-h05-routing-rtl/rtl/alg_router.v:418$288_EN' using process `\alg_router.$proc$/private/tmp/opencode/wt-h05-routing-rtl/rtl/alg_router.v:354$822'.
  created $dff cell `$procdff$8078' with positive edge clock.
Creating register for signal `\alg_router.$memwr$\nout_q$/private/tmp/opencode/wt-h05-routing-rtl/rtl/alg_router.v:418$289_EN' using process `\alg_router.$proc$/private/tmp/opencode/wt-h05-routing-rtl/rtl/alg_router.v:354$822'.
  created $dff cell `$procdff$8079' with positive edge clock.
Creating register for signal `\alg_router.$memwr$\nout_q$/private/tmp/opencode/wt-h05-routing-rtl/rtl/alg_router.v:418$290_EN' using process `\alg_router.$proc$/private/tmp/opencode/wt-h05-routing-rtl/rtl/alg_router.v:354$822'.
  created $dff cell `$procdff$8080' with positive edge clock.
Creating register for signal `\alg_router.$memwr$\nout_q$/private/tmp/opencode/wt-h05-routing-rtl/rtl/alg_router.v:418$291_EN' using process `\alg_router.$proc$/private/tmp/opencode/wt-h05-routing-rtl/rtl/alg_router.v:354$822'.
  created $dff cell `$procdff$8081' with positive edge clock.
Creating register for signal `\alg_router.$memwr$\nout_q$/private/tmp/opencode/wt-h05-routing-rtl/rtl/alg_router.v:418$292_EN' using process `\alg_router.$proc$/private/tmp/opencode/wt-h05-routing-rtl/rtl/alg_router.v:354$822'.
  created $dff cell `$procdff$8082' with positive edge clock.
Creating register for signal `\alg_router.$memwr$\nout_q$/private/tmp/opencode/wt-h05-routing-rtl/rtl/alg_router.v:418$293_EN' using process `\alg_router.$proc$/private/tmp/opencode/wt-h05-routing-rtl/rtl/alg_router.v:354$822'.
  created $dff cell `$procdff$8083' with positive edge clock.
Creating register for signal `\alg_router.$memwr$\nout_q$/private/tmp/opencode/wt-h05-routing-rtl/rtl/alg_router.v:418$294_EN' using process `\alg_router.$proc$/private/tmp/opencode/wt-h05-routing-rtl/rtl/alg_router.v:354$822'.
  created $dff cell `$procdff$8084' with positive edge clock.
Creating register for signal `\alg_router.$memwr$\nout_q$/private/tmp/opencode/wt-h05-routing-rtl/rtl/alg_router.v:418$295_EN' using process `\alg_router.$proc$/private/tmp/opencode/wt-h05-routing-rtl/rtl/alg_router.v:354$822'.
  created $dff cell `$procdff$8085' with positive edge clock.
Creating register for signal `\alg_router.$memwr$\nout_q$/private/tmp/opencode/wt-h05-routing-rtl/rtl/alg_router.v:418$296_EN' using process `\alg_router.$proc$/private/tmp/opencode/wt-h05-routing-rtl/rtl/alg_router.v:354$822'.
  created $dff cell `$procdff$8086' with positive edge clock.
Creating register for signal `\alg_router.$memwr$\nout_q$/private/tmp/opencode/wt-h05-routing-rtl/rtl/alg_router.v:418$297_EN' using process `\alg_router.$proc$/private/tmp/opencode/wt-h05-routing-rtl/rtl/alg_router.v:354$822'.
  created $dff cell `$procdff$8087' with positive edge clock.
Creating register for signal `\alg_router.$memwr$\nout_q$/private/tmp/opencode/wt-h05-routing-rtl/rtl/alg_router.v:418$298_EN' using process `\alg_router.$proc$/private/tmp/opencode/wt-h05-routing-rtl/rtl/alg_router.v:354$822'.
  created $dff cell `$procdff$8088' with positive edge clock.
Creating register for signal `\alg_router.$memwr$\nout_q$/private/tmp/opencode/wt-h05-routing-rtl/rtl/alg_router.v:418$299_EN' using process `\alg_router.$proc$/private/tmp/opencode/wt-h05-routing-rtl/rtl/alg_router.v:354$822'.
  created $dff cell `$procdff$8089' with positive edge clock.
Creating register for signal `\alg_router.$memwr$\nout_q$/private/tmp/opencode/wt-h05-routing-rtl/rtl/alg_router.v:418$300_EN' using process `\alg_router.$proc$/private/tmp/opencode/wt-h05-routing-rtl/rtl/alg_router.v:354$822'.
  created $dff cell `$procdff$8090' with positive edge clock.
Creating register for signal `\alg_router.$memwr$\nout_q$/private/tmp/opencode/wt-h05-routing-rtl/rtl/alg_router.v:418$301_EN' using process `\alg_router.$proc$/private/tmp/opencode/wt-h05-routing-rtl/rtl/alg_router.v:354$822'.
  created $dff cell `$procdff$8091' with positive edge clock.
Creating register for signal `\alg_router.$memwr$\nout_q$/private/tmp/opencode/wt-h05-routing-rtl/rtl/alg_router.v:418$302_EN' using process `\alg_router.$proc$/private/tmp/opencode/wt-h05-routing-rtl/rtl/alg_router.v:354$822'.
  created $dff cell `$procdff$8092' with positive edge clock.
Creating register for signal `\alg_router.$memwr$\nout_q$/private/tmp/opencode/wt-h05-routing-rtl/rtl/alg_router.v:418$303_EN' using process `\alg_router.$proc$/private/tmp/opencode/wt-h05-routing-rtl/rtl/alg_router.v:354$822'.
  created $dff cell `$procdff$8093' with positive edge clock.
Creating register for signal `\alg_router.$memwr$\nout_q$/private/tmp/opencode/wt-h05-routing-rtl/rtl/alg_router.v:418$304_EN' using process `\alg_router.$proc$/private/tmp/opencode/wt-h05-routing-rtl/rtl/alg_router.v:354$822'.
  created $dff cell `$procdff$8094' with positive edge clock.
Creating register for signal `\alg_router.$memwr$\nout_q$/private/tmp/opencode/wt-h05-routing-rtl/rtl/alg_router.v:418$305_EN' using process `\alg_router.$proc$/private/tmp/opencode/wt-h05-routing-rtl/rtl/alg_router.v:354$822'.
  created $dff cell `$procdff$8095' with positive edge clock.
Creating register for signal `\alg_router.$memwr$\nout_q$/private/tmp/opencode/wt-h05-routing-rtl/rtl/alg_router.v:418$306_EN' using process `\alg_router.$proc$/private/tmp/opencode/wt-h05-routing-rtl/rtl/alg_router.v:354$822'.
  created $dff cell `$procdff$8096' with positive edge clock.
Creating register for signal `\alg_router.$memwr$\nout_q$/private/tmp/opencode/wt-h05-routing-rtl/rtl/alg_router.v:418$307_EN' using process `\alg_router.$proc$/private/tmp/opencode/wt-h05-routing-rtl/rtl/alg_router.v:354$822'.
  created $dff cell `$procdff$8097' with positive edge clock.
Creating register for signal `\alg_router.$memwr$\nout_q$/private/tmp/opencode/wt-h05-routing-rtl/rtl/alg_router.v:418$308_EN' using process `\alg_router.$proc$/private/tmp/opencode/wt-h05-routing-rtl/rtl/alg_router.v:354$822'.
  created $dff cell `$procdff$8098' with positive edge clock.
Creating register for signal `\alg_router.$memwr$\nout_q$/private/tmp/opencode/wt-h05-routing-rtl/rtl/alg_router.v:418$309_EN' using process `\alg_router.$proc$/private/tmp/opencode/wt-h05-routing-rtl/rtl/alg_router.v:354$822'.
  created $dff cell `$procdff$8099' with positive edge clock.
Creating register for signal `\alg_router.$memwr$\nout_q$/private/tmp/opencode/wt-h05-routing-rtl/rtl/alg_router.v:418$310_EN' using process `\alg_router.$proc$/private/tmp/opencode/wt-h05-routing-rtl/rtl/alg_router.v:354$822'.
  created $dff cell `$procdff$8100' with positive edge clock.
Creating register for signal `\alg_router.$memwr$\nout_q$/private/tmp/opencode/wt-h05-routing-rtl/rtl/alg_router.v:418$311_EN' using process `\alg_router.$proc$/private/tmp/opencode/wt-h05-routing-rtl/rtl/alg_router.v:354$822'.
  created $dff cell `$procdff$8101' with positive edge clock.
Creating register for signal `\alg_router.$memwr$\nout_q$/private/tmp/opencode/wt-h05-routing-rtl/rtl/alg_router.v:418$312_EN' using process `\alg_router.$proc$/private/tmp/opencode/wt-h05-routing-rtl/rtl/alg_router.v:354$822'.
  created $dff cell `$procdff$8102' with positive edge clock.
Creating register for signal `\alg_router.$memwr$\nout_q$/private/tmp/opencode/wt-h05-routing-rtl/rtl/alg_router.v:418$313_EN' using process `\alg_router.$proc$/private/tmp/opencode/wt-h05-routing-rtl/rtl/alg_router.v:354$822'.
  created $dff cell `$procdff$8103' with positive edge clock.
Creating register for signal `\alg_router.$memwr$\nout_q$/private/tmp/opencode/wt-h05-routing-rtl/rtl/alg_router.v:418$314_EN' using process `\alg_router.$proc$/private/tmp/opencode/wt-h05-routing-rtl/rtl/alg_router.v:354$822'.
  created $dff cell `$procdff$8104' with positive edge clock.
Creating register for signal `\alg_router.$memwr$\nout_q$/private/tmp/opencode/wt-h05-routing-rtl/rtl/alg_router.v:418$315_EN' using process `\alg_router.$proc$/private/tmp/opencode/wt-h05-routing-rtl/rtl/alg_router.v:354$822'.
  created $dff cell `$procdff$8105' with positive edge clock.
Creating register for signal `\alg_router.$memwr$\nout_q$/private/tmp/opencode/wt-h05-routing-rtl/rtl/alg_router.v:418$316_EN' using process `\alg_router.$proc$/private/tmp/opencode/wt-h05-routing-rtl/rtl/alg_router.v:354$822'.
  created $dff cell `$procdff$8106' with positive edge clock.
Creating register for signal `\alg_router.$memwr$\gaino_q$/private/tmp/opencode/wt-h05-routing-rtl/rtl/alg_router.v:423$317_ADDR' using process `\alg_router.$proc$/private/tmp/opencode/wt-h05-routing-rtl/rtl/alg_router.v:354$822'.
  created $dff cell `$procdff$8107' with positive edge clock.
Creating register for signal `\alg_router.$memwr$\gaino_q$/private/tmp/opencode/wt-h05-routing-rtl/rtl/alg_router.v:423$317_DATA' using process `\alg_router.$proc$/private/tmp/opencode/wt-h05-routing-rtl/rtl/alg_router.v:354$822'.
  created $dff cell `$procdff$8108' with positive edge clock.
Creating register for signal `\alg_router.$memwr$\gaino_q$/private/tmp/opencode/wt-h05-routing-rtl/rtl/alg_router.v:423$317_EN' using process `\alg_router.$proc$/private/tmp/opencode/wt-h05-routing-rtl/rtl/alg_router.v:354$822'.
  created $dff cell `$procdff$8109' with positive edge clock.
Creating register for signal `\alg_router.$memwr$\nout_q$/private/tmp/opencode/wt-h05-routing-rtl/rtl/alg_router.v:505$318_ADDR' using process `\alg_router.$proc$/private/tmp/opencode/wt-h05-routing-rtl/rtl/alg_router.v:354$822'.
  created $dff cell `$procdff$8110' with positive edge clock.
Creating register for signal `\alg_router.$memwr$\nout_q$/private/tmp/opencode/wt-h05-routing-rtl/rtl/alg_router.v:505$318_DATA' using process `\alg_router.$proc$/private/tmp/opencode/wt-h05-routing-rtl/rtl/alg_router.v:354$822'.
  created $dff cell `$procdff$8111' with positive edge clock.
Creating register for signal `\alg_router.$memwr$\nout_q$/private/tmp/opencode/wt-h05-routing-rtl/rtl/alg_router.v:505$318_EN' using process `\alg_router.$proc$/private/tmp/opencode/wt-h05-routing-rtl/rtl/alg_router.v:354$822'.
  created $dff cell `$procdff$8112' with positive edge clock.
Creating register for signal `\alg_router.$memwr$\bus1_q$/private/tmp/opencode/wt-h05-routing-rtl/rtl/alg_router.v:509$319_ADDR' using process `\alg_router.$proc$/private/tmp/opencode/wt-h05-routing-rtl/rtl/alg_router.v:354$822'.
  created $dff cell `$procdff$8113' with positive edge clock.
Creating register for signal `\alg_router.$memwr$\bus1_q$/private/tmp/opencode/wt-h05-routing-rtl/rtl/alg_router.v:509$319_DATA' using process `\alg_router.$proc$/private/tmp/opencode/wt-h05-routing-rtl/rtl/alg_router.v:354$822'.
  created $dff cell `$procdff$8114' with positive edge clock.
Creating register for signal `\alg_router.$memwr$\bus1_q$/private/tmp/opencode/wt-h05-routing-rtl/rtl/alg_router.v:509$319_EN' using process `\alg_router.$proc$/private/tmp/opencode/wt-h05-routing-rtl/rtl/alg_router.v:354$822'.
  created $dff cell `$procdff$8115' with positive edge clock.
Creating register for signal `\alg_router.$memwr$\bus2_q$/private/tmp/opencode/wt-h05-routing-rtl/rtl/alg_router.v:513$320_ADDR' using process `\alg_router.$proc$/private/tmp/opencode/wt-h05-routing-rtl/rtl/alg_router.v:354$822'.
  created $dff cell `$procdff$8116' with positive edge clock.
Creating register for signal `\alg_router.$memwr$\bus2_q$/private/tmp/opencode/wt-h05-routing-rtl/rtl/alg_router.v:513$320_DATA' using process `\alg_router.$proc$/private/tmp/opencode/wt-h05-routing-rtl/rtl/alg_router.v:354$822'.
  created $dff cell `$procdff$8117' with positive edge clock.
Creating register for signal `\alg_router.$memwr$\bus2_q$/private/tmp/opencode/wt-h05-routing-rtl/rtl/alg_router.v:513$320_EN' using process `\alg_router.$proc$/private/tmp/opencode/wt-h05-routing-rtl/rtl/alg_router.v:354$822'.
  created $dff cell `$procdff$8118' with positive edge clock.
Creating register for signal `\alg_router.$memwr$\nout_q$/private/tmp/opencode/wt-h05-routing-rtl/rtl/alg_router.v:527$321_ADDR' using process `\alg_router.$proc$/private/tmp/opencode/wt-h05-routing-rtl/rtl/alg_router.v:354$822'.
  created $dff cell `$procdff$8119' with positive edge clock.
Creating register for signal `\alg_router.$memwr$\nout_q$/private/tmp/opencode/wt-h05-routing-rtl/rtl/alg_router.v:527$321_DATA' using process `\alg_router.$proc$/private/tmp/opencode/wt-h05-routing-rtl/rtl/alg_router.v:354$822'.
  created $dff cell `$procdff$8120' with positive edge clock.
Creating register for signal `\alg_router.$memwr$\nout_q$/private/tmp/opencode/wt-h05-routing-rtl/rtl/alg_router.v:527$321_EN' using process `\alg_router.$proc$/private/tmp/opencode/wt-h05-routing-rtl/rtl/alg_router.v:354$822'.
  created $dff cell `$procdff$8121' with positive edge clock.
Creating register for signal `\alg_router.$memwr$\nout_q$/private/tmp/opencode/wt-h05-routing-rtl/rtl/alg_router.v:539$322_ADDR' using process `\alg_router.$proc$/private/tmp/opencode/wt-h05-routing-rtl/rtl/alg_router.v:354$822'.
  created $dff cell `$procdff$8122' with positive edge clock.
Creating register for signal `\alg_router.$memwr$\nout_q$/private/tmp/opencode/wt-h05-routing-rtl/rtl/alg_router.v:539$322_DATA' using process `\alg_router.$proc$/private/tmp/opencode/wt-h05-routing-rtl/rtl/alg_router.v:354$822'.
  created $dff cell `$procdff$8123' with positive edge clock.
Creating register for signal `\alg_router.$memwr$\nout_q$/private/tmp/opencode/wt-h05-routing-rtl/rtl/alg_router.v:539$322_EN' using process `\alg_router.$proc$/private/tmp/opencode/wt-h05-routing-rtl/rtl/alg_router.v:354$822'.
  created $dff cell `$procdff$8124' with positive edge clock.
Creating register for signal `\alg_router.$memwr$\phase_q$/private/tmp/opencode/wt-h05-routing-rtl/rtl/alg_router.v:549$323_ADDR' using process `\alg_router.$proc$/private/tmp/opencode/wt-h05-routing-rtl/rtl/alg_router.v:354$822'.
  created $dff cell `$procdff$8125' with positive edge clock.
Creating register for signal `\alg_router.$memwr$\phase_q$/private/tmp/opencode/wt-h05-routing-rtl/rtl/alg_router.v:549$323_DATA' using process `\alg_router.$proc$/private/tmp/opencode/wt-h05-routing-rtl/rtl/alg_router.v:354$822'.
  created $dff cell `$procdff$8126' with positive edge clock.
Creating register for signal `\alg_router.$memwr$\phase_q$/private/tmp/opencode/wt-h05-routing-rtl/rtl/alg_router.v:549$323_EN' using process `\alg_router.$proc$/private/tmp/opencode/wt-h05-routing-rtl/rtl/alg_router.v:354$822'.
  created $dff cell `$procdff$8127' with positive edge clock.
Creating register for signal `\alg_router.$memwr$\phase_q$/private/tmp/opencode/wt-h05-routing-rtl/rtl/alg_router.v:574$324_DATA' using process `\alg_router.$proc$/private/tmp/opencode/wt-h05-routing-rtl/rtl/alg_router.v:354$822'.
  created $dff cell `$procdff$8128' with positive edge clock.
Creating register for signal `\alg_router.$memwr$\phase_q$/private/tmp/opencode/wt-h05-routing-rtl/rtl/alg_router.v:574$324_EN' using process `\alg_router.$proc$/private/tmp/opencode/wt-h05-routing-rtl/rtl/alg_router.v:354$822'.
  created $dff cell `$procdff$8129' with positive edge clock.
Creating register for signal `\alg_router.$memwr$\phase_q$/private/tmp/opencode/wt-h05-routing-rtl/rtl/alg_router.v:576$325_DATA' using process `\alg_router.$proc$/private/tmp/opencode/wt-h05-routing-rtl/rtl/alg_router.v:354$822'.
  created $dff cell `$procdff$8130' with positive edge clock.
Creating register for signal `\alg_router.$memwr$\phase_q$/private/tmp/opencode/wt-h05-routing-rtl/rtl/alg_router.v:576$325_EN' using process `\alg_router.$proc$/private/tmp/opencode/wt-h05-routing-rtl/rtl/alg_router.v:354$822'.
  created $dff cell `$procdff$8131' with positive edge clock.
Creating register for signal `\alg_router.$memwr$\gaino_q$/private/tmp/opencode/wt-h05-routing-rtl/rtl/alg_router.v:578$326_DATA' using process `\alg_router.$proc$/private/tmp/opencode/wt-h05-routing-rtl/rtl/alg_router.v:354$822'.
  created $dff cell `$procdff$8132' with positive edge clock.
Creating register for signal `\alg_router.$memwr$\gaino_q$/private/tmp/opencode/wt-h05-routing-rtl/rtl/alg_router.v:578$326_EN' using process `\alg_router.$proc$/private/tmp/opencode/wt-h05-routing-rtl/rtl/alg_router.v:354$822'.
  created $dff cell `$procdff$8133' with positive edge clock.
Creating register for signal `\alg_router.$memwr$\gaino_q$/private/tmp/opencode/wt-h05-routing-rtl/rtl/alg_router.v:579$327_DATA' using process `\alg_router.$proc$/private/tmp/opencode/wt-h05-routing-rtl/rtl/alg_router.v:354$822'.
  created $dff cell `$procdff$8134' with positive edge clock.
Creating register for signal `\alg_router.$memwr$\gaino_q$/private/tmp/opencode/wt-h05-routing-rtl/rtl/alg_router.v:579$327_EN' using process `\alg_router.$proc$/private/tmp/opencode/wt-h05-routing-rtl/rtl/alg_router.v:354$822'.
  created $dff cell `$procdff$8135' with positive edge clock.
Creating register for signal `\alg_router.$memwr$\phase_q$/private/tmp/opencode/wt-h05-routing-rtl/rtl/alg_router.v:582$328_DATA' using process `\alg_router.$proc$/private/tmp/opencode/wt-h05-routing-rtl/rtl/alg_router.v:354$822'.
  created $dff cell `$procdff$8136' with positive edge clock.
Creating register for signal `\alg_router.$memwr$\phase_q$/private/tmp/opencode/wt-h05-routing-rtl/rtl/alg_router.v:582$328_EN' using process `\alg_router.$proc$/private/tmp/opencode/wt-h05-routing-rtl/rtl/alg_router.v:354$822'.
  created $dff cell `$procdff$8137' with positive edge clock.
Creating register for signal `\alg_router.$memwr$\gaino_q$/private/tmp/opencode/wt-h05-routing-rtl/rtl/alg_router.v:584$329_DATA' using process `\alg_router.$proc$/private/tmp/opencode/wt-h05-routing-rtl/rtl/alg_router.v:354$822'.
  created $dff cell `$procdff$8138' with positive edge clock.
Creating register for signal `\alg_router.$memwr$\gaino_q$/private/tmp/opencode/wt-h05-routing-rtl/rtl/alg_router.v:584$329_EN' using process `\alg_router.$proc$/private/tmp/opencode/wt-h05-routing-rtl/rtl/alg_router.v:354$822'.
  created $dff cell `$procdff$8139' with positive edge clock.

3.2.10. Executing PROC_MEMWR pass (convert process memory writes to cells).

3.2.11. Executing PROC_CLEAN pass (remove empty switches from decision trees).
Removing empty process `alg_router.$proc$/private/tmp/opencode/wt-h05-routing-rtl/rtl/alg_router.v:243$2063'.
Removing empty process `alg_router.$proc$/private/tmp/opencode/wt-h05-routing-rtl/rtl/alg_router.v:242$2060'.
Removing empty process `alg_router.$proc$/private/tmp/opencode/wt-h05-routing-rtl/rtl/alg_router.v:221$2057'.
Removing empty process `alg_router.$proc$/private/tmp/opencode/wt-h05-routing-rtl/rtl/alg_router.v:214$2053'.
Found and cleaned up 32 empty switches in `\alg_router.$proc$/private/tmp/opencode/wt-h05-routing-rtl/rtl/alg_router.v:354$822'.
Removing empty process `alg_router.$proc$/private/tmp/opencode/wt-h05-routing-rtl/rtl/alg_router.v:354$822'.
Found and cleaned up 5 empty switches in `\alg_router.$proc$/private/tmp/opencode/wt-h05-routing-rtl/rtl/alg_router.v:310$813'.
Removing empty process `alg_router.$proc$/private/tmp/opencode/wt-h05-routing-rtl/rtl/alg_router.v:310$813'.
Removing empty process `alg_router.$proc$/private/tmp/opencode/wt-h05-routing-rtl/rtl/alg_router.v:291$427'.
Cleaned up 37 empty switches.

3.2.12. Executing OPT_EXPR pass (perform const folding).
Optimizing module alg_router.
<suppressed ~49 debug messages>

3.3. Executing OPT_EXPR pass (perform const folding).
Optimizing module alg_router.

3.4. Executing OPT_CLEAN pass (remove unused cells and wires).
Finding unused cells or wires in module \alg_router..
Removed 3259 unused cells and 6007 unused wires.
<suppressed ~3353 debug messages>

3.5. Executing CHECK pass (checking for obvious problems).
Checking module alg_router...
Found and reported 0 problems.

3.6. Executing OPT pass (performing simple optimizations).

3.6.1. Executing OPT_EXPR pass (perform const folding).
Optimizing module alg_router.

3.6.2. Executing OPT_MERGE pass (detect identical cells).
Finding identical cells in module `\alg_router'.
Computing hashes of 0 cells of `\alg_router'.
Finding duplicate cells in `\alg_router'.
Removed a total of 0 cells.

3.6.3. Executing OPT_MUXTREE pass (detect dead branches in mux trees).
Running muxtree optimizer on module \alg_router..
  Creating internal representation of mux trees.
  No muxes found in this module.
Removed 0 multiplexer ports.

3.6.4. Executing OPT_REDUCE pass (consolidate $*mux and $reduce_* inputs).
  Optimizing cells in module \alg_router.
Performed a total of 0 changes.

3.6.5. Executing OPT_MERGE pass (detect identical cells).
Finding identical cells in module `\alg_router'.
Computing hashes of 0 cells of `\alg_router'.
Finding duplicate cells in `\alg_router'.
Removed a total of 0 cells.

3.6.6. Executing OPT_DFF pass (perform DFF optimizations).

3.6.7. Executing OPT_CLEAN pass (remove unused cells and wires).
Finding unused cells or wires in module \alg_router..

3.6.8. Executing OPT_EXPR pass (perform const folding).
Optimizing module alg_router.

3.6.9. Finished fast OPT passes. (There is nothing left to do.)

3.7. Executing FSM pass (extract and optimize FSM).

3.7.1. Executing FSM_DETECT pass (finding FSMs in design).

3.7.2. Executing FSM_EXTRACT pass (extracting FSM from design).

3.7.3. Executing FSM_OPT pass (simple optimizations of FSMs).

3.7.4. Executing OPT_CLEAN pass (remove unused cells and wires).
Finding unused cells or wires in module \alg_router..

3.7.5. Executing FSM_OPT pass (simple optimizations of FSMs).

3.7.6. Executing FSM_RECODE pass (re-assigning FSM state encoding).

3.7.7. Executing FSM_INFO pass (dumping all available information on FSM cells).

3.7.8. Executing FSM_MAP pass (mapping FSMs to basic logic).

3.8. Executing OPT pass (performing simple optimizations).

3.8.1. Executing OPT_EXPR pass (perform const folding).
Optimizing module alg_router.

3.8.2. Executing OPT_MERGE pass (detect identical cells).
Finding identical cells in module `\alg_router'.
Computing hashes of 0 cells of `\alg_router'.
Finding duplicate cells in `\alg_router'.
Removed a total of 0 cells.

3.8.3. Executing OPT_MUXTREE pass (detect dead branches in mux trees).
Running muxtree optimizer on module \alg_router..
  Creating internal representation of mux trees.
  No muxes found in this module.
Removed 0 multiplexer ports.

3.8.4. Executing OPT_REDUCE pass (consolidate $*mux and $reduce_* inputs).
  Optimizing cells in module \alg_router.
Performed a total of 0 changes.

3.8.5. Executing OPT_MERGE pass (detect identical cells).
Finding identical cells in module `\alg_router'.
Computing hashes of 0 cells of `\alg_router'.
Finding duplicate cells in `\alg_router'.
Removed a total of 0 cells.

3.8.6. Executing OPT_DFF pass (perform DFF optimizations).

3.8.7. Executing OPT_CLEAN pass (remove unused cells and wires).
Finding unused cells or wires in module \alg_router..

3.8.8. Executing OPT_EXPR pass (perform const folding).
Optimizing module alg_router.

3.8.9. Finished fast OPT passes. (There is nothing left to do.)

3.9. Executing WREDUCE pass (reducing word size of cells).

3.10. Executing PEEPOPT pass (run peephole optimizers).

3.11. Executing OPT_CLEAN pass (remove unused cells and wires).
Finding unused cells or wires in module \alg_router..

3.12. Executing ALUMACC pass (create $alu and $macc cells).
Extracting $alu and $macc cells in module alg_router:
  created 0 $alu and 0 $macc cells.

3.13. Executing SHARE pass (SAT-based resource sharing).

3.14. Executing OPT pass (performing simple optimizations).

3.14.1. Executing OPT_EXPR pass (perform const folding).
Optimizing module alg_router.

3.14.2. Executing OPT_MERGE pass (detect identical cells).
Finding identical cells in module `\alg_router'.
Computing hashes of 0 cells of `\alg_router'.
Finding duplicate cells in `\alg_router'.
Removed a total of 0 cells.

3.14.3. Executing OPT_MUXTREE pass (detect dead branches in mux trees).
Running muxtree optimizer on module \alg_router..
  Creating internal representation of mux trees.
  No muxes found in this module.
Removed 0 multiplexer ports.

3.14.4. Executing OPT_REDUCE pass (consolidate $*mux and $reduce_* inputs).
  Optimizing cells in module \alg_router.
Performed a total of 0 changes.

3.14.5. Executing OPT_MERGE pass (detect identical cells).
Finding identical cells in module `\alg_router'.
Computing hashes of 0 cells of `\alg_router'.
Finding duplicate cells in `\alg_router'.
Removed a total of 0 cells.

3.14.6. Executing OPT_DFF pass (perform DFF optimizations).

3.14.7. Executing OPT_CLEAN pass (remove unused cells and wires).
Finding unused cells or wires in module \alg_router..

3.14.8. Executing OPT_EXPR pass (perform const folding).
Optimizing module alg_router.

3.14.9. Finished fast OPT passes. (There is nothing left to do.)

3.15. Executing MEMORY pass.

3.15.1. Executing OPT_MEM pass (optimize memories).
Performed a total of 0 transformations.

3.15.2. Executing OPT_MEM_PRIORITY pass (removing unnecessary memory write priority relations).
Performed a total of 0 transformations.

3.15.3. Executing OPT_MEM_FEEDBACK pass (finding memory read-to-write feedback paths).

3.15.4. Executing MEMORY_BMUX2ROM pass (converting muxes to ROMs).

3.15.5. Executing MEMORY_DFF pass (merging $dff cells to $memrd).

3.15.6. Executing OPT_CLEAN pass (remove unused cells and wires).
Finding unused cells or wires in module \alg_router..

3.15.7. Executing MEMORY_SHARE pass (consolidating $memrd/$memwr cells).

3.15.8. Executing OPT_MEM_WIDEN pass (optimize memories where all ports are wide).
Performed a total of 0 transformations.

3.15.9. Executing OPT_CLEAN pass (remove unused cells and wires).
Finding unused cells or wires in module \alg_router..

3.15.10. Executing MEMORY_COLLECT pass (generating $mem cells).

3.16. Executing OPT_CLEAN pass (remove unused cells and wires).
Finding unused cells or wires in module \alg_router..

3.17. Executing OPT pass (performing simple optimizations).

3.17.1. Executing OPT_EXPR pass (perform const folding).
Optimizing module alg_router.

3.17.2. Executing OPT_MERGE pass (detect identical cells).
Finding identical cells in module `\alg_router'.
Computing hashes of 0 cells of `\alg_router'.
Finding duplicate cells in `\alg_router'.
Removed a total of 0 cells.

3.17.3. Executing OPT_DFF pass (perform DFF optimizations).

3.17.4. Executing OPT_CLEAN pass (remove unused cells and wires).
Finding unused cells or wires in module \alg_router..

3.17.5. Finished fast OPT passes.

3.18. Executing MEMORY_MAP pass (converting memories to logic and flip-flops).

3.19. Executing OPT pass (performing simple optimizations).

3.19.1. Executing OPT_EXPR pass (perform const folding).
Optimizing module alg_router.

3.19.2. Executing OPT_MERGE pass (detect identical cells).
Finding identical cells in module `\alg_router'.
Computing hashes of 0 cells of `\alg_router'.
Finding duplicate cells in `\alg_router'.
Removed a total of 0 cells.

3.19.3. Executing OPT_MUXTREE pass (detect dead branches in mux trees).
Running muxtree optimizer on module \alg_router..
  Creating internal representation of mux trees.
  No muxes found in this module.
Removed 0 multiplexer ports.

3.19.4. Executing OPT_REDUCE pass (consolidate $*mux and $reduce_* inputs).
  Optimizing cells in module \alg_router.
Performed a total of 0 changes.

3.19.5. Executing OPT_MERGE pass (detect identical cells).
Finding identical cells in module `\alg_router'.
Computing hashes of 0 cells of `\alg_router'.
Finding duplicate cells in `\alg_router'.
Removed a total of 0 cells.

3.19.6. Executing OPT_SHARE pass.

3.19.7. Executing OPT_DFF pass (perform DFF optimizations).

3.19.8. Executing OPT_CLEAN pass (remove unused cells and wires).
Finding unused cells or wires in module \alg_router..

3.19.9. Executing OPT_EXPR pass (perform const folding).
Optimizing module alg_router.

3.19.10. Finished fast OPT passes. (There is nothing left to do.)

3.20. Executing TECHMAP pass (map to technology primitives).

3.20.1. Executing Verilog-2005 frontend: /opt/homebrew/bin/../share/yosys/techmap.v
Parsing Verilog input from `/opt/homebrew/bin/../share/yosys/techmap.v' to AST representation.
Generating RTLIL representation for module `\_90_simplemap_bool_ops'.
Generating RTLIL representation for module `\_90_simplemap_reduce_ops'.
Generating RTLIL representation for module `\_90_simplemap_logic_ops'.
Generating RTLIL representation for module `\_90_simplemap_compare_ops'.
Generating RTLIL representation for module `\_90_simplemap_various'.
Generating RTLIL representation for module `\_90_simplemap_registers'.
Generating RTLIL representation for module `\_90_shift_ops_shr_shl_sshl_sshr'.
Generating RTLIL representation for module `\_90_shift_shiftx'.
Generating RTLIL representation for module `\_90_fa'.
Generating RTLIL representation for module `\_90_lcu_brent_kung'.
Generating RTLIL representation for module `\_90_alu'.
Generating RTLIL representation for module `\_90_macc'.
Generating RTLIL representation for module `\_90_alumacc'.
Generating RTLIL representation for module `$__div_mod_u'.
Generating RTLIL representation for module `$__div_mod_trunc'.
Generating RTLIL representation for module `\_90_div'.
Generating RTLIL representation for module `\_90_mod'.
Generating RTLIL representation for module `$__div_mod_floor'.
Generating RTLIL representation for module `\_90_divfloor'.
Generating RTLIL representation for module `\_90_modfloor'.
Generating RTLIL representation for module `\_90_pow'.
Generating RTLIL representation for module `\_90_demux'.
Generating RTLIL representation for module `\_90_lut'.
Generating RTLIL representation for module `$connect'.
Generating RTLIL representation for module `$input_port'.
Successfully finished Verilog frontend.

3.20.2. Continuing TECHMAP pass.
No more expansions possible.
<suppressed ~77 debug messages>

3.21. Executing OPT pass (performing simple optimizations).

3.21.1. Executing OPT_EXPR pass (perform const folding).
Optimizing module alg_router.

3.21.2. Executing OPT_MERGE pass (detect identical cells).
Finding identical cells in module `\alg_router'.
Computing hashes of 0 cells of `\alg_router'.
Finding duplicate cells in `\alg_router'.
Removed a total of 0 cells.

3.21.3. Executing OPT_DFF pass (perform DFF optimizations).

3.21.4. Executing OPT_CLEAN pass (remove unused cells and wires).
Finding unused cells or wires in module \alg_router..

3.21.5. Finished fast OPT passes.

3.22. Executing ABC pass (technology mapping using ABC).

3.22.1. Extracting gate netlist of module `\alg_router' to `<abc-temp-dir>/input.blif'..

3.22.1.1. Executed ABC.
Extracted 0 gates and 0 wires to a netlist network with 0 inputs and 0 outputs.
Don't call ABC as there is nothing to map.
Removing temp directory.
Removing global temp directory.

3.23. Executing OPT pass (performing simple optimizations).

3.23.1. Executing OPT_EXPR pass (perform const folding).
Optimizing module alg_router.

3.23.2. Executing OPT_MERGE pass (detect identical cells).
Finding identical cells in module `\alg_router'.
Computing hashes of 0 cells of `\alg_router'.
Finding duplicate cells in `\alg_router'.
Removed a total of 0 cells.

3.23.3. Executing OPT_DFF pass (perform DFF optimizations).

3.23.4. Executing OPT_CLEAN pass (remove unused cells and wires).
Finding unused cells or wires in module \alg_router..

3.23.5. Finished fast OPT passes.

3.24. Executing HIERARCHY pass (managing design hierarchy).
Attribute `top' found on module `alg_router'. Setting top module to alg_router.

3.24.1. Analyzing design hierarchy..
Top module:  \alg_router

3.24.2. Analyzing design hierarchy..
Top module:  \alg_router
Removed 0 unused modules.

3.25. Printing statistics.

=== alg_router ===

        +----------Local Count, excluding submodules.
        | 
       28 wires
      384 wire bits
       28 public wires
      384 public wire bits
       26 ports
      349 port bits

3.26. Executing CHECK pass (checking for obvious problems).
Checking module alg_router...
Found and reported 0 problems.

4. Executing DFFLIBMAP pass (mapping DFF/DLATCH cells to sequential cells from liberty file).
  cell gf180mcu_fd_sc_mcu7t5v0__dffnq_1 (noninv, pins=3, area=65.86) is a direct match for cell type $_DFF_N_.
  cell gf180mcu_fd_sc_mcu7t5v0__dffq_1 (noninv, pins=3, area=63.66) is a direct match for cell type $_DFF_P_.
  cell gf180mcu_fd_sc_mcu7t5v0__dffnrnq_1 (noninv, pins=4, area=74.64) is a direct match for cell type $_DFF_NN0_.
  cell gf180mcu_fd_sc_mcu7t5v0__dffnsnq_1 (noninv, pins=4, area=79.03) is a direct match for cell type $_DFF_NN1_.
  cell gf180mcu_fd_sc_mcu7t5v0__dffrnq_1 (noninv, pins=4, area=74.64) is a direct match for cell type $_DFF_PN0_.
  cell gf180mcu_fd_sc_mcu7t5v0__dffsnq_1 (noninv, pins=4, area=79.03) is a direct match for cell type $_DFF_PN1_.
  cell gf180mcu_fd_sc_mcu7t5v0__dffnrsnq_1 (noninv, pins=5, area=94.39) is a direct match for cell type $_DFFSR_NNN_.
  cell gf180mcu_fd_sc_mcu7t5v0__dffrsnq_1 (noninv, pins=5, area=85.61) is a direct match for cell type $_DFFSR_PNN_.
  cell gf180mcu_fd_sc_mcu7t5v0__latq_1 (noninv, pins=3, area=43.90) is a direct match for cell type $_DLATCH_P_.
  cell gf180mcu_fd_sc_mcu7t5v0__latrnq_1 (noninv, pins=4, area=48.29) is a direct match for cell type $_DLATCH_PN0_.
  cell gf180mcu_fd_sc_mcu7t5v0__latsnq_1 (noninv, pins=4, area=46.10) is a direct match for cell type $_DLATCH_PN1_.
  cell gf180mcu_fd_sc_mcu7t5v0__latrsnq_1 (noninv, pins=5, area=52.68) is a direct match for cell type $_DLATCHSR_PNN_.
  final dff/dlatch cell mappings:
    \gf180mcu_fd_sc_mcu7t5v0__dffnq_1 _DFF_N_ (.CLKN( C), .D( D), .Q( Q));
    \gf180mcu_fd_sc_mcu7t5v0__dffq_1 _DFF_P_ (.CLK( C), .D( D), .Q( Q));
    \gf180mcu_fd_sc_mcu7t5v0__dffnrnq_1 _DFF_NN0_ (.CLKN( C), .D( D), .Q( Q), .RN( R));
    \gf180mcu_fd_sc_mcu7t5v0__dffnsnq_1 _DFF_NN1_ (.CLKN( C), .D( D), .Q( Q), .SETN( R));
    unmapped dff/dlatch cell: $_DFF_NP0_
    unmapped dff/dlatch cell: $_DFF_NP1_
    \gf180mcu_fd_sc_mcu7t5v0__dffrnq_1 _DFF_PN0_ (.CLK( C), .D( D), .Q( Q), .RN( R));
    \gf180mcu_fd_sc_mcu7t5v0__dffsnq_1 _DFF_PN1_ (.CLK( C), .D( D), .Q( Q), .SETN( R));
    unmapped dff/dlatch cell: $_DFF_PP0_
    unmapped dff/dlatch cell: $_DFF_PP1_
    unmapped dff/dlatch cell: $_DFFE_NN_
    unmapped dff/dlatch cell: $_DFFE_NP_
    unmapped dff/dlatch cell: $_DFFE_PN_
    unmapped dff/dlatch cell: $_DFFE_PP_
    \gf180mcu_fd_sc_mcu7t5v0__dffnrsnq_1 _DFFSR_NNN_ (.CLKN( C), .D( D), .Q( Q), .RN( R), .SETN( S));
    unmapped dff/dlatch cell: $_DFFSR_NNP_
    unmapped dff/dlatch cell: $_DFFSR_NPN_
    unmapped dff/dlatch cell: $_DFFSR_NPP_
    \gf180mcu_fd_sc_mcu7t5v0__dffrsnq_1 _DFFSR_PNN_ (.CLK( C), .D( D), .Q( Q), .RN( R), .SETN( S));
    unmapped dff/dlatch cell: $_DFFSR_PNP_
    unmapped dff/dlatch cell: $_DFFSR_PPN_
    unmapped dff/dlatch cell: $_DFFSR_PPP_
    unmapped dff/dlatch cell: $_DLATCH_N_
    \gf180mcu_fd_sc_mcu7t5v0__latq_1 _DLATCH_P_ (.D( D), .E( E), .Q( Q));
    unmapped dff/dlatch cell: $_DLATCH_NN0_
    unmapped dff/dlatch cell: $_DLATCH_NN1_
    unmapped dff/dlatch cell: $_DLATCH_NP0_
    unmapped dff/dlatch cell: $_DLATCH_NP1_
    \gf180mcu_fd_sc_mcu7t5v0__latrnq_1 _DLATCH_PN0_ (.D( D), .E( E), .Q( Q), .RN( R));
    \gf180mcu_fd_sc_mcu7t5v0__latsnq_1 _DLATCH_PN1_ (.D( D), .E( E), .Q( Q), .SETN( R));
    unmapped dff/dlatch cell: $_DLATCH_PP0_
    unmapped dff/dlatch cell: $_DLATCH_PP1_
    unmapped dff/dlatch cell: $_DLATCHSR_NNN_
    unmapped dff/dlatch cell: $_DLATCHSR_NNP_
    unmapped dff/dlatch cell: $_DLATCHSR_NPN_
    unmapped dff/dlatch cell: $_DLATCHSR_NPP_
    \gf180mcu_fd_sc_mcu7t5v0__latrsnq_1 _DLATCHSR_PNN_ (.D( D), .E( E), .Q( Q), .RN( R), .SETN( S));
    unmapped dff/dlatch cell: $_DLATCHSR_PNP_
    unmapped dff/dlatch cell: $_DLATCHSR_PPN_
    unmapped dff/dlatch cell: $_DLATCHSR_PPP_

4.1. Executing DFFLEGALIZE pass (convert FFs and LATCHes to types supported by the target).
<suppressed ~12 debug messages>
Mapping DFF/DLATCH cells in module `\alg_router':

5. Executing ABC pass (technology mapping using ABC).

5.1. Extracting gate netlist of module `\alg_router' to `<abc-temp-dir>/input.blif'..
ABC: using cached merged SCL: /var/folders/fb/l4j31ymn3bn0mc6v1qbvvl8c0000gn/T/yosys-liberty-scl-cache-501/yosys_merged_d72b0919.scl (1 files)

5.1.1. Executed ABC.
Extracted 0 gates and 0 wires to a netlist network with 0 inputs and 0 outputs.
Don't call ABC as there is nothing to map.
Removing temp directory.
Removing global temp directory.

6. Printing statistics.

=== alg_router ===

        +----------Local Count, excluding submodules.
        | 
       28 wires
      384 wire bits
       28 public wires
      384 public wire bits
       26 ports
      349 port bits

End of script. Logfile hash: f3d009e0b9, time: 4.47s, user: 1.61s, system: 0.07s, MEM: 93.23 MB peak
Yosys 0.69+post (git sha1 143eb14f9cc55d6f8927e68523b0c9d2166ed02c, Release, AppleClang clang++ 21.0.0.21000101)
Time spent: 61% 1x proc_mux (1 sec), 10% 3x read_verilog (0 sec), ...
