00000000 00000000 00000000 00000000 00000000 00000000 00000000 0000000 0000000 00000000
00000000 00000000 00000000 00000000 00000000 00000000 fffffbe6 0000000 0000000 00000000
00000000 00000000 00000000 00000000 00000000 00000000 fffff7cc 0000000 0000000 00000000
00000000 00000000 00000000 00000000 00000000 00000000 fffff3b2 0000000 0000000 00000000
00000000 00000000 00000000 00000000 00000000 00000000 00000000 0fff4b9 0ffffff 00000000
00000000 00000000 00000000 00000000 00000000 00000000 00000000 0ffe973 1000000 00000000
00000000 00000000 00000000 00000000 00000000 00000000 00000000 0ffde2c 1000000 00000000
00000000 00000000 00000000 00000000 00000000 00000000 00000000 0fff4b9 0ffffff 00000000
00000000 00000000 00000000 00000000 00000000 00000000 00000000 0ffe973 1000000 00000000
00000000 00000000 00000000 00000000 00000000 00000000 00000000 0ffde2c 1000000 00000000
00000000 00000000 00000000 00000000 00000000 00000000 00000000 0fff4b9 0ffffff 00000000
00000000 00000000 00000000 00000000 00000000 00000000 00000000 0ffe973 1000000 00000000
00000000 00000000 00000000 00000000 00000000 00000000 00000000 0ffde2c 1000000 00000000
00000000 00000000 00000000 00000000 00000000 00000000 00000000 0fff4b9 0ffffff 00000000
00000000 00000000 00000000 00000000 00000000 00000000 00000000 0ffe973 1000000 00000000
00000000 00000000 00000000 00000000 00000000 00000000 00000000 0ffde2c 1000000 00000000
00000000 00000000 00000000 00000000 00000000 00000000 00000000 0fff4b9 0ffffff 00000000
00000000 00000000 00000000 00000000 00000000 00000000 00000000 0ffe973 1000000 00000000
00000000 00000000 00000000 00000000 00000000 00000000 00000000 0ffde2c 1000000 00000000
00000000 00000000 00000000 00000000 00000000 00000000 00000000 0fff4b9 0ffffff 00000000
00000000 00000000 00000000 00000000 00000000 00000000 00000000 0ffe973 1000000 00000000
00000000 00000000 00000000 00000000 00000000 00000000 00000000 0ffde2c 1000000 00000000
00000000 00000000 00000000 00000000 00000000 00000000 00000000 0fff4b9 0ffffff 00000000
00000000 00000000 00000000 00000000 00000000 00000000 00000000 0ffe973 1000000 00000000
00000000 00000000 00000000 00000000 00000000 00000000 00000000 0ffde2c 1000000 00000000
00000000 00000000 00000000 00000000 00000000 00000000 00000000 0fff4b9 0ffffff 00000000
00000000 00000000 00000000 00000000 00000000 00000000 00000000 0ffe973 1000000 00000000
00000000 00000000 00000000 00000000 00000000 00000000 00000000 0ffde2c 1000000 00000000
00000000 00000000 00000000 00000000 00000000 00000000 00000000 0fff4b9 0ffffff 00000000
00000000 00000000 00000000 00000000 00000000 00000000 00000000 0ffe973 1000000 00000000
00000000 00000000 00000000 00000000 00000000 00000000 00000000 0ffde2c 1000000 00000000
00000000 00000000 00000000 00000000 00000000 00000000 00000000 0fff4b9 0ffffff 00000000
00000000 00000000 00000000 00000000 00000000 00000000 00000000 0ffe973 1000000 00000000
00000000 00000000 00000000 00000000 00000000 00000000 00000000 0ffde2c 1000000 00000000
00000000 00000000 00000000 00000000 00000000 00000000 00000000 0fff4b9 0ffffff 00000000
00000000 00000000 00000000 00000000 00000000 00000000 00000000 0ffe973 1000000 00000000
00000000 00000000 00000000 00000000 00000000 00000000 00000000 0ffde2c 1000000 00000000
00000000 00000000 00000000 00000000 00000000 00000000 00000000 0fff4b9 0ffffff 00000000
00000000 00000000 00000000 00000000 00000000 00000000 00000000 0ffe973 1000000 00000000
00000000 00000000 00000000 00000000 00000000 00000000 00000000 0ffde2c 1000000 00000000
00000000 00000000 00000000 00000000 00000000 00000000 00000000 0fff4b9 0ffffff 00000000
00000000 00000000 00000000 00000000 00000000 00000000 00000000 0ffe973 1000000 00000000
00000000 00000000 00000000 00000000 00000000 00000000 00000000 0ffde2c 1000000 00000000
00000000 00000000 00000000 00000000 00000000 00000000 00000000 0fff4b9 0ffffff 00000000
00000000 00000000 00000000 00000000 00000000 00000000 00000000 0ffe973 1000000 00000000
00000000 00000000 00000000 00000000 00000000 00000000 00000000 0ffde2c 1000000 00000000
00000000 00000000 00000000 00000000 00000000 00000000 00000000 0fff4b9 0ffffff 00000000
00000000 00000000 00000000 00000000 00000000 00000000 00000000 0ffe973 1000000 00000000
00000000 00000000 00000000 00000000 00000000 00000000 00000000 0ffde2c 1000000 00000000
00000000 00000000 00000000 00000000 00000000 00000000 00000000 0fff4b9 0ffffff 00000000
00000000 00000000 00000000 00000000 00000000 00000000 00000000 0ffe973 1000000 00000000
00000000 00000000 00000000 00000000 00000000 00000000 00000000 0ffde2c 1000000 00000000
00000000 00000000 00000000 00000000 00000000 00000000 00000000 0fff4b9 0ffffff 00000000
00000000 00000000 00000000 00000000 00000000 00000000 00000000 0ffe973 1000000 00000000
00000000 00000000 00000000 00000000 00000000 00000000 00000000 0ffde2c 1000000 00000000
00000000 00000000 00000000 00000000 00000000 00000000 00000000 0fff4b9 0ffffff 00000000
00000000 00000000 00000000 00000000 00000000 00000000 00000000 0ffe973 1000000 00000000
00000000 00000000 00000000 00000000 00000000 00000000 00000000 0ffde2c 1000000 00000000
00000000 00000000 00000000 00000000 00000000 00000000 00000000 0fff4b9 0ffffff 00000000
00000000 00000000 00000000 00000000 00000000 00000000 00000000 0ffe973 1000000 00000000
00000000 00000000 00000000 00000000 00000000 00000000 00000000 0ffde2c 1000000 00000000
00000000 00000000 00000000 00000000 00000000 00000000 00000000 0fff4b9 0ffffff 00000000
00000000 00000000 00000000 00000000 00000000 00000000 00000000 0ffe973 1000000 00000000
00000000 00000000 00000000 00000000 00000000 00000000 00000000 0ffde2c 1000000 00000000
00000000 00000000 00000000 00000000 00000000 00000000 00000000 0fff4b9 0ffffff 00000000
00000000 00000000 00000000 00000000 00000000 00000000 00000000 0ffe973 1000000 00000000
00000000 00000000 00000000 00000000 00000000 00000000 00000000 0ffde2c 1000000 00000000
00000000 00000000 00000000 00000000 00000000 00000000 00000000 0fff4b9 0ffffff 00000000
00000000 00000000 00000000 00000000 00000000 00000000 00000000 0ffe973 1000000 00000000
00000000 00000000 00000000 00000000 00000000 00000000 00000000 0ffde2c 1000000 00000000
00000000 00000000 00000000 00000000 00000000 00000000 00000000 0fff4b9 0ffffff 00000000
00000000 00000000 00000000 00000000 00000000 00000000 00000000 0ffe973 1000000 00000000
00000000 00000000 00000000 00000000 00000000 00000000 00000000 0ffde2c 1000000 00000000
00000000 00000000 00000000 00000000 00000000 00000000 00000000 0fff4b9 0ffffff 00000000
00000000 00000000 00000000 00000000 00000000 00000000 00000000 0ffe973 1000000 00000000
00000000 00000000 00000000 00000000 00000000 00000000 00000000 0ffde2c 1000000 00000000
00000000 00000000 00000000 00000000 00000000 00000000 00000000 0fff4b9 0ffffff 00000000
00000000 00000000 00000000 00000000 00000000 00000000 00000000 0ffe973 1000000 00000000
00000000 00000000 00000000 00000000 00000000 00000000 00000000 0ffde2c 1000000 00000000
00000000 00000000 00000000 00000000 00000000 00000000 00000000 0fff4b9 0ffffff 00000000
00000000 00000000 00000000 00000000 00000000 00000000 00000000 0ffe973 1000000 00000000
00000000 00000000 00000000 00000000 00000000 00000000 00000000 0ffde2c 1000000 00000000
00000000 00000000 00000000 00000000 00000000 00000000 00000000 0fff4b9 0ffffff 00000000
00000000 00000000 00000000 00000000 00000000 00000000 00000000 0ffe973 1000000 00000000
00000000 00000000 00000000 00000000 00000000 00000000 00000000 0ffde2c 1000000 00000000
00000000 00000000 00000000 00000000 00000000 00000000 00000000 0fff4b9 0ffffff 00000000
00000000 00000000 00000000 00000000 00000000 00000000 00000000 0ffe973 1000000 00000000
00000000 00000000 00000000 00000000 00000000 00000000 00000000 0ffde2c 1000000 00000000
00000000 00000000 00000000 00000000 00000000 00000000 00000000 0fff4b9 0ffffff 00000000
00000000 00000000 00000000 00000000 00000000 00000000 00000000 0ffe973 1000000 00000000
00000000 00000000 00000000 00000000 00000000 00000000 00000000 0ffde2c 1000000 00000000
00000000 00000000 00000000 00000000 00000000 00000000 00000000 0fff4b9 0ffffff 00000000
00000000 00000000 00000000 00000000 00000000 00000000 00000000 0ffe973 1000000 00000000
00000000 00000000 00000000 00000000 00000000 00000000 00000000 0ffde2c 1000000 00000000
00000000 00000000 00000000 00000000 00000000 00000000 00000000 0fff4b9 0ffffff 00000000
00000000 00000000 00000000 00000000 00000000 00000000 00000000 0ffe973 1000000 00000000
00000000 00000000 00000000 00000000 00000000 00000000 00000000 0ffde2c 1000000 00000000
00000000 00000000 00000000 00000000 00000000 00000000 00000000 0fff4b9 0ffffff 00000000
00000000 00000000 00000000 00000000 00000000 00000000 00000000 0ffe973 1000000 00000000
00000000 00000000 00000000 00000000 00000000 00000000 00000000 0ffde2c 1000000 00000000
00000000 00000000 00000000 00000000 00000000 00000000 00000000 0fff4b9 0ffffff 00000000
00000000 00000000 00000000 00000000 00000000 00000000 00000000 0ffe973 1000000 00000000
00000000 00000000 00000000 00000000 00000000 00000000 00000000 0ffde2c 1000000 00000000
00000000 00000000 00000000 00000000 00000000 00000000 00000000 0fff4b9 0ffffff 00000000
00000000 00000000 00000000 00000000 00000000 00000000 00000000 0ffe973 1000000 00000000
00000000 00000000 00000000 00000000 00000000 00000000 00000000 0ffde2c 1000000 00000000
00000000 00000000 00000000 00000000 00000000 00000000 00000000 0fff4b9 0ffffff 00000000
00000000 00000000 00000000 00000000 00000000 00000000 00000000 0ffe973 1000000 00000000
00000000 00000000 00000000 00000000 00000000 00000000 00000000 0ffde2c 1000000 00000000
00000000 00000000 00000000 00000000 00000000 00000000 00000000 0fff4b9 0ffffff 00000000
00000000 00000000 00000000 00000000 00000000 00000000 00000000 0ffe973 1000000 00000000
00000000 00000000 00000000 00000000 00000000 00000000 00000000 0ffde2c 1000000 00000000
00000000 00000000 00000000 00000000 00000000 00000000 00000000 0fff4b9 0ffffff 00000000
00000000 00000000 00000000 00000000 00000000 00000000 00000000 0ffe973 1000000 00000000
00000000 00000000 00000000 00000000 00000000 00000000 00000000 0ffde2c 1000000 00000000
00000000 00000000 00000000 00000000 00000000 00000000 00000000 0fff4b9 0ffffff 00000000
00000000 00000000 00000000 00000000 00000000 00000000 00000000 0ffe973 1000000 00000000
00000000 00000000 00000000 00000000 00000000 00000000 00000000 0ffde2c 1000000 00000000
00000000 00000000 00000000 00000000 00000000 00000000 00000000 0fff4b9 0ffffff 00000000
00000000 00000000 00000000 00000000 00000000 00000000 00000000 0ffe973 1000000 00000000
00000000 00000000 00000000 00000000 00000000 00000000 00000000 0ffde2c 1000000 00000000
00000000 00000000 00000000 00000000 00000000 00000000 00000000 0fff4b9 0ffffff 00000000
00000000 00000000 00000000 00000000 00000000 00000000 00000000 0ffe973 1000000 00000000
00000000 00000000 00000000 00000000 00000000 00000000 00000000 0ffde2c 1000000 00000000
00000000 00000000 00000000 00000000 00000000 00000000 00000000 0fff4b9 0ffffff 00000000
00000000 00000000 00000000 00000000 00000000 00000000 00000000 0ffe973 1000000 00000000
00000000 00000000 00000000 00000000 00000000 00000000 00000000 0ffde2c 1000000 00000000
00000000 00000000 00000000 00000000 00000000 00000000 00000000 0fff4b9 0ffffff 00000000
00000000 00000000 00000000 00000000 00000000 00000000 00000000 0ffe973 1000000 00000000
00000000 00000000 00000000 00000000 00000000 00000000 00000000 0ffde2c 1000000 00000000
00000000 00000000 00000000 00000000 00000000 00000000 00000000 0fff4b9 0ffffff 00000000
00000000 00000000 00000000 00000000 00000000 00000000 00000000 0ffe973 1000000 00000000
00000000 00000000 00000000 00000000 00000000 00000000 00000000 0ffde2c 1000000 00000000
00000000 00000000 00000000 00000000 00000000 00000000 00000000 0fff4b9 0ffffff 00000000
00000000 00000000 00000000 00000000 00000000 00000000 00000000 0ffe973 1000000 00000000
00000000 00000000 00000000 00000000 00000000 00000000 00000000 0ffde2c 1000000 00000000
00000000 00000000 00000000 00000000 00000000 00000000 00000000 0fff4b9 0ffffff 00000000
00000000 00000000 00000000 00000000 00000000 00000000 00000000 0ffe973 1000000 00000000
00000000 00000000 00000000 00000000 00000000 00000000 00000000 0ffde2c 1000000 00000000
00000000 00000000 00000000 00000000 00000000 00000000 00000000 0fff4b9 0ffffff 00000000
00000000 00000000 00000000 00000000 00000000 00000000 00000000 0ffe973 1000000 00000000
00000000 00000000 00000000 00000000 00000000 00000000 00000000 0ffde2c 1000000 00000000
00000000 00000000 00000000 00000000 00000000 00000000 00000000 0fff4b9 0ffffff 00000000
00000000 00000000 00000000 00000000 00000000 00000000 00000000 0ffe973 1000000 00000000
00000000 00000000 00000000 00000000 00000000 00000000 00000000 0ffde2c 1000000 00000000
00000000 00000000 00000000 00000000 00000000 00000000 00000000 0fff4b9 0ffffff 00000000
00000000 00000000 00000000 00000000 00000000 00000000 00000000 0ffe973 1000000 00000000
00000000 00000000 00000000 00000000 00000000 00000000 00000000 0ffde2c 1000000 00000000
00000000 00000000 00000000 00000000 00000000 00000000 00000000 0fff4b9 0ffffff 00000000
00000000 00000000 00000000 00000000 00000000 00000000 00000000 0ffe973 1000000 00000000
00000000 00000000 00000000 00000000 00000000 00000000 00000000 0ffde2c 1000000 00000000
00000000 00000000 00000000 00000000 00000000 00000000 00000000 0fff4b9 0ffffff 00000000
00000000 00000000 00000000 00000000 00000000 00000000 00000000 0ffe973 1000000 00000000
00000000 00000000 00000000 00000000 00000000 00000000 00000000 0ffde2c 1000000 00000000
00000000 00000000 00000000 00000000 00000000 00000000 00000000 0fff4b9 0ffffff 00000000
00000000 00000000 00000000 00000000 00000000 00000000 00000000 0ffe973 1000000 00000000
00000000 00000000 00000000 00000000 00000000 00000000 00000000 0ffde2c 1000000 00000000
00000000 00000000 00000000 00000000 00000000 00000000 00000000 0fff4b9 0ffffff 00000000
00000000 00000000 00000000 00000000 00000000 00000000 00000000 0ffe973 1000000 00000000
00000000 00000000 00000000 00000000 00000000 00000000 00000000 0ffde2c 1000000 00000000
00000000 00000000 00000000 00000000 00000000 00000000 00000000 0fff4b9 0ffffff 00000000
00000000 00000000 00000000 00000000 00000000 00000000 00000000 0ffe973 1000000 00000000
00000000 00000000 00000000 00000000 00000000 00000000 00000000 0ffde2c 1000000 00000000
00000000 00000000 00000000 00000000 00000000 00000000 00000000 0fff4b9 0ffffff 00000000
00000000 00000000 00000000 00000000 00000000 00000000 00000000 0ffe973 1000000 00000000
00000000 00000000 00000000 00000000 00000000 00000000 00000000 0ffde2c 1000000 00000000
00000000 00000000 00000000 00000000 00000000 00000000 00000000 0fff4b9 0ffffff 00000000
00000000 00000000 00000000 00000000 00000000 00000000 00000000 0ffe973 1000000 00000000
00000000 00000000 00000000 00000000 00000000 00000000 00000000 0ffde2c 1000000 00000000
00000000 00000000 00000000 00000000 00000000 00000000 00000000 0fff4b9 0ffffff 00000000
00000000 00000000 00000000 00000000 00000000 00000000 00000000 0ffe973 1000000 00000000
00000000 00000000 00000000 00000000 00000000 00000000 00000000 0ffde2c 1000000 00000000
00000000 00000000 00000000 00000000 00000000 00000000 00000000 0fff4b9 0ffffff 00000000
00000000 00000000 00000000 00000000 00000000 00000000 00000000 0ffe973 1000000 00000000
00000000 00000000 00000000 00000000 00000000 00000000 00000000 0ffde2c 1000000 00000000
00000000 00000000 00000000 00000000 00000000 00000000 00000000 0fff4b9 0ffffff 00000000
00000000 00000000 00000000 00000000 00000000 00000000 00000000 0ffe973 1000000 00000000
00000000 00000000 00000000 00000000 00000000 00000000 00000000 0ffde2c 1000000 00000000
00000000 00000000 00000000 00000000 00000000 00000000 00000000 0fff4b9 0ffffff 00000000
00000000 00000000 00000000 00000000 00000000 00000000 00000000 0ffe973 1000000 00000000
00000000 00000000 00000000 00000000 00000000 00000000 00000000 0ffde2c 1000000 00000000
00000000 00000000 00000000 00000000 00000000 00000000 00000000 0fff4b9 0ffffff 00000000
00000000 00000000 00000000 00000000 00000000 00000000 00000000 0ffe973 1000000 00000000
00000000 00000000 00000000 00000000 00000000 00000000 00000000 0ffde2c 1000000 00000000
00000000 00000000 00000000 00000000 00000000 00000000 00000000 0fff4b9 0ffffff 00000000
00000000 00000000 00000000 00000000 00000000 00000000 00000000 0ffe973 1000000 00000000
00000000 00000000 00000000 00000000 00000000 00000000 00000000 0ffde2c 1000000 00000000
00000000 00000000 00000000 00000000 00000000 00000000 00000000 0fff4b9 0ffffff 00000000
00000000 00000000 00000000 00000000 00000000 00000000 00000000 0ffe973 1000000 00000000
00000000 00000000 00000000 00000000 00000000 00000000 00000000 0ffde2c 1000000 00000000
00000000 00000000 00000000 00000000 00000000 00000000 00000000 0fff4b9 0ffffff 00000000
00000000 00000000 00000000 00000000 00000000 00000000 00000000 0ffe973 1000000 00000000
00000000 00000000 00000000 00000000 00000000 00000000 00000000 0ffde2c 1000000 00000000
00000000 00000000 00000000 00000000 00000000 00000000 00000000 0fff4b9 0ffffff 00000000
00000000 00000000 00000000 00000000 00000000 00000000 00000000 0ffe973 1000000 00000000
00000000 00000000 00000000 00000000 00000000 00000000 00000000 0ffde2c 1000000 00000000
00000000 00000000 00000000 00000000 00000000 00000000 00000000 0fff4b9 0ffffff 00000000
00000000 00000000 00000000 00000000 00000000 00000000 00000000 0ffe973 1000000 00000000
00000000 00000000 00000000 00000000 00000000 00000000 00000000 0ffde2c 1000000 00000000
00000000 00000000 00000000 00000000 00000000 00000000 00000000 0fff4b9 0ffffff 00000000
00000000 00000000 00000000 00000000 00000000 00000000 00000000 0ffe973 1000000 00000000
00000000 00000000 00000000 00000000 00000000 00000000 00000000 0ffde2c 1000000 00000000
00000000 00000000 00000000 00000000 00000000 00000000 00000000 0fff4b9 0ffffff 00000000
00000000 00000000 00000000 00000000 00000000 00000000 00000000 0ffe973 1000000 00000000
00000000 00000000 00000000 00000000 00000000 00000000 00000000 0ffde2c 1000000 00000000
00000000 00000000 00000000 00000000 00000000 00000000 00000000 0fff4b9 0ffffff 00000000
00000000 00000000 00000000 00000000 00000000 00000000 00000000 0ffe973 1000000 00000000
00000000 00000000 00000000 00000000 00000000 00000000 00000000 0ffde2c 1000000 00000000
00000000 00000000 00000000 00000000 00000000 00000000 00000000 0fff4b9 0ffffff 00000000
00000000 00000000 00000000 00000000 00000000 00000000 00000000 0ffe973 1000000 00000000
00000000 00000000 00000000 00000000 00000000 00000000 00000000 0ffde2c 1000000 00000000
00000000 00000000 00000000 00000000 00000000 00000000 00000000 0fff4b9 0ffffff 00000000
00000000 00000000 00000000 00000000 00000000 00000000 00000000 0ffe973 1000000 00000000
00000000 00000000 00000000 00000000 00000000 00000000 00000000 0ffde2c 1000000 00000000
00000000 00000000 00000000 00000000 00000000 00000000 00000000 0fff4b9 0ffffff 00000000
00000000 00000000 00000000 00000000 00000000 00000000 00000000 0ffe973 1000000 00000000
00000000 00000000 00000000 00000000 00000000 00000000 00000000 0ffde2c 1000000 00000000
00000000 00000000 00000000 00000000 00000000 00000000 00000000 0fff4b9 0ffffff 00000000
00000000 00000000 00000000 00000000 00000000 00000000 00000000 0ffe973 1000000 00000000
00000000 00000000 00000000 00000000 00000000 00000000 00000000 0ffde2c 1000000 00000000
00000000 00000000 00000000 00000000 00000000 00000000 00000000 0fff4b9 0ffffff 00000000
00000000 00000000 00000000 00000000 00000000 00000000 00000000 0ffe973 1000000 00000000
00000000 00000000 00000000 00000000 00000000 00000000 00000000 0ffde2c 1000000 00000000
00000000 00000000 00000000 00000000 00000000 00000000 00000000 0fff4b9 0ffffff 00000000
00000000 00000000 00000000 00000000 00000000 00000000 00000000 0ffe973 1000000 00000000
00000000 00000000 00000000 00000000 00000000 00000000 00000000 0ffde2c 1000000 00000000
00000000 00000000 00000000 00000000 00000000 00000000 00000000 0fff4b9 0ffffff 00000000
00000000 00000000 00000000 00000000 00000000 00000000 00000000 0ffe973 1000000 00000000
00000000 00000000 00000000 00000000 00000000 00000000 00000000 0ffde2c 1000000 00000000
00000000 00000000 00000000 00000000 00000000 00000000 00000000 0fff4b9 0ffffff 00000000
00000000 00000000 00000000 00000000 00000000 00000000 00000000 0ffe973 1000000 00000000
00000000 00000000 00000000 00000000 00000000 00000000 00000000 0ffde2c 1000000 00000000
00000000 00000000 00000000 00000000 00000000 00000000 00000000 0fff4b9 0ffffff 00000000
00000000 00000000 00000000 00000000 00000000 00000000 00000000 0ffe973 1000000 00000000
00000000 00000000 00000000 00000000 00000000 00000000 00000000 0ffde2c 1000000 00000000
00000000 00000000 00000000 00000000 00000000 00000000 00000000 0fff4b9 0ffffff 00000000
00000000 00000000 00000000 00000000 00000000 00000000 00000000 0ffe973 1000000 00000000
00000000 00000000 00000000 00000000 00000000 00000000 00000000 0ffde2c 1000000 00000000
00000000 00000000 00000000 00000000 00000000 00000000 00000000 0fff4b9 0ffffff 00000000
00000000 00000000 00000000 00000000 00000000 00000000 00000000 0ffe973 1000000 00000000
00000000 00000000 00000000 00000000 00000000 00000000 00000000 0ffde2c 1000000 00000000
00000000 00000000 00000000 00000000 00000000 00000000 00000000 0fff4b9 0ffffff 00000000
00000000 00000000 00000000 00000000 00000000 00000000 00000000 0ffe973 1000000 00000000
00000000 00000000 00000000 00000000 00000000 00000000 00000000 0ffde2c 1000000 00000000
00000000 00000000 00000000 00000000 00000000 00000000 00000000 0fff4b9 0ffffff 00000000
00000000 00000000 00000000 00000000 00000000 00000000 00000000 0ffe973 1000000 00000000
00000000 00000000 00000000 00000000 00000000 00000000 00000000 0ffde2c 1000000 00000000
00000000 00000000 00000000 00000000 00000000 00000000 00000000 0fff4b9 0ffffff 00000000
00000000 00000000 00000000 00000000 00000000 00000000 00000000 0ffe973 1000000 00000000
00000000 00000000 00000000 00000000 00000000 00000000 00000000 0ffde2c 1000000 00000000
00000000 00000000 00000000 00000000 00000000 00000000 00000000 0fff4b9 0ffffff 00000000
00000000 00000000 00000000 00000000 00000000 00000000 00000000 0ffe973 1000000 00000000
00000000 00000000 00000000 00000000 00000000 00000000 00000000 0ffde2c 1000000 00000000
00000000 00000000 00000000 00000000 00000000 00000000 00000000 0fff4b9 0ffffff 00000000
00000000 00000000 00000000 00000000 00000000 00000000 00000000 0ffe973 1000000 00000000
00000000 00000000 00000000 00000000 00000000 00000000 00000000 0ffde2c 1000000 00000000
00000000 00000000 00000000 00000000 00000000 00000000 00000000 0fff4b9 0ffffff 00000000
00000000 00000000 00000000 00000000 00000000 00000000 00000000 0ffe973 1000000 00000000
00000000 00000000 00000000 00000000 00000000 00000000 00000000 0ffde2c 1000000 00000000
00000000 00000000 00000000 00000000 00000000 00000000 00000000 0fff4b9 0ffffff 00000000
00000000 00000000 00000000 00000000 00000000 00000000 00000000 0ffe973 1000000 00000000
00000000 00000000 00000000 00000000 00000000 00000000 00000000 0ffde2c 1000000 00000000
00000000 00000000 00000000 00000000 00000000 00000000 00000000 0fff4b9 0ffffff 00000000
00000000 00000000 00000000 00000000 00000000 00000000 00000000 0ffe973 1000000 00000000
00000000 00000000 00000000 00000000 00000000 00000000 00000000 0ffde2c 1000000 00000000
00000000 00000000 00000000 00000000 00000000 00000000 00000000 0fff4b9 0ffffff 00000000
00000000 00000000 00000000 00000000 00000000 00000000 00000000 0ffe973 1000000 00000000
00000000 00000000 00000000 00000000 00000000 00000000 00000000 0ffde2c 1000000 00000000
00000000 00000000 00000000 00000000 00000000 00000000 00000000 0fff4b9 0ffffff 00000000
00000000 00000000 00000000 00000000 00000000 00000000 00000000 0ffe973 1000000 00000000
00000000 00000000 00000000 00000000 00000000 00000000 00000000 0ffde2c 1000000 00000000
00000000 00000000 00000000 00000000 00000000 00000000 00000000 0fff4b9 0ffffff 00000000
00000000 00000000 00000000 00000000 00000000 00000000 00000000 0ffe973 1000000 00000000
00000000 00000000 00000000 00000000 00000000 00000000 00000000 0ffde2c 1000000 00000000
00000000 00000000 00000000 00000000 00000000 00000000 00000000 0fff4b9 0ffffff 00000000
00000000 00000000 00000000 00000000 00000000 00000000 00000000 0ffe973 1000000 00000000
00000000 00000000 00000000 00000000 00000000 00000000 00000000 0ffde2c 1000000 00000000
00000000 00000000 00000000 00000000 00000000 00000000 00000000 0fff4b9 0ffffff 00000000
00000000 00000000 00000000 00000000 00000000 00000000 00000000 0ffe973 1000000 00000000
00000000 00000000 00000000 00000000 00000000 00000000 00000000 0ffde2c 1000000 00000000
00000000 00000000 00000000 00000000 00000000 00000000 00000000 0fff4b9 0ffffff 00000000
00000000 00000000 00000000 00000000 00000000 00000000 00000000 0ffe973 1000000 00000000
00000000 00000000 00000000 00000000 00000000 00000000 00000000 0ffde2c 1000000 00000000
00000000 00000000 00000000 00000000 00000000 00000000 00000000 0fff4b9 0ffffff 00000000
00000000 00000000 00000000 00000000 00000000 00000000 00000000 0ffe973 1000000 00000000
00000000 00000000 00000000 00000000 00000000 00000000 00000000 0ffde2c 1000000 00000000
00000000 00000000 00000000 00000000 00000000 00000000 00000000 0fff4b9 0ffffff 00000000
00000000 00000000 00000000 00000000 00000000 00000000 00000000 0ffe973 1000000 00000000
00000000 00000000 00000000 00000000 00000000 00000000 00000000 0ffde2c 1000000 00000000
00000000 00000000 00000000 00000000 00000000 00000000 00000000 0fff4b9 0ffffff 00000000
00000000 00000000 00000000 00000000 00000000 00000000 00000000 0ffe973 1000000 00000000
00000000 00000000 00000000 00000000 00000000 00000000 00000000 0ffde2c 1000000 00000000
00000000 00000000 00000000 00000000 00000000 00000000 00000000 0fff4b9 0ffffff 00000000
00000000 00000000 00000000 00000000 00000000 00000000 00000000 0ffe973 1000000 00000000
00000000 00000000 00000000 00000000 00000000 00000000 00000000 0ffde2c 1000000 00000000
00000000 00000000 00000000 00000000 00000000 00000000 00000000 0fff4b9 0ffffff 00000000
00000000 00000000 00000000 00000000 00000000 00000000 00000000 0ffe973 1000000 00000000
00000000 00000000 00000000 00000000 00000000 00000000 00000000 0ffde2c 1000000 00000000
00000000 00000000 00000000 00000000 00000000 00000000 00000000 0fff4b9 0ffffff 00000000
00000000 00000000 00000000 00000000 00000000 00000000 00000000 0ffe973 1000000 00000000
00000000 00000000 00000000 00000000 00000000 00000000 00000000 0ffde2c 1000000 00000000
00000000 00000000 00000000 00000000 00000000 00000000 00000000 0fff4b9 0ffffff 00000000
00000000 00000000 00000000 00000000 00000000 00000000 00000000 0ffe973 1000000 00000000
00000000 00000000 00000000 00000000 00000000 00000000 00000000 0ffde2c 1000000 00000000
00000000 00000000 00000000 00000000 00000000 00000000 00000000 0fff4b9 0ffffff 00000000
00000000 00000000 00000000 00000000 00000000 00000000 00000000 0ffe973 1000000 00000000
00000000 00000000 00000000 00000000 00000000 00000000 00000000 0ffde2c 1000000 00000000
00000000 00000000 00000000 00000000 00000000 00000000 00000000 0fff4b9 0ffffff 00000000
00000000 00000000 00000000 00000000 00000000 00000000 00000000 0ffe973 1000000 00000000
00000000 00000000 00000000 00000000 00000000 00000000 00000000 0ffde2c 1000000 00000000
00000000 00000000 00000000 00000000 00000000 00000000 00000000 0fff4b9 0ffffff 00000000
00000000 00000000 00000000 00000000 00000000 00000000 00000000 0ffe973 1000000 00000000
00000000 00000000 00000000 00000000 00000000 00000000 00000000 0ffde2c 1000000 00000000
00000000 00000000 00000000 00000000 00000000 00000000 00000000 0fff4b9 0ffffff 00000000
00000000 00000000 00000000 00000000 00000000 00000000 00000000 0ffe973 1000000 00000000
00000000 00000000 00000000 00000000 00000000 00000000 00000000 0ffde2c 1000000 00000000
00000000 00000000 00000000 00000000 00000000 00000000 00000000 0fff4b9 0ffffff 00000000
00000000 00000000 00000000 00000000 00000000 00000000 00000000 0ffe973 1000000 00000000
00000000 00000000 00000000 00000000 00000000 00000000 00000000 0ffde2c 1000000 00000000
00000000 00000000 00000000 00000000 00000000 00000000 00000000 0fff4b9 0ffffff 00000000
00000000 00000000 00000000 00000000 00000000 00000000 00000000 0ffe973 1000000 00000000
00000000 00000000 00000000 00000000 00000000 00000000 00000000 0ffde2c 1000000 00000000
00000000 00000000 00000000 00000000 00000000 00000000 00000000 0fff4b9 0ffffff 00000000
00000000 00000000 00000000 00000000 00000000 00000000 00000000 0ffe973 1000000 00000000
00000000 00000000 00000000 00000000 00000000 00000000 00000000 0ffde2c 1000000 00000000
00000000 00000000 00000000 00000000 00000000 00000000 00000000 0fff4b9 0ffffff 00000000
00000000 00000000 00000000 00000000 00000000 00000000 00000000 0ffe973 1000000 00000000
00000000 00000000 00000000 00000000 00000000 00000000 00000000 0ffde2c 1000000 00000000
00000000 00000000 00000000 00000000 00000000 00000000 00000000 0fff4b9 0ffffff 00000000
00000000 00000000 00000000 00000000 00000000 00000000 00000000 0ffe973 1000000 00000000
00000000 00000000 00000000 00000000 00000000 00000000 00000000 0ffde2c 1000000 00000000
00000000 00000000 00000000 00000000 00000000 00000000 00000000 0fff4b9 0ffffff 00000000
00000000 00000000 00000000 00000000 00000000 00000000 00000000 0ffe973 1000000 00000000
00000000 00000000 00000000 00000000 00000000 00000000 00000000 0ffde2c 1000000 00000000
00000000 00000000 00000000 00000000 00000000 00000000 00000000 0fff4b9 0ffffff 00000000
00000000 00000000 00000000 00000000 00000000 00000000 00000000 0ffe973 1000000 00000000
00000000 00000000 00000000 00000000 00000000 00000000 00000000 0ffde2c 1000000 00000000
00000000 00000000 00000000 00000000 00000000 00000000 00000000 0fff4b9 0ffffff 00000000
00000000 00000000 00000000 00000000 00000000 00000000 00000000 0ffe973 1000000 00000000
00000000 00000000 00000000 00000000 00000000 00000000 00000000 0ffde2c 1000000 00000000
00000000 00000000 00000000 00000000 00000000 00000000 00000000 0fff4b9 0ffffff 00000000
00000000 00000000 00000000 00000000 00000000 00000000 00000000 0ffe973 1000000 00000000
00000000 00000000 00000000 00000000 00000000 00000000 00000000 0ffde2c 1000000 00000000
00000000 00000000 00000000 00000000 00000000 00000000 00000000 0fff4b9 0ffffff 00000000
00000000 00000000 00000000 00000000 00000000 00000000 00000000 0ffe973 1000000 00000000
00000000 00000000 00000000 00000000 00000000 00000000 00000000 0ffde2c 1000000 00000000
00000000 00000000 00000000 00000000 00000000 00000000 00000000 0fff4b9 0ffffff 00000000
00000000 00000000 00000000 00000000 00000000 00000000 00000000 0ffe973 1000000 00000000
00000000 00000000 00000000 00000000 00000000 00000000 00000000 0ffde2c 1000000 00000000
00000000 00000000 00000000 00000000 00000000 00000000 00000000 0fff4b9 0ffffff 00000000
00000000 00000000 00000000 00000000 00000000 00000000 00000000 0ffe973 1000000 00000000
00000000 00000000 00000000 00000000 00000000 00000000 00000000 0ffde2c 1000000 00000000
00000000 00000000 00000000 00000000 00000000 00000000 00000000 0fff4b9 0ffffff 00000000
00000000 00000000 00000000 00000000 00000000 00000000 00000000 0ffe973 1000000 00000000
00000000 00000000 00000000 00000000 00000000 00000000 00000000 0ffde2c 1000000 00000000
00000000 00000000 00000000 00000000 00000000 00000000 00000000 0fff4b9 0ffffff 00000000
00000000 00000000 00000000 00000000 00000000 00000000 00000000 0ffe973 1000000 00000000
00000000 00000000 00000000 00000000 00000000 00000000 00000000 0ffde2c 1000000 00000000
00000000 00000000 00000000 00000000 00000000 00000000 00000000 0fff4b9 0ffffff 00000000
00000000 00000000 00000000 00000000 00000000 00000000 00000000 0ffe973 1000000 00000000
00000000 00000000 00000000 00000000 00000000 00000000 00000000 0ffde2c 1000000 00000000
00000000 00000000 00000000 00000000 00000000 00000000 00000000 0fff4b9 0ffffff 00000000
00000000 00000000 00000000 00000000 00000000 00000000 00000000 0ffe973 1000000 00000000
00000000 00000000 00000000 00000000 00000000 00000000 00000000 0ffde2c 1000000 00000000
00000000 00000000 00000000 00000000 00000000 00000000 00000000 0fff4b9 0ffffff 00000000
00000000 00000000 00000000 00000000 00000000 00000000 00000000 0ffe973 1000000 00000000
00000000 00000000 00000000 00000000 00000000 00000000 00000000 0ffde2c 1000000 00000000
00000000 00000000 00000000 00000000 00000000 00000000 00000000 0fff4b9 0ffffff 00000000
00000000 00000000 00000000 00000000 00000000 00000000 00000000 0ffe973 1000000 00000000
00000000 00000000 00000000 00000000 00000000 00000000 00000000 0ffde2c 1000000 00000000
00000000 00000000 00000000 00000000 00000000 00000000 00000000 0fff4b9 0ffffff 00000000
00000000 00000000 00000000 00000000 00000000 00000000 00000000 0ffe973 1000000 00000000
00000000 00000000 00000000 00000000 00000000 00000000 00000000 0ffde2c 1000000 00000000
00000000 00000000 00000000 00000000 00000000 00000000 00000000 0fff4b9 0ffffff 00000000
00000000 00000000 00000000 00000000 00000000 00000000 00000000 0ffe973 1000000 00000000
00000000 00000000 00000000 00000000 00000000 00000000 00000000 0ffde2c 1000000 00000000
00000000 00000000 00000000 00000000 00000000 00000000 00000000 0fff4b9 0ffffff 00000000
00000000 00000000 00000000 00000000 00000000 00000000 00000000 0ffe973 1000000 00000000
00000000 00000000 00000000 00000000 00000000 00000000 00000000 0ffde2c 1000000 00000000
00000000 00000000 00000000 00000000 00000000 00000000 00000000 0fff4b9 0ffffff 00000000
00000000 00000000 00000000 00000000 00000000 00000000 00000000 0ffe973 1000000 00000000
00000000 00000000 00000000 00000000 00000000 00000000 00000000 0ffde2c 1000000 00000000
00000000 00000000 00000000 00000000 00000000 00000000 00000000 0fff4b9 0ffffff 00000000
00000000 00000000 00000000 00000000 00000000 00000000 00000000 0ffe973 1000000 00000000
00000000 00000000 00000000 00000000 00000000 00000000 00000000 0ffde2c 1000000 00000000
00000000 00000000 00000000 00000000 00000000 00000000 00000000 0fff4b9 0ffffff 00000000
00000000 00000000 00000000 00000000 00000000 00000000 00000000 0ffe973 1000000 00000000
00000000 00000000 00000000 00000000 00000000 00000000 00000000 0ffde2c 1000000 00000000
00000000 00000000 00000000 00000000 00000000 00000000 00000000 0fff4b9 0ffffff 00000000
00000000 00000000 00000000 00000000 00000000 00000000 00000000 0ffe973 1000000 00000000
00000000 00000000 00000000 00000000 00000000 00000000 00000000 0ffde2c 1000000 00000000
00000000 00000000 00000000 00000000 00000000 00000000 00000000 0fff4b9 0ffffff 00000000
00000000 00000000 00000000 00000000 00000000 00000000 00000000 0ffe973 1000000 00000000
00000000 00000000 00000000 00000000 00000000 00000000 00000000 0ffde2c 1000000 00000000
00000000 00000000 00000000 00000000 00000000 00000000 00000000 0fff4b9 0ffffff 00000000
00000000 00000000 00000000 00000000 00000000 00000000 00000000 0ffe973 1000000 00000000
00000000 00000000 00000000 00000000 00000000 00000000 00000000 0ffde2c 1000000 00000000
00000000 00000000 00000000 00000000 00000000 00000000 00000000 0fff4b9 0ffffff 00000000
00000000 00000000 00000000 00000000 00000000 00000000 00000000 0ffe973 1000000 00000000
00000000 00000000 00000000 00000000 00000000 00000000 00000000 0ffde2c 1000000 00000000
00000000 00000000 00000000 00000000 00000000 00000000 00000000 0fff4b9 0ffffff 00000000
00000000 00000000 00000000 00000000 00000000 00000000 00000000 0ffe973 1000000 00000000
00000000 00000000 00000000 00000000 00000000 00000000 00000000 0ffde2c 1000000 00000000
00000000 00000000 00000000 00000000 00000000 00000000 00000000 0fff4b9 0ffffff 00000000
00000000 00000000 00000000 00000000 00000000 00000000 00000000 0ffe973 1000000 00000000
00000000 00000000 00000000 00000000 00000000 00000000 00000000 0ffde2c 1000000 00000000
00000000 00000000 00000000 00000000 00000000 00000000 00000000 0fff4b9 0ffffff 00000000
00000000 00000000 00000000 00000000 00000000 00000000 00000000 0ffe973 1000000 00000000
00000000 00000000 00000000 00000000 00000000 00000000 00000000 0ffde2c 1000000 00000000
00000000 00000000 00000000 00000000 00000000 00000000 00000000 0fff4b9 0ffffff 00000000
00000000 00000000 00000000 00000000 00000000 00000000 00000000 0ffe973 1000000 00000000
00000000 00000000 00000000 00000000 00000000 00000000 00000000 0ffde2c 1000000 00000000
00000000 00000000 00000000 00000000 00000000 00000000 00000000 0fff4b9 0ffffff 00000000
00000000 00000000 00000000 00000000 00000000 00000000 00000000 0ffe973 1000000 00000000
00000000 00000000 00000000 00000000 00000000 00000000 00000000 0ffde2c 1000000 00000000
00000000 00000000 00000000 00000000 00000000 00000000 00000000 0fff4b9 0ffffff 00000000
00000000 00000000 00000000 00000000 00000000 00000000 00000000 0ffe973 1000000 00000000
00000000 00000000 00000000 00000000 00000000 00000000 00000000 0ffde2c 1000000 00000000
00000000 00000000 00000000 00000000 00000000 00000000 00000000 0fff4b9 0ffffff 00000000
00000000 00000000 00000000 00000000 00000000 00000000 00000000 0ffe973 1000000 00000000
00000000 00000000 00000000 00000000 00000000 00000000 00000000 0ffde2c 1000000 00000000
00000000 00000000 00000000 00000000 00000000 00000000 00000000 0fff4b9 0ffffff 00000000
00000000 00000000 00000000 00000000 00000000 00000000 00000000 0ffe973 1000000 00000000
00000000 00000000 00000000 00000000 00000000 00000000 00000000 0ffde2c 1000000 00000000
00000000 00000000 00000000 00000000 00000000 00000000 00000000 0fff4b9 0ffffff 00000000
00000000 00000000 00000000 00000000 00000000 00000000 00000000 0ffe973 1000000 00000000
00000000 00000000 00000000 00000000 00000000 00000000 00000000 0ffde2c 1000000 00000000
00000000 00000000 00000000 00000000 00000000 00000000 00000000 0fff4b9 0ffffff 00000000
00000000 00000000 00000000 00000000 00000000 00000000 00000000 0ffe973 1000000 00000000
00000000 00000000 00000000 00000000 00000000 00000000 00000000 0ffde2c 1000000 00000000
00000000 00000000 00000000 00000000 00000000 00000000 00000000 0fff4b9 0ffffff 00000000
00000000 00000000 00000000 00000000 00000000 00000000 00000000 0ffe973 1000000 00000000
00000000 00000000 00000000 00000000 00000000 00000000 00000000 0ffde2c 1000000 00000000
00000000 00000000 00000000 00000000 00000000 00000000 00000000 0fff4b9 0ffffff 00000000
00000000 00000000 00000000 00000000 00000000 00000000 00000000 0ffe973 1000000 00000000
00000000 00000000 00000000 00000000 00000000 00000000 00000000 0ffde2c 1000000 00000000
00000000 00000000 00000000 00000000 00000000 00000000 00000000 0fff4b9 0ffffff 00000000
00000000 00000000 00000000 00000000 00000000 00000000 00000000 0ffe973 1000000 00000000
00000000 00000000 00000000 00000000 00000000 00000000 00000000 0ffde2c 1000000 00000000
00000000 00000000 00000000 00000000 00000000 00000000 00000000 0fff4b9 0ffffff 00000000
00000000 00000000 00000000 00000000 00000000 00000000 00000000 0ffe973 1000000 00000000
00000000 00000000 00000000 00000000 00000000 00000000 00000000 0ffde2c 1000000 00000000
00000000 00000000 00000000 00000000 00000000 00000000 00000000 0fff4b9 0ffffff 00000000
00000000 00000000 00000000 00000000 00000000 00000000 00000000 0ffe973 1000000 00000000
00000000 00000000 00000000 00000000 00000000 00000000 00000000 0ffde2c 1000000 00000000
00000000 00000000 00000000 00000000 00000000 00000000 00000000 0fff4b9 0ffffff 00000000
00000000 00000000 00000000 00000000 00000000 00000000 00000000 0ffe973 1000000 00000000
00000000 00000000 00000000 00000000 00000000 00000000 00000000 0ffde2c 1000000 00000000
00000000 00000000 00000000 00000000 00000000 00000000 00000000 0fff4b9 0ffffff 00000000
00000000 00000000 00000000 00000000 00000000 00000000 00000000 0ffe973 1000000 00000000
00000000 00000000 00000000 00000000 00000000 00000000 00000000 0ffde2c 1000000 00000000
00000000 00000000 00000000 00000000 00000000 00000000 00000000 0fff4b9 0ffffff 00000000
00000000 00000000 00000000 00000000 00000000 00000000 00000000 0ffe973 1000000 00000000
00000000 00000000 00000000 00000000 00000000 00000000 00000000 0ffde2c 1000000 00000000
00000000 00000000 00000000 00000000 00000000 00000000 00000000 0fff4b9 0ffffff 00000000
00000000 00000000 00000000 00000000 00000000 00000000 00000000 0ffe973 1000000 00000000
00000000 00000000 00000000 00000000 00000000 00000000 00000000 0ffde2c 1000000 00000000
00000000 00000000 00000000 00000000 00000000 00000000 00000000 0fff4b9 0ffffff 00000000
00000000 00000000 00000000 00000000 00000000 00000000 00000000 0ffe973 1000000 00000000
00000000 00000000 00000000 00000000 00000000 00000000 00000000 0ffde2c 1000000 00000000
00000000 00000000 00000000 00000000 00000000 00000000 00000000 0fff4b9 0ffffff 00000000
00000000 00000000 00000000 00000000 00000000 00000000 00000000 0ffe973 1000000 00000000
00000000 00000000 00000000 00000000 00000000 00000000 00000000 0ffde2c 1000000 00000000
00000000 00000000 00000000 00000000 00000000 00000000 00000000 0fff4b9 0ffffff 00000000
00000000 00000000 00000000 00000000 00000000 00000000 00000000 0ffe973 1000000 00000000
00000000 00000000 00000000 00000000 00000000 00000000 00000000 0ffde2c 1000000 00000000
00000000 00000000 00000000 00000000 00000000 00000000 00000000 0fff4b9 0ffffff 00000000
00000000 00000000 00000000 00000000 00000000 00000000 00000000 0ffe973 1000000 00000000
00000000 00000000 00000000 00000000 00000000 00000000 00000000 0ffde2c 1000000 00000000
00000000 00000000 00000000 00000000 00000000 00000000 00000000 0fff4b9 0ffffff 00000000
00000000 00000000 00000000 00000000 00000000 00000000 00000000 0ffe973 1000000 00000000
00000000 00000000 00000000 00000000 00000000 00000000 00000000 0ffde2c 1000000 00000000
00000000 00000000 00000000 00000000 00000000 00000000 00000000 0fff4b9 0ffffff 00000000
00000000 00000000 00000000 00000000 00000000 00000000 00000000 0ffe973 1000000 00000000
00000000 00000000 00000000 00000000 00000000 00000000 00000000 0ffde2c 1000000 00000000
00000000 00000000 00000000 00000000 00000000 00000000 00000000 0fff4b9 0ffffff 00000000
00000000 00000000 00000000 00000000 00000000 00000000 00000000 0ffe973 1000000 00000000
00000000 00000000 00000000 00000000 00000000 00000000 00000000 0ffde2c 1000000 00000000
00000000 00000000 00000000 00000000 00000000 00000000 00000000 0fff4b9 0ffffff 00000000
00000000 00000000 00000000 00000000 00000000 00000000 00000000 0ffe973 1000000 00000000
00000000 00000000 00000000 00000000 00000000 00000000 00000000 0ffde2c 1000000 00000000
00000000 00000000 00000000 00000000 00000000 00000000 00000000 0fff4b9 0ffffff 00000000
00000000 00000000 00000000 00000000 00000000 00000000 00000000 0ffe973 1000000 00000000
00000000 00000000 00000000 00000000 00000000 00000000 00000000 0ffde2c 1000000 00000000
00000000 00000000 00000000 00000000 00000000 00000000 00000000 0fff4b9 0ffffff 00000000
00000000 00000000 00000000 00000000 00000000 00000000 00000000 0ffe973 1000000 00000000
00000000 00000000 00000000 00000000 00000000 00000000 00000000 0ffde2c 1000000 00000000
00000000 00000000 00000000 00000000 00000000 00000000 00000000 0fff4b9 0ffffff 00000000
00000000 00000000 00000000 00000000 00000000 00000000 00000000 0ffe973 1000000 00000000
00000000 00000000 00000000 00000000 00000000 00000000 00000000 0ffde2c 1000000 00000000
00000000 00000000 00000000 00000000 00000000 00000000 00000000 0fff4b9 0ffffff 00000000
00000000 00000000 00000000 00000000 00000000 00000000 00000000 0ffe973 1000000 00000000
00000000 00000000 00000000 00000000 00000000 00000000 00000000 0ffde2c 1000000 00000000
00000000 00000000 00000000 00000000 00000000 00000000 00000000 0fff4b9 0ffffff 00000000
00000000 00000000 00000000 00000000 00000000 00000000 00000000 0ffe973 1000000 00000000
00000000 00000000 00000000 00000000 00000000 00000000 00000000 0ffde2c 1000000 00000000
00000000 00000000 00000000 00000000 00000000 00000000 00000000 0fff4b9 0ffffff 00000000
00000000 00000000 00000000 00000000 00000000 00000000 00000000 0ffe973 1000000 00000000
00000000 00000000 00000000 00000000 00000000 00000000 00000000 0ffde2c 1000000 00000000
00000000 00000000 00000000 00000000 00000000 00000000 00000000 0fff4b9 0ffffff 00000000
00000000 00000000 00000000 00000000 00000000 00000000 00000000 0ffe973 1000000 00000000
00000000 00000000 00000000 00000000 00000000 00000000 00000000 0ffde2c 1000000 00000000
00000000 00000000 00000000 00000000 00000000 00000000 00000000 0fff4b9 0ffffff 00000000
00000000 00000000 00000000 00000000 00000000 00000000 00000000 0ffe973 1000000 00000000
00000000 00000000 00000000 00000000 00000000 00000000 00000000 0ffde2c 1000000 00000000
00000000 00000000 00000000 00000000 00000000 00000000 00000000 0fff4b9 0ffffff 00000000
00000000 00000000 00000000 00000000 00000000 00000000 00000000 0ffe973 1000000 00000000
00000000 00000000 00000000 00000000 00000000 00000000 00000000 0ffde2c 1000000 00000000
00000000 00000000 00000000 00000000 00000000 00000000 00000000 0fff4b9 0ffffff 00000000
00000000 00000000 00000000 00000000 00000000 00000000 00000000 0ffe973 1000000 00000000
00000000 00000000 00000000 00000000 00000000 00000000 00000000 0ffde2c 1000000 00000000
00000000 00000000 00000000 00000000 00000000 00000000 00000000 0fff4b9 0ffffff 00000000
00000000 00000000 00000000 00000000 00000000 00000000 00000000 0ffe973 1000000 00000000
00000000 00000000 00000000 00000000 00000000 00000000 00000000 0ffde2c 1000000 00000000
00000000 00000000 00000000 00000000 00000000 00000000 00000000 0fff4b9 0ffffff 00000000
00000000 00000000 00000000 00000000 00000000 00000000 00000000 0ffe973 1000000 00000000
00000000 00000000 00000000 00000000 00000000 00000000 00000000 0ffde2c 1000000 00000000
00000000 00000000 00000000 00000000 00000000 00000000 00000000 0fff4b9 0ffffff 00000000
00000000 00000000 00000000 00000000 00000000 00000000 00000000 0ffe973 1000000 00000000
00000000 00000000 00000000 00000000 00000000 00000000 00000000 0ffde2c 1000000 00000000
00000000 00000000 00000000 00000000 00000000 00000000 00000000 0fff4b9 0ffffff 00000000
00000000 00000000 00000000 00000000 00000000 00000000 00000000 0ffe973 1000000 00000000
00000000 00000000 00000000 00000000 00000000 00000000 00000000 0ffde2c 1000000 00000000
00000000 00000000 00000000 00000000 00000000 00000000 00000000 0fff4b9 0ffffff 00000000
00000000 00000000 00000000 00000000 00000000 00000000 00000000 0ffe973 1000000 00000000
00000000 00000000 00000000 00000000 00000000 00000000 00000000 0ffde2c 1000000 00000000
00000000 00000000 00000000 00000000 00000000 00000000 00000000 0fff4b9 0ffffff 00000000
00000000 00000000 00000000 00000000 00000000 00000000 00000000 0ffe973 1000000 00000000
00000000 00000000 00000000 00000000 00000000 00000000 00000000 0ffde2c 1000000 00000000
00000000 00000000 00000000 00000000 00000000 00000000 00000000 0fff4b9 0ffffff 00000000
00000000 00000000 00000000 00000000 00000000 00000000 00000000 0ffe973 1000000 00000000
00000000 00000000 00000000 00000000 00000000 00000000 00000000 0ffde2c 1000000 00000000
00000000 00000000 00000000 00000000 00000000 00000000 00000000 0fff4b9 0ffffff 00000000
00000000 00000000 00000000 00000000 00000000 00000000 00000000 0ffe973 1000000 00000000
00000000 00000000 00000000 00000000 00000000 00000000 00000000 0ffde2c 1000000 00000000
00000000 00000000 00000000 00000000 00000000 00000000 00000000 0fff4b9 0ffffff 00000000
00000000 00000000 00000000 00000000 00000000 00000000 00000000 0ffe973 1000000 00000000
00000000 00000000 00000000 00000000 00000000 00000000 00000000 0ffde2c 1000000 00000000
00000000 00000000 00000000 00000000 00000000 00000000 00000000 0fff4b9 0ffffff 00000000
00000000 00000000 00000000 00000000 00000000 00000000 00000000 0ffe973 1000000 00000000
00000000 00000000 00000000 00000000 00000000 00000000 00000000 0ffde2c 1000000 00000000
00000000 00000000 00000000 00000000 00000000 00000000 00000000 0fff4b9 0ffffff 00000000
00000000 00000000 00000000 00000000 00000000 00000000 00000000 0ffe973 1000000 00000000
00000000 00000000 00000000 00000000 00000000 00000000 00000000 0ffde2c 1000000 00000000
00000000 00000000 00000000 00000000 00000000 00000000 00000000 0fff4b9 0ffffff 00000000
00000000 00000000 00000000 00000000 00000000 00000000 00000000 0ffe973 1000000 00000000
00000000 00000000 00000000 00000000 00000000 00000000 00000000 0ffde2c 1000000 00000000
00000000 00000000 00000000 00000000 00000000 00000000 00000000 0fff4b9 0ffffff 00000000
00000000 00000000 00000000 00000000 00000000 00000000 00000000 0ffe973 1000000 00000000
00000000 00000000 00000000 00000000 00000000 00000000 00000000 0ffde2c 1000000 00000000
00000000 00000000 00000000 00000000 00000000 00000000 00000000 0fff4b9 0ffffff 00000000
00000000 00000000 00000000 00000000 00000000 00000000 00000000 0ffe973 1000000 00000000
00000000 00000000 00000000 00000000 00000000 00000000 00000000 0ffde2c 1000000 00000000
00000000 00000000 00000000 00000000 00000000 00000000 00000000 0fff4b9 0ffffff 00000000
00000000 00000000 00000000 00000000 00000000 00000000 00000000 0ffe973 1000000 00000000
00000000 00000000 00000000 00000000 00000000 00000000 00000000 0ffde2c 1000000 00000000
00000000 00000000 00000000 00000000 00000000 00000000 00000000 0fff4b9 0ffffff 00000000
00000000 00000000 00000000 00000000 00000000 00000000 00000000 0ffe973 1000000 00000000
00000000 00000000 00000000 00000000 00000000 00000000 00000000 0ffde2c 1000000 00000000
00000000 00000000 00000000 00000000 00000000 00000000 00000000 0fff4b9 0ffffff 00000000
00000000 00000000 00000000 00000000 00000000 00000000 00000000 0ffe973 1000000 00000000
00000000 00000000 00000000 00000000 00000000 00000000 00000000 0ffde2c 1000000 00000000
00000000 00000000 00000000 00000000 00000000 00000000 00000000 0fff4b9 0ffffff 00000000
00000000 00000000 00000000 00000000 00000000 00000000 00000000 0ffe973 1000000 00000000
00000000 00000000 00000000 00000000 00000000 00000000 00000000 0ffde2c 1000000 00000000
00000000 00000000 00000000 00000000 00000000 00000000 00000000 0fff4b9 0ffffff 00000000
00000000 00000000 00000000 00000000 00000000 00000000 00000000 0ffe973 1000000 00000000
00000000 00000000 00000000 00000000 00000000 00000000 00000000 0ffde2c 1000000 00000000
00000000 00000000 00000000 00000000 00000000 00000000 00000000 0fff4b9 0ffffff 00000000
00000000 00000000 00000000 00000000 00000000 00000000 00000000 0ffe973 1000000 00000000
00000000 00000000 00000000 00000000 00000000 00000000 00000000 0ffde2c 1000000 00000000
00000000 00000000 00000000 00000000 00000000 00000000 00000000 0fff4b9 0ffffff 00000000
00000000 00000000 00000000 00000000 00000000 00000000 00000000 0ffe973 1000000 00000000
00000000 00000000 00000000 00000000 00000000 00000000 00000000 0ffde2c 1000000 00000000
00000000 00000000 00000000 00000000 00000000 00000000 00000000 0fff4b9 0ffffff 00000000
00000000 00000000 00000000 00000000 00000000 00000000 00000000 0ffe973 1000000 00000000
00000000 00000000 00000000 00000000 00000000 00000000 00000000 0ffde2c 1000000 00000000
00000000 00000000 00000000 00000000 00000000 00000000 00000000 0fff4b9 0ffffff 00000000
00000000 00000000 00000000 00000000 00000000 00000000 00000000 0ffe973 1000000 00000000
00000000 00000000 00000000 00000000 00000000 00000000 00000000 0ffde2c 1000000 00000000
00000000 00000000 00000000 00000000 00000000 00000000 00000000 0fff4b9 0ffffff 00000000
00000000 00000000 00000000 00000000 00000000 00000000 00000000 0ffe973 1000000 00000000
00000000 00000000 00000000 00000000 00000000 00000000 00000000 0ffde2c 1000000 00000000
00000000 00000000 00000000 00000000 00000000 00000000 00000000 0fff4b9 0ffffff 00000000
00000000 00000000 00000000 00000000 00000000 00000000 00000000 0ffe973 1000000 00000000
00000000 00000000 00000000 00000000 00000000 00000000 00000000 0ffde2c 1000000 00000000
00000000 00000000 00000000 00000000 00000000 00000000 00000000 0fff4b9 0ffffff 00000000
00000000 00000000 00000000 00000000 00000000 00000000 00000000 0ffe973 1000000 00000000
00000000 00000000 00000000 00000000 00000000 00000000 00000000 0ffde2c 1000000 00000000
00000000 00000000 00000000 00000000 00000000 00000000 00000000 0fff4b9 0ffffff 00000000
00000000 00000000 00000000 00000000 00000000 00000000 00000000 0ffe973 1000000 00000000
00000000 00000000 00000000 00000000 00000000 00000000 00000000 0ffde2c 1000000 00000000
00000000 00000000 00000000 00000000 00000000 00000000 00000000 0fff4b9 0ffffff 00000000
00000000 00000000 00000000 00000000 00000000 00000000 00000000 0ffe973 1000000 00000000
00000000 00000000 00000000 00000000 00000000 00000000 00000000 0ffde2c 1000000 00000000
00000000 00000000 00000000 00000000 00000000 00000000 00000000 0fff4b9 0ffffff 00000000
00000000 00000000 00000000 00000000 00000000 00000000 00000000 0ffe973 1000000 00000000
00000000 00000000 00000000 00000000 00000000 00000000 00000000 0ffde2c 1000000 00000000
00000000 00000000 00000000 00000000 00000000 00000000 00000000 0fff4b9 0ffffff 00000000
00000000 00000000 00000000 00000000 00000000 00000000 00000000 0ffe973 1000000 00000000
00000000 00000000 00000000 00000000 00000000 00000000 00000000 0ffde2c 1000000 00000000
00000000 00000000 00000000 00000000 00000000 00000000 00000000 0fff4b9 0ffffff 00000000
00000000 00000000 00000000 00000000 00000000 00000000 00000000 0ffe973 1000000 00000000
00000000 00000000 00000000 00000000 00000000 00000000 00000000 0ffde2c 1000000 00000000
00000000 00000000 00000000 00000000 00000000 00000000 00000000 0fff4b9 0ffffff 00000000
00000000 00000000 00000000 00000000 00000000 00000000 00000000 0ffe973 1000000 00000000
00000000 00000000 00000000 00000000 00000000 00000000 00000000 0ffde2c 1000000 00000000
00000000 00000000 00000000 00000000 00000000 00000000 00000000 0fff4b9 0ffffff 00000000
00000000 00000000 00000000 00000000 00000000 00000000 00000000 0ffe973 1000000 00000000
00000000 00000000 00000000 00000000 00000000 00000000 00000000 0ffde2c 1000000 00000000
00000000 00000000 00000000 00000000 00000000 00000000 00000000 0fff4b9 0ffffff 00000000
00000000 00000000 00000000 00000000 00000000 00000000 00000000 0ffe973 1000000 00000000
00000000 00000000 00000000 00000000 00000000 00000000 00000000 0ffde2c 1000000 00000000
00000000 00000000 00000000 00000000 00000000 00000000 00000000 0fff4b9 0ffffff 00000000
00000000 00000000 00000000 00000000 00000000 00000000 00000000 0ffe973 1000000 00000000
00000000 00000000 00000000 00000000 00000000 00000000 00000000 0ffde2c 1000000 00000000
00000000 00000000 00000000 00000000 00000000 00000000 00000000 0fff4b9 0ffffff 00000000
00000000 00000000 00000000 00000000 00000000 00000000 00000000 0ffe973 1000000 00000000
00000000 00000000 00000000 00000000 00000000 00000000 00000000 0ffde2c 1000000 00000000
00000000 00000000 00000000 00000000 00000000 00000000 00000000 0fff4b9 0ffffff 00000000
00000000 00000000 00000000 00000000 00000000 00000000 00000000 0ffe973 1000000 00000000
00000000 00000000 00000000 00000000 00000000 00000000 00000000 0ffde2c 1000000 00000000
00000000 00000000 00000000 00000000 00000000 00000000 00000000 0fff4b9 0ffffff 00000000
00000000 00000000 00000000 00000000 00000000 00000000 00000000 0ffe973 1000000 00000000
00000000 00000000 00000000 00000000 00000000 00000000 00000000 0ffde2c 1000000 00000000
00000000 00000000 00000000 00000000 00000000 00000000 00000000 0fff4b9 0ffffff 00000000
00000000 00000000 00000000 00000000 00000000 00000000 00000000 0ffe973 1000000 00000000
00000000 00000000 00000000 00000000 00000000 00000000 00000000 0ffde2c 1000000 00000000
00000000 00000000 00000000 00000000 00000000 00000000 00000000 0fff4b9 0ffffff 00000000
00000000 00000000 00000000 00000000 00000000 00000000 00000000 0ffe973 1000000 00000000
00000000 00000000 00000000 00000000 00000000 00000000 00000000 0ffde2c 1000000 00000000
00000000 00000000 00000000 00000000 00000000 00000000 00000000 0fff4b9 0ffffff 00000000
00000000 00000000 00000000 00000000 00000000 00000000 00000000 0ffe973 1000000 00000000
00000000 00000000 00000000 00000000 00000000 00000000 00000000 0ffde2c 1000000 00000000
00000000 00000000 00000000 00000000 00000000 00000000 00000000 0fff4b9 0ffffff 00000000
00000000 00000000 00000000 00000000 00000000 00000000 00000000 0ffe973 1000000 00000000
00000000 00000000 00000000 00000000 00000000 00000000 00000000 0ffde2c 1000000 00000000
00000000 00000000 00000000 00000000 00000000 00000000 00000000 0fff4b9 0ffffff 00000000
00000000 00000000 00000000 00000000 00000000 00000000 00000000 0ffe973 1000000 00000000
00000000 00000000 00000000 00000000 00000000 00000000 00000000 0ffde2c 1000000 00000000
00000000 00000000 00000000 00000000 00000000 00000000 00000000 0fff4b9 0ffffff 00000000
00000000 00000000 00000000 00000000 00000000 00000000 00000000 0ffe973 1000000 00000000
00000000 00000000 00000000 00000000 00000000 00000000 00000000 0ffde2c 1000000 00000000
00000000 00000000 00000000 00000000 00000000 00000000 00000000 0fff4b9 0ffffff 00000000
00000000 00000000 00000000 00000000 00000000 00000000 00000000 0ffe973 1000000 00000000
00000000 00000000 00000000 00000000 00000000 00000000 00000000 0ffde2c 1000000 00000000
00000000 00000000 00000000 00000000 00000000 00000000 00000000 0fff4b9 0ffffff 00000000
00000000 00000000 00000000 00000000 00000000 00000000 00000000 0ffe973 1000000 00000000
00000000 00000000 00000000 00000000 00000000 00000000 00000000 0ffde2c 1000000 00000000
00000000 00000000 00000000 00000000 00000000 00000000 00000000 0fff4b9 0ffffff 00000000
00000000 00000000 00000000 00000000 00000000 00000000 00000000 0ffe973 1000000 00000000
00000000 00000000 00000000 00000000 00000000 00000000 00000000 0ffde2c 1000000 00000000
00000000 00000000 00000000 00000000 00000000 00000000 00000000 0fff4b9 0ffffff 00000000
00000000 00000000 00000000 00000000 00000000 00000000 00000000 0ffe973 1000000 00000000
00000000 00000000 00000000 00000000 00000000 00000000 00000000 0ffde2c 1000000 00000000
00000000 00000000 00000000 00000000 00000000 00000000 00000000 0fff4b9 0ffffff 00000000
00000000 00000000 00000000 00000000 00000000 00000000 00000000 0ffe973 1000000 00000000
00000000 00000000 00000000 00000000 00000000 00000000 00000000 0ffde2c 1000000 00000000
00000000 00000000 00000000 00000000 00000000 00000000 00000000 0fff4b9 0ffffff 00000000
00000000 00000000 00000000 00000000 00000000 00000000 00000000 0ffe973 1000000 00000000
00000000 00000000 00000000 00000000 00000000 00000000 00000000 0ffde2c 1000000 00000000
00000000 00000000 00000000 00000000 00000000 00000000 00000000 0fff4b9 0ffffff 00000000
00000000 00000000 00000000 00000000 00000000 00000000 00000000 0ffe973 1000000 00000000
00000000 00000000 00000000 00000000 00000000 00000000 00000000 0ffde2c 1000000 00000000
00000000 00000000 00000000 00000000 00000000 00000000 00000000 0fff4b9 0ffffff 00000000
00000000 00000000 00000000 00000000 00000000 00000000 00000000 0ffe973 1000000 00000000
00000000 00000000 00000000 00000000 00000000 00000000 00000000 0ffde2c 1000000 00000000
00000000 00000000 00000000 00000000 00000000 00000000 00000000 0fff4b9 0ffffff 00000000
00000000 00000000 00000000 00000000 00000000 00000000 00000000 0ffe973 1000000 00000000
00000000 00000000 00000000 00000000 00000000 00000000 00000000 0ffde2c 1000000 00000000
00000000 00000000 00000000 00000000 00000000 00000000 00000000 0fff4b9 0ffffff 00000000
00000000 00000000 00000000 00000000 00000000 00000000 00000000 0ffe973 1000000 00000000
00000000 00000000 00000000 00000000 00000000 00000000 00000000 0ffde2c 1000000 00000000
00000000 00000000 00000000 00000000 00000000 00000000 00000000 0fff4b9 0ffffff 00000000
00000000 00000000 00000000 00000000 00000000 00000000 00000000 0ffe973 1000000 00000000
00000000 00000000 00000000 00000000 00000000 00000000 00000000 0ffde2c 1000000 00000000
00000000 00000000 00000000 00000000 00000000 00000000 00000000 0fff4b9 0ffffff 00000000
00000000 00000000 00000000 00000000 00000000 00000000 00000000 0ffe973 1000000 00000000
00000000 00000000 00000000 00000000 00000000 00000000 00000000 0ffde2c 1000000 00000000
00000000 00000000 00000000 00000000 00000000 00000000 00000000 0fff4b9 0ffffff 00000000
00000000 00000000 00000000 00000000 00000000 00000000 00000000 0ffe973 1000000 00000000
00000000 00000000 00000000 00000000 00000000 00000000 00000000 0ffde2c 1000000 00000000
00000000 00000000 00000000 00000000 00000000 00000000 00000000 0fff4b9 0ffffff 00000000
00000000 00000000 00000000 00000000 00000000 00000000 00000000 0ffe973 1000000 00000000
00000000 00000000 00000000 00000000 00000000 00000000 00000000 0ffde2c 1000000 00000000
00000000 00000000 00000000 00000000 00000000 00000000 00000000 0fff4b9 0ffffff 00000000
00000000 00000000 00000000 00000000 00000000 00000000 00000000 0ffe973 1000000 00000000
00000000 00000000 00000000 00000000 00000000 00000000 00000000 0ffde2c 1000000 00000000
00000000 00000000 00000000 00000000 00000000 00000000 00000000 0fff4b9 0ffffff 00000000
00000000 00000000 00000000 00000000 00000000 00000000 00000000 0ffe973 1000000 00000000
00000000 00000000 00000000 00000000 00000000 00000000 00000000 0ffde2c 1000000 00000000
00000000 00000000 00000000 00000000 00000000 00000000 00000000 0fff4b9 0ffffff 00000000
00000000 00000000 00000000 00000000 00000000 00000000 00000000 0ffe973 1000000 00000000
00000000 00000000 00000000 00000000 00000000 00000000 00000000 0ffde2c 1000000 00000000
00000000 00000000 00000000 00000000 00000000 00000000 00000000 0fff4b9 0ffffff 00000000
00000000 00000000 00000000 00000000 00000000 00000000 00000000 0ffe973 1000000 00000000
00000000 00000000 00000000 00000000 00000000 00000000 00000000 0ffde2c 1000000 00000000
00000000 00000000 00000000 00000000 00000000 00000000 00000000 0fff4b9 0ffffff 00000000
00000000 00000000 00000000 00000000 00000000 00000000 00000000 0ffe973 1000000 00000000
00000000 00000000 00000000 00000000 00000000 00000000 00000000 0ffde2c 1000000 00000000
00000000 00000000 00000000 00000000 00000000 00000000 00000000 0fff4b9 0ffffff 00000000
00000000 00000000 00000000 00000000 00000000 00000000 00000000 0ffe973 1000000 00000000
00000000 00000000 00000000 00000000 00000000 00000000 00000000 0ffde2c 1000000 00000000
00000000 00000000 00000000 00000000 00000000 00000000 00000000 0fff4b9 0ffffff 00000000
00000000 00000000 00000000 00000000 00000000 00000000 00000000 0ffe973 1000000 00000000
00000000 00000000 00000000 00000000 00000000 00000000 00000000 0ffde2c 1000000 00000000
00000000 00000000 00000000 00000000 00000000 00000000 00000000 0fff4b9 0ffffff 00000000
00000000 00000000 00000000 00000000 00000000 00000000 00000000 0ffe973 1000000 00000000
00000000 00000000 00000000 00000000 00000000 00000000 00000000 0ffde2c 1000000 00000000
00000000 00000000 00000000 00000000 00000000 00000000 00000000 0fff4b9 0ffffff 00000000
00000000 00000000 00000000 00000000 00000000 00000000 00000000 0ffe973 1000000 00000000
00000000 00000000 00000000 00000000 00000000 00000000 00000000 0ffde2c 1000000 00000000
00000000 00000000 00000000 00000000 00000000 00000000 00000000 0fff4b9 0ffffff 00000000
00000000 00000000 00000000 00000000 00000000 00000000 00000000 0ffe973 1000000 00000000
00000000 00000000 00000000 00000000 00000000 00000000 00000000 0ffde2c 1000000 00000000
00000000 00000000 00000000 00000000 00000000 00000000 00000000 0fff4b9 0ffffff 00000000
00000000 00000000 00000000 00000000 00000000 00000000 00000000 0ffe973 1000000 00000000
00000000 00000000 00000000 00000000 00000000 00000000 00000000 0ffde2c 1000000 00000000
00000000 00000000 00000000 00000000 00000000 00000000 00000000 0fff4b9 0ffffff 00000000
00000000 00000000 00000000 00000000 00000000 00000000 00000000 0ffe973 1000000 00000000
00000000 00000000 00000000 00000000 00000000 00000000 00000000 0ffde2c 1000000 00000000
00000000 00000000 00000000 00000000 00000000 00000000 00000000 0fff4b9 0ffffff 00000000
00000000 00000000 00000000 00000000 00000000 00000000 00000000 0ffe973 1000000 00000000
00000000 00000000 00000000 00000000 00000000 00000000 00000000 0ffde2c 1000000 00000000
00000000 00000000 00000000 00000000 00000000 00000000 00000000 0fff4b9 0ffffff 00000000
00000000 00000000 00000000 00000000 00000000 00000000 00000000 0ffe973 1000000 00000000
00000000 00000000 00000000 00000000 00000000 00000000 00000000 0ffde2c 1000000 00000000
00000000 00000000 00000000 00000000 00000000 00000000 00000000 0fff4b9 0ffffff 00000000
00000000 00000000 00000000 00000000 00000000 00000000 00000000 0ffe973 1000000 00000000
00000000 00000000 00000000 00000000 00000000 00000000 00000000 0ffde2c 1000000 00000000
00000000 00000000 00000000 00000000 00000000 00000000 00000000 0fff4b9 0ffffff 00000000
00000000 00000000 00000000 00000000 00000000 00000000 00000000 0ffe973 1000000 00000000
00000000 00000000 00000000 00000000 00000000 00000000 00000000 0ffde2c 1000000 00000000
00000000 00000000 00000000 00000000 00000000 00000000 00000000 0fff4b9 0ffffff 00000000
00000000 00000000 00000000 00000000 00000000 00000000 00000000 0ffe973 1000000 00000000
00000000 00000000 00000000 00000000 00000000 00000000 00000000 0ffde2c 1000000 00000000
00000000 00000000 00000000 00000000 00000000 00000000 00000000 0fff4b9 0ffffff 00000000
00000000 00000000 00000000 00000000 00000000 00000000 00000000 0ffe973 1000000 00000000
00000000 00000000 00000000 00000000 00000000 00000000 00000000 0ffde2c 1000000 00000000
00000000 00000000 00000000 00000000 00000000 00000000 00000000 0fff4b9 0ffffff 00000000
00000000 00000000 00000000 00000000 00000000 00000000 00000000 0ffe973 1000000 00000000
00000000 00000000 00000000 00000000 00000000 00000000 00000000 0ffde2c 1000000 00000000
00000000 00000000 00000000 00000000 00000000 00000000 00000000 0fff4b9 0ffffff 00000000
00000000 00000000 00000000 00000000 00000000 00000000 00000000 0ffe973 1000000 00000000
00000000 00000000 00000000 00000000 00000000 00000000 00000000 0ffde2c 1000000 00000000
00000000 00000000 00000000 00000000 00000000 00000000 00000000 0fff4b9 0ffffff 00000000
00000000 00000000 00000000 00000000 00000000 00000000 00000000 0ffe973 1000000 00000000
00000000 00000000 00000000 00000000 00000000 00000000 00000000 0ffde2c 1000000 00000000
00000000 00000000 00000000 00000000 00000000 00000000 00000000 0fff4b9 0ffffff 00000000
00000000 00000000 00000000 00000000 00000000 00000000 00000000 0ffe973 1000000 00000000
00000000 00000000 00000000 00000000 00000000 00000000 00000000 0ffde2c 1000000 00000000
00000000 00000000 00000000 00000000 00000000 00000000 00000000 0fff4b9 0ffffff 00000000
00000000 00000000 00000000 00000000 00000000 00000000 00000000 0ffe973 1000000 00000000
00000000 00000000 00000000 00000000 00000000 00000000 00000000 0ffde2c 1000000 00000000
00000000 00000000 00000000 00000000 00000000 00000000 00000000 0fff4b9 0ffffff 00000000
00000000 00000000 00000000 00000000 00000000 00000000 00000000 0ffe973 1000000 00000000
00000000 00000000 00000000 00000000 00000000 00000000 00000000 0ffde2c 1000000 00000000
00000000 00000000 00000000 00000000 00000000 00000000 00000000 0fff4b9 0ffffff 00000000
00000000 00000000 00000000 00000000 00000000 00000000 00000000 0ffe973 1000000 00000000
00000000 00000000 00000000 00000000 00000000 00000000 00000000 0ffde2c 1000000 00000000
00000000 00000000 00000000 00000000 00000000 00000000 00000000 0fff4b9 0ffffff 00000000
00000000 00000000 00000000 00000000 00000000 00000000 00000000 0ffe973 1000000 00000000
00000000 00000000 00000000 00000000 00000000 00000000 00000000 0ffde2c 1000000 00000000
00000000 00000000 00000000 00000000 00000000 00000000 00000000 0fff4b9 0ffffff 00000000
00000000 00000000 00000000 00000000 00000000 00000000 00000000 0ffe973 1000000 00000000
00000000 00000000 00000000 00000000 00000000 00000000 00000000 0ffde2c 1000000 00000000
00000000 00000000 00000000 00000000 00000000 00000000 00000000 0fff4b9 0ffffff 00000000
00000000 00000000 00000000 00000000 00000000 00000000 00000000 0ffe973 1000000 00000000
00000000 00000000 00000000 00000000 00000000 00000000 00000000 0ffde2c 1000000 00000000
00000000 00000000 00000000 00000000 00000000 00000000 00000000 0fff4b9 0ffffff 00000000
00000000 00000000 00000000 00000000 00000000 00000000 00000000 0ffe973 1000000 00000000
00000000 00000000 00000000 00000000 00000000 00000000 00000000 0ffde2c 1000000 00000000
00000000 00000000 00000000 00000000 00000000 00000000 00000000 0fff4b9 0ffffff 00000000
00000000 00000000 00000000 00000000 00000000 00000000 00000000 0ffe973 1000000 00000000
00000000 00000000 00000000 00000000 00000000 00000000 00000000 0ffde2c 1000000 00000000
00000000 00000000 00000000 00000000 00000000 00000000 00000000 0fff4b9 0ffffff 00000000
00000000 00000000 00000000 00000000 00000000 00000000 00000000 0ffe973 1000000 00000000
00000000 00000000 00000000 00000000 00000000 00000000 00000000 0ffde2c 1000000 00000000
00000000 00000000 00000000 00000000 00000000 00000000 00000000 0fff4b9 0ffffff 00000000
00000000 00000000 00000000 00000000 00000000 00000000 00000000 0ffe973 1000000 00000000
00000000 00000000 00000000 00000000 00000000 00000000 00000000 0ffde2c 1000000 00000000
00000000 00000000 00000000 00000000 00000000 00000000 00000000 0fff4b9 0ffffff 00000000
00000000 00000000 00000000 00000000 00000000 00000000 00000000 0ffe973 1000000 00000000
00000000 00000000 00000000 00000000 00000000 00000000 00000000 0ffde2c 1000000 00000000
00000000 00000000 00000000 00000000 00000000 00000000 00000000 0fff4b9 0ffffff 00000000
00000000 00000000 00000000 00000000 00000000 00000000 00000000 0ffe973 1000000 00000000
00000000 00000000 00000000 00000000 00000000 00000000 00000000 0ffde2c 1000000 00000000
00000000 00000000 00000000 00000000 00000000 00000000 00000000 0fff4b9 0ffffff 00000000
00000000 00000000 00000000 00000000 00000000 00000000 00000000 0ffe973 1000000 00000000
00000000 00000000 00000000 00000000 00000000 00000000 00000000 0ffde2c 1000000 00000000
00000000 00000000 00000000 00000000 00000000 00000000 00000000 0fff4b9 0ffffff 00000000
00000000 00000000 00000000 00000000 00000000 00000000 00000000 0ffe973 1000000 00000000
00000000 00000000 00000000 00000000 00000000 00000000 00000000 0ffde2c 1000000 00000000
00000000 00000000 00000000 00000000 00000000 00000000 00000000 0fff4b9 0ffffff 00000000
00000000 00000000 00000000 00000000 00000000 00000000 00000000 0ffe973 1000000 00000000
00000000 00000000 00000000 00000000 00000000 00000000 00000000 0ffde2c 1000000 00000000
00000000 00000000 00000000 00000000 00000000 00000000 00000000 0fff4b9 0ffffff 00000000
00000000 00000000 00000000 00000000 00000000 00000000 00000000 0ffe973 1000000 00000000
00000000 00000000 00000000 00000000 00000000 00000000 00000000 0ffde2c 1000000 00000000
00000000 00000000 00000000 00000000 00000000 00000000 00000000 0fff4b9 0ffffff 00000000
00000000 00000000 00000000 00000000 00000000 00000000 00000000 0ffe973 1000000 00000000
00000000 00000000 00000000 00000000 00000000 00000000 00000000 0ffde2c 1000000 00000000
00000000 00000000 00000000 00000000 00000000 00000000 00000000 0fff4b9 0ffffff 00000000
00000000 00000000 00000000 00000000 00000000 00000000 00000000 0ffe973 1000000 00000000
00000000 00000000 00000000 00000000 00000000 00000000 00000000 0ffde2c 1000000 00000000
00000000 00000000 00000000 00000000 00000000 00000000 00000000 0fff4b9 0ffffff 00000000
00000000 00000000 00000000 00000000 00000000 00000000 00000000 0ffe973 1000000 00000000
00000000 00000000 00000000 00000000 00000000 00000000 00000000 0ffde2c 1000000 00000000
00000000 00000000 00000000 00000000 00000000 00000000 00000000 0fff4b9 0ffffff 00000000
00000000 00000000 00000000 00000000 00000000 00000000 00000000 0ffe973 1000000 00000000
00000000 00000000 00000000 00000000 00000000 00000000 00000000 0ffde2c 1000000 00000000
00000000 00000000 00000000 00000000 00000000 00000000 00000000 0fff4b9 0ffffff 00000000
00000000 00000000 00000000 00000000 00000000 00000000 00000000 0ffe973 1000000 00000000
00000000 00000000 00000000 00000000 00000000 00000000 00000000 0ffde2c 1000000 00000000
00000000 00000000 00000000 00000000 00000000 00000000 00000000 0fff4b9 0ffffff 00000000
00000000 00000000 00000000 00000000 00000000 00000000 00000000 0ffe973 1000000 00000000
00000000 00000000 00000000 00000000 00000000 00000000 00000000 0ffde2c 1000000 00000000
00000000 00000000 00000000 00000000 00000000 00000000 00000000 0fff4b9 0ffffff 00000000
00000000 00000000 00000000 00000000 00000000 00000000 00000000 0ffe973 1000000 00000000
00000000 00000000 00000000 00000000 00000000 00000000 00000000 0ffde2c 1000000 00000000
00000000 00000000 00000000 00000000 00000000 00000000 00000000 0fff4b9 0ffffff 00000000
00000000 00000000 00000000 00000000 00000000 00000000 00000000 0ffe973 1000000 00000000
00000000 00000000 00000000 00000000 00000000 00000000 00000000 0ffde2c 1000000 00000000
00000000 00000000 00000000 00000000 00000000 00000000 00000000 0fff4b9 0ffffff 00000000
00000000 00000000 00000000 00000000 00000000 00000000 00000000 0ffe973 1000000 00000000
00000000 00000000 00000000 00000000 00000000 00000000 00000000 0ffde2c 1000000 00000000
00000000 00000000 00000000 00000000 00000000 00000000 00000000 0fff4b9 0ffffff 00000000
00000000 00000000 00000000 00000000 00000000 00000000 00000000 0ffe973 1000000 00000000
00000000 00000000 00000000 00000000 00000000 00000000 00000000 0ffde2c 1000000 00000000
00000000 00000000 00000000 00000000 00000000 00000000 00000000 0fff4b9 0ffffff 00000000
00000000 00000000 00000000 00000000 00000000 00000000 00000000 0ffe973 1000000 00000000
00000000 00000000 00000000 00000000 00000000 00000000 00000000 0ffde2c 1000000 00000000
00000000 00000000 00000000 00000000 00000000 00000000 00000000 0fff4b9 0ffffff 00000000
00000000 00000000 00000000 00000000 00000000 00000000 00000000 0ffe973 1000000 00000000
00000000 00000000 00000000 00000000 00000000 00000000 00000000 0ffde2c 1000000 00000000
00000000 00000000 00000000 00000000 00000000 00000000 00000000 0fff4b9 0ffffff 00000000
00000000 00000000 00000000 00000000 00000000 00000000 00000000 0ffe973 1000000 00000000
00000000 00000000 00000000 00000000 00000000 00000000 00000000 0ffde2c 1000000 00000000
00000000 00000000 00000000 00000000 00000000 00000000 00000000 0fff4b9 0ffffff 00000000
00000000 00000000 00000000 00000000 00000000 00000000 00000000 0ffe973 1000000 00000000
00000000 00000000 00000000 00000000 00000000 00000000 00000000 0ffde2c 1000000 00000000
00000000 00000000 00000000 00000000 00000000 00000000 00000000 0fff4b9 0ffffff 00000000
00000000 00000000 00000000 00000000 00000000 00000000 00000000 0ffe973 1000000 00000000
00000000 00000000 00000000 00000000 00000000 00000000 00000000 0ffde2c 1000000 00000000
00000000 00000000 00000000 00000000 00000000 00000000 00000000 0fff4b9 0ffffff 00000000
00000000 00000000 00000000 00000000 00000000 00000000 00000000 0ffe973 1000000 00000000
00000000 00000000 00000000 00000000 00000000 00000000 00000000 0ffde2c 1000000 00000000
00000000 00000000 00000000 00000000 00000000 00000000 00000000 0fff4b9 0ffffff 00000000
00000000 00000000 00000000 00000000 00000000 00000000 00000000 0ffe973 1000000 00000000
00000000 00000000 00000000 00000000 00000000 00000000 00000000 0ffde2c 1000000 00000000
00000000 00000000 00000000 00000000 00000000 00000000 00000000 0fff4b9 0ffffff 00000000
00000000 00000000 00000000 00000000 00000000 00000000 00000000 0ffe973 1000000 00000000
00000000 00000000 00000000 00000000 00000000 00000000 00000000 0ffde2c 1000000 00000000
00000000 00000000 00000000 00000000 00000000 00000000 00000000 0fff4b9 0ffffff 00000000
00000000 00000000 00000000 00000000 00000000 00000000 00000000 0ffe973 1000000 00000000
00000000 00000000 00000000 00000000 00000000 00000000 00000000 0ffde2c 1000000 00000000
00000000 00000000 00000000 00000000 00000000 00000000 00000000 0fff4b9 0ffffff 00000000
00000000 00000000 00000000 00000000 00000000 00000000 00000000 0ffe973 1000000 00000000
00000000 00000000 00000000 00000000 00000000 00000000 00000000 0ffde2c 1000000 00000000
00000000 00000000 00000000 00000000 00000000 00000000 00000000 0fff4b9 0ffffff 00000000
00000000 00000000 00000000 00000000 00000000 00000000 00000000 0ffe973 1000000 00000000
00000000 00000000 00000000 00000000 00000000 00000000 00000000 0ffde2c 1000000 00000000
00000000 00000000 00000000 00000000 00000000 00000000 00000000 0fff4b9 0ffffff 00000000
00000000 00000000 00000000 00000000 00000000 00000000 00000000 0ffe973 1000000 00000000
00000000 00000000 00000000 00000000 00000000 00000000 00000000 0ffde2c 1000000 00000000
00000000 00000000 00000000 00000000 00000000 00000000 00000000 0fff4b9 0ffffff 00000000
00000000 00000000 00000000 00000000 00000000 00000000 00000000 0ffe973 1000000 00000000
00000000 00000000 00000000 00000000 00000000 00000000 00000000 0ffde2c 1000000 00000000
00000000 00000000 00000000 00000000 00000000 00000000 00000000 0fff4b9 0ffffff 00000000
00000000 00000000 00000000 00000000 00000000 00000000 00000000 0ffe973 1000000 00000000
00000000 00000000 00000000 00000000 00000000 00000000 00000000 0fff4b9 0ffffff 00000000
00000000 00000000 00000000 00000000 00000000 00000000 00000000 0ffe973 1000000 00000000
00000000 00000000 00000000 00000000 00000000 00000000 00000000 0fff4b9 0ffffff 00000000
00000000 00000000 00000000 00000000 00000000 00000000 00000000 0ffe973 1000000 00000000
00000000 00000000 00000000 00000000 00000000 00000000 00000000 0fff4b9 0ffffff 00000000
00000000 00000000 00000000 00000000 00000000 00000000 00000000 0ffe973 1000000 00000000
00000000 00000000 00000000 00000000 00000000 00000000 00000000 0fff4b9 0ffffff 00000000
00000000 00000000 00000000 00000000 00000000 00000000 00000000 0ffe973 1000000 00000000
00000000 00000000 00000000 00000000 00000000 00000000 00000000 0fff4b9 0ffffff 00000000
00000000 00000000 00000000 00000000 00000000 00000000 00000000 0ffe973 1000000 00000000
00000000 00000000 00000000 00000000 00000000 00000000 00000000 0fff4b9 0ffffff 00000000
00000000 00000000 00000000 00000000 00000000 00000000 00000000 0ffe973 1000000 00000000
00000000 00000000 00000000 00000000 00000000 00000000 00000000 0fff4b9 0ffffff 00000000
00000000 00000000 00000000 00000000 00000000 00000000 00000000 0ffe973 1000000 00000000
00000000 00000000 00000000 00000000 00000000 00000000 00000000 0fff4b9 0ffffff 00000000
00000000 00000000 00000000 00000000 00000000 00000000 00000000 0ffe973 1000000 00000000
00000000 00000000 00000000 00000000 00000000 00000000 00000000 0fff4b9 0ffffff 00000000
00000000 00000000 00000000 00000000 00000000 00000000 00000000 0ffe973 1000000 00000000
00000000 00000000 00000000 00000000 00000000 00000000 00000000 0fff4b9 0ffffff 00000000
00000000 00000000 00000000 00000000 00000000 00000000 00000000 0ffe973 1000000 00000000
00000000 00000000 00000000 00000000 00000000 00000000 00000000 0fff4b9 0ffffff 00000000
00000000 00000000 00000000 00000000 00000000 00000000 00000000 0ffe973 1000000 00000000
00000000 00000000 00000000 00000000 00000000 00000000 00000000 0fff4b9 0ffffff 00000000
00000000 00000000 00000000 00000000 00000000 00000000 00000000 0ffe973 1000000 00000000
00000000 00000000 00000000 00000000 00000000 00000000 00000000 0fff4b9 0ffffff 00000000
00000000 00000000 00000000 00000000 00000000 00000000 00000000 0ffe973 1000000 00000000
00000000 00000000 00000000 00000000 00000000 00000000 00000000 0fff4b9 0ffffff 00000000
00000000 00000000 00000000 00000000 00000000 00000000 00000000 0ffe973 1000000 00000000
00000000 00000000 00000000 00000000 00000000 00000000 00000000 0fff4b9 0ffffff 00000000
00000000 00000000 00000000 00000000 00000000 00000000 00000000 0ffe973 1000000 00000000
00000000 00000000 00000000 00000000 00000000 00000000 00000000 0ffde2c 1000000 00000000
00000000 00000000 00000000 00000000 00000000 00000000 00000000 0ffd2e6 1000000 00000000
00000000 00000000 00000000 00000000 00000000 00000000 00000000 0ffc7a0 1000000 00000000
00000000 00000000 00000000 00000000 00000000 00000000 00000000 0ffbc59 1000000 00000000
00000000 00000000 00000000 00000000 00000000 00000000 00000000 0ffb113 1000000 00000000
00000000 00000000 00000000 00000000 00000000 00000000 00000000 0ffa5cc 1000000 00000000
00000000 00000000 00000000 00000000 00000000 00000000 00000000 0ff9a86 1000000 00000000
00000000 00000000 00000000 00000000 00000000 00000000 00000000 0ff8f40 1000000 00000000
00000000 00000000 00000000 00000000 00000000 00000000 00000000 0ff83f9 1000000 00000000
00000000 00000000 00000000 00000000 00000000 00000000 00000000 0ff78b3 1000000 00000000
00000000 00000000 00000000 00000000 00000000 00000000 00000000 0ff6d6d 1000000 00000000
00000000 00000000 00000000 00000000 00000000 00000000 00000000 0ff6226 1000000 00000000
00000000 00000000 00000000 00000000 00000000 00000000 00000000 0ff56e0 1000000 00000000
00000000 00000000 00000000 00000000 00000000 00000000 00000000 0ff4b99 1000000 00000000
00000000 00000000 00000000 00000000 00000000 00000000 ffabea1a 0fff4b9 0ffffff 00000000
00000000 00000000 00000000 00000000 00000000 00000000 ffa7d434 0ffe973 1000000 00000000
00000000 00000000 00000000 00000000 00000000 00000000 ffa3be4e 0ffde2c 1000000 00000000
00000000 00000000 00000000 00000000 00000000 00000000 ff9fa868 0ffd2e6 1000000 00000000
00000000 00000000 00000000 00000000 00000000 00000000 ff9b9282 0ffc7a0 1000000 00000000
00000000 00000000 00000000 00000000 00000000 00000000 ff977c9c 0ffbc59 1000000 00000000
00000000 00000000 00000000 00000000 00000000 00000000 ff9366b6 0ffb113 1000000 00000000
00000000 00000000 00000000 00000000 00000000 00000000 ff8f50d0 0ffa5cc 1000000 00000000
00000000 00000000 00000000 00000000 00000000 00000000 ff8b3aea 0ff9a86 1000000 00000000
00000000 00000000 00000000 00000000 00000000 00000000 ff872504 0ff8f40 1000000 00000000
00000000 00000000 00000000 00000000 00000000 00000000 ff830f1e 0ff83f9 1000000 00000000
00000000 00000000 00000000 00000000 00000000 00000000 ff7ef938 0ff78b3 1000000 00000000
00000000 00000000 00000000 00000000 00000000 00000000 ff7ae352 0ff6d6d 1000000 00000000
00000000 00000000 00000000 00000000 00000000 00000000 ff76cd6c 0ff6226 1000000 00000000
00000000 00000000 00000000 00000000 00000000 00000000 ff7ae352 0ff56e0 1000000 00000000
00000000 00000000 00000000 00000000 00000000 00000000 ff7ef938 0ff4b99 1000000 00000000
00000000 00000000 00000000 00000000 00000000 00000000 ff830f1e 0ff4053 1000000 00000000
00000000 00000000 00000000 00000000 00000000 00000000 ff872504 0ff350d 1000000 00000000
00000000 00000000 00000000 00000000 00000000 00000000 ff8b3aea 0ff29c6 1000000 00000000
00000000 00000000 00000000 00000000 00000000 00000000 ff8f50d0 0ff1e80 1000000 00000000
00000000 00000000 00000000 00000000 00000000 00000000 ff9366b6 0ff1339 1000000 00000000
00000000 00000000 00000000 00000000 00000000 00000000 ff977c9c 0ff07f3 1000000 00000000
00000000 00000000 00000000 00000000 00000000 00000000 ff9b9282 0fefcad 1000000 00000000
00000000 00000000 00000000 00000000 00000000 00000000 ff9fa868 0fef166 1000000 00000000
00000000 00000000 00000000 00000000 00000000 00000000 ffa3be4e 0fee620 1000000 00000000
00000000 00000000 00000000 00000000 00000000 00000000 ffa7d434 0fedada 1000000 00000000
00000000 00000000 00000000 00000000 00000000 00000000 ffabea1a 0fecf93 1000000 00000000
00000000 00000000 00000000 00000000 00000000 00000000 ffb00000 0fec44d 1000000 00000000
00000000 00000000 00000000 00000000 00000000 00000000 ffb00000 0feb906 1000000 00000000
00000000 00000000 00000000 00000000 00000000 00000000 ffb00000 0feadc0 1000000 00000000
00000000 00000000 00000000 00000000 00000000 00000000 ffb00000 0fea27a 1000000 00000000
00000000 00000000 00000000 00000000 00000000 00000000 ffb00000 0fe9733 1000000 00000000
00000000 00000000 00000000 00000000 00000000 00000000 ffabea1a 0fff4b9 0ffffff 00000000
00000000 00000000 00000000 00000000 00000000 00000000 ffa7d434 0ffe973 1000000 00000000
00000000 00000000 00000000 00000000 00000000 00000000 ffa3be4e 0ffde2c 1000000 00000000
00000000 00000000 00000000 00000000 00000000 00000000 ff9fa868 0ffd2e6 1000000 00000000
00000000 00000000 00000000 00000000 00000000 00000000 ff9b9282 0ffc7a0 1000000 00000000
00000000 00000000 00000000 00000000 00000000 00000000 ff977c9c 0ffbc59 1000000 00000000
00000000 00000000 00000000 00000000 00000000 00000000 00a415e6 0fff4b9 0ffffff 00000000
00000000 00000000 00000000 00000000 00000000 00000000 00a82bcc 0ffe973 1000000 00000000
00000000 00000000 00000000 00000000 00000000 00000000 00ac41b2 0ffde2c 1000000 00000000
00000000 00000000 00000000 00000000 00000000 00000000 00b05798 0ffd2e6 1000000 00000000
00000000 00000000 00000000 00000000 00000000 00000000 00b46d7e 0ffc7a0 1000000 00000000
00000000 00000000 00000000 00000000 00000000 00000000 00b88364 0ffbc59 1000000 00000000
00000000 00000000 00000000 00000000 00000000 00000000 00bc994a 0ffb113 1000000 00000000
00000000 00000000 00000000 00000000 00000000 00000000 00c0af30 0ffa5cc 1000000 00000000
00000000 00000000 00000000 00000000 00000000 00000000 00c4c516 0ff9a86 1000000 00000000
00000000 00000000 00000000 00000000 00000000 00000000 00c8dafc 0ff8f40 1000000 00000000
00000000 00000000 00000000 00000000 00000000 00000000 00ccf0e2 0ff83f9 1000000 00000000
00000000 00000000 00000000 00000000 00000000 00000000 00d106c8 0ff78b3 1000000 00000000
00000000 00000000 00000000 00000000 00000000 00000000 00d51cae 0ff6d6d 1000000 00000000
00000000 00000000 00000000 00000000 00000000 00000000 00d93294 0ff6226 1000000 00000000
00000000 00000000 00000000 00000000 00000000 00000000 00d51cae 0ff56e0 1000000 00000000
00000000 00000000 00000000 00000000 00000000 00000000 00d106c8 0ff4b99 1000000 00000000
00000000 00000000 00000000 00000000 00000000 00000000 00ccf0e2 0ff4053 1000000 00000000
00000000 00000000 00000000 00000000 00000000 00000000 00c8dafc 0ff350d 1000000 00000000
00000000 00000000 00000000 00000000 00000000 00000000 00c4c516 0ff29c6 1000000 00000000
00000000 00000000 00000000 00000000 00000000 00000000 00c0af30 0ff1e80 1000000 00000000
00000000 00000000 00000000 00000000 00000000 00000000 00bc994a 0ff1339 1000000 00000000
00000000 00000000 00000000 00000000 00000000 00000000 00b88364 0ff07f3 1000000 00000000
00000000 00000000 00000000 00000000 00000000 00000000 00b46d7e 0fefcad 1000000 00000000
00000000 00000000 00000000 00000000 00000000 00000000 00b05798 0fef166 1000000 00000000
00000000 00000000 00000000 00000000 00000000 00000000 00ac41b2 0fee620 1000000 00000000
00000000 00000000 00000000 00000000 00000000 00000000 00a82bcc 0fedada 1000000 00000000
00000000 00000000 00000000 00000000 00000000 00000000 00a415e6 0fecf93 1000000 00000000
00000000 00000000 00000000 00000000 00000000 00000000 00a00000 0fec44d 1000000 00000000
00000000 00000000 00000000 00000000 00000000 00000000 00a00000 0feb906 1000000 00000000
00000000 00000000 00000000 00000000 00000000 00000000 00a00000 0feadc0 1000000 00000000
00000000 00000000 00000000 00000000 00000000 00000000 00a00000 0fea27a 1000000 00000000
00000000 00000000 00000000 00000000 00000000 00000000 00a00000 0fe9733 1000000 00000000
00000000 00000000 00000000 00000000 00000000 00000000 00a415e6 0fff4b9 0ffffff 00000000
00000000 00000000 00000000 00000000 00000000 00000000 00a82bcc 0ffe973 1000000 00000000
00000000 00000000 00000000 00000000 00000000 00000000 00ac41b2 0ffde2c 1000000 00000000
00000000 00000000 00000000 00000000 00000000 00000000 00b05798 0ffd2e6 1000000 00000000
00000000 00000000 00000000 00000000 00000000 00000000 00b46d7e 0ffc7a0 1000000 00000000
00000000 00000000 00000000 00000000 00000000 00000000 00b88364 0ffbc59 1000000 00000000
00000000 00000000 00000000 00000000 00000000 00000000 ffaff3b2 0fff4b9 0ffffff 00000000
00000000 00000000 00000000 00000000 00000000 00000000 ffafe764 0ffe973 1000000 00000000
00000000 00000000 00000000 00000000 00000000 00000000 ffafdb16 0ffde2c 1000000 00000000
00000000 00000000 00000000 00000000 00000000 00000000 ffafcec8 0ffd2e6 1000000 00000000
00000000 00000000 00000000 00000000 00000000 00000000 ffafc27a 0ffc7a0 1000000 00000000
00000000 00000000 00000000 00000000 00000000 00000000 ffafb62c 0ffbc59 1000000 00000000
00000000 00000000 00000000 00000000 00000000 00000000 ffafa9de 0ffb113 1000000 00000000
00000000 00000000 00000000 00000000 00000000 00000000 ffaf9d90 0ffa5cc 1000000 00000000
00000000 00000000 00000000 00000000 00000000 00000000 ffaf9142 0ff9a86 1000000 00000000
00000000 00000000 00000000 00000000 00000000 00000000 ffaf84f4 0ff8f40 1000000 00000000
00000000 00000000 00000000 00000000 00000000 00000000 ffaf78a6 0ff83f9 1000000 00000000
00000000 00000000 00000000 00000000 00000000 00000000 ffaf6c58 0ff78b3 1000000 00000000
00000000 00000000 00000000 00000000 00000000 00000000 ffaf600a 0ff6d6d 1000000 00000000
00000000 00000000 00000000 00000000 00000000 00000000 ffaf53bc 0ff6226 1000000 00000000
00000000 00000000 00000000 00000000 00000000 00000000 ffaf476e 0ff56e0 1000000 00000000
00000000 00000000 00000000 00000000 00000000 00000000 ffaf3b20 0ff4b99 1000000 00000000
00000000 00000000 00000000 00000000 00000000 00000000 ffaf2ed2 0ff4053 1000000 00000000
00000000 00000000 00000000 00000000 00000000 00000000 ffaf2284 0ff350d 1000000 00000000
00000000 00000000 00000000 00000000 00000000 00000000 ffaf1636 0ff29c6 1000000 00000000
00000000 00000000 00000000 00000000 00000000 00000000 ffaf09e8 0ff1e80 1000000 00000000
00000000 00000000 00000000 00000000 00000000 00000000 ffaefd9a 0ff1339 1000000 00000000
00000000 00000000 00000000 00000000 00000000 00000000 ffaef14c 0ff07f3 1000000 00000000
00000000 00000000 00000000 00000000 00000000 00000000 ffaee4fe 0fefcad 1000000 00000000
00000000 00000000 00000000 00000000 00000000 00000000 ffaed8b0 0fef166 1000000 00000000
00000000 00000000 00000000 00000000 00000000 00000000 ffaecc62 0fee620 1000000 00000000
00000000 00000000 00000000 00000000 00000000 00000000 ffaec014 0fedada 1000000 00000000
00000000 00000000 00000000 00000000 00000000 00000000 ffaeb3c6 0fecf93 1000000 00000000
00000000 00000000 00000000 00000000 00000000 00000000 ffaea778 0fec44d 1000000 00000000
00000000 00000000 00000000 00000000 00000000 00000000 ffae9b2a 0feb906 1000000 00000000
00000000 00000000 00000000 00000000 00000000 00000000 ffae8edc 0feadc0 1000000 00000000
00000000 00000000 00000000 00000000 00000000 00000000 ffae828e 0fea27a 1000000 00000000
00000000 00000000 00000000 00000000 00000000 00000000 ffae7640 0fe9733 1000000 00000000
00000000 00000000 00000000 00000000 00000000 00000000 ffae69f2 0fe8bed 1000000 00000000
00000000 00000000 00000000 00000000 00000000 00000000 ffae5da4 0fe80a6 1000000 00000000
00000000 00000000 00000000 00000000 00000000 00000000 ffae5156 0fe7560 1000000 00000000
00000000 00000000 00000000 00000000 00000000 00000000 ffae4508 0fe6a1a 1000000 00000000
00000000 00000000 00000000 00000000 00000000 00000000 ffae38ba 0fe5ed3 1000000 00000000
00000000 00000000 00000000 00000000 00000000 00000000 ffae2c6c 0fe538d 1000000 00000000
00000000 00000000 00000000 00000000 00000000 00000000 ffae201e 0fe4847 1000000 00000000
00000000 00000000 00000000 00000000 00000000 00000000 ffae13d0 0fe3d00 1000000 00000000
00000000 00000000 00000000 00000000 00000000 00000000 ffae0782 0fe31ba 1000000 00000000
00000000 00000000 00000000 00000000 00000000 00000000 ffadfb34 0fe2673 1000000 00000000
00000000 00000000 00000000 00000000 00000000 00000000 ffadeee6 0fe1b2d 1000000 00000000
00000000 00000000 00000000 00000000 00000000 00000000 ffade298 0fe0fe7 1000000 00000000
00000000 00000000 00000000 00000000 00000000 00000000 ffadeee6 0fe04a0 1000000 00000000
00000000 00000000 00000000 00000000 00000000 00000000 ffadfb34 0fdf95a 1000000 00000000
00000000 00000000 00000000 00000000 00000000 00000000 ffae0782 0fdee14 1000000 00000000
00000000 00000000 00000000 00000000 00000000 00000000 ffae13d0 0fde2cd 1000000 00000000
00000000 00000000 00000000 00000000 00000000 00000000 ffae201e 0fdd787 1000000 00000000
00000000 00000000 00000000 00000000 00000000 00000000 ffae2c6c 0fdcc40 1000000 00000000
00000000 00000000 00000000 00000000 00000000 00000000 ffae38ba 0fdc0fa 1000000 00000000
00000000 00000000 00000000 00000000 00000000 00000000 ffae4508 0fdb5b4 1000000 00000000
00000000 00000000 00000000 00000000 00000000 00000000 ffae5156 0fdaa6d 1000000 00000000
00000000 00000000 00000000 00000000 00000000 00000000 ffae5da4 0fd9f27 1000000 00000000
00000000 00000000 00000000 00000000 00000000 00000000 ffae69f2 0fd93e0 1000000 00000000
00000000 00000000 00000000 00000000 00000000 00000000 ffae7640 0fd889a 1000000 00000000
00000000 00000000 00000000 00000000 00000000 00000000 ffae828e 0fd7d54 1000000 00000000
00000000 00000000 00000000 00000000 00000000 00000000 ffae8edc 0fd720d 1000000 00000000
00000000 00000000 00000000 00000000 00000000 00000000 ffaff3b2 0fff4b9 0ffffff 00000000
00000000 00000000 00000000 00000000 00000000 00000000 ffafe764 0ffe973 1000000 00000000
00000000 00000000 00000000 00000000 00000000 00000000 ffafdb16 0ffde2c 1000000 00000000
00000000 00000000 00000000 00000000 00000000 00000000 ffafcec8 0ffd2e6 1000000 00000000
00000000 00000000 00000000 00000000 00000000 00000000 ffafc27a 0ffc7a0 1000000 00000000
00000000 00000000 00000000 00000000 00000000 00000000 ffafb62c 0ffbc59 1000000 00000000
00000000 00000000 00000000 00000000 00000000 00000000 00a00c4e 0fff4b9 0ffffff 00000000
00000000 00000000 00000000 00000000 00000000 00000000 00a0189c 0ffe973 1000000 00000000
00000000 00000000 00000000 00000000 00000000 00000000 00a024ea 0ffde2c 1000000 00000000
00000000 00000000 00000000 00000000 00000000 00000000 00a03138 0ffd2e6 1000000 00000000
00000000 00000000 00000000 00000000 00000000 00000000 00a03d86 0ffc7a0 1000000 00000000
00000000 00000000 00000000 00000000 00000000 00000000 00a049d4 0ffbc59 1000000 00000000
00000000 00000000 00000000 00000000 00000000 00000000 00a05622 0ffb113 1000000 00000000
00000000 00000000 00000000 00000000 00000000 00000000 00a06270 0ffa5cc 1000000 00000000
00000000 00000000 00000000 00000000 00000000 00000000 00a06ebe 0ff9a86 1000000 00000000
00000000 00000000 00000000 00000000 00000000 00000000 00a07b0c 0ff8f40 1000000 00000000
00000000 00000000 00000000 00000000 00000000 00000000 00a0875a 0ff83f9 1000000 00000000
00000000 00000000 00000000 00000000 00000000 00000000 00a093a8 0ff78b3 1000000 00000000
00000000 00000000 00000000 00000000 00000000 00000000 00a09ff6 0ff6d6d 1000000 00000000
00000000 00000000 00000000 00000000 00000000 00000000 00a0ac44 0ff6226 1000000 00000000
00000000 00000000 00000000 00000000 00000000 00000000 00a0b892 0ff56e0 1000000 00000000
00000000 00000000 00000000 00000000 00000000 00000000 00a0c4e0 0ff4b99 1000000 00000000
00000000 00000000 00000000 00000000 00000000 00000000 00a0d12e 0ff4053 1000000 00000000
00000000 00000000 00000000 00000000 00000000 00000000 00a0dd7c 0ff350d 1000000 00000000
00000000 00000000 00000000 00000000 00000000 00000000 00a0e9ca 0ff29c6 1000000 00000000
00000000 00000000 00000000 00000000 00000000 00000000 00a0f618 0ff1e80 1000000 00000000
00000000 00000000 00000000 00000000 00000000 00000000 00a10266 0ff1339 1000000 00000000
00000000 00000000 00000000 00000000 00000000 00000000 00a10eb4 0ff07f3 1000000 00000000
00000000 00000000 00000000 00000000 00000000 00000000 00a11b02 0fefcad 1000000 00000000
00000000 00000000 00000000 00000000 00000000 00000000 00a12750 0fef166 1000000 00000000
00000000 00000000 00000000 00000000 00000000 00000000 00a1339e 0fee620 1000000 00000000
00000000 00000000 00000000 00000000 00000000 00000000 00a13fec 0fedada 1000000 00000000
00000000 00000000 00000000 00000000 00000000 00000000 00a14c3a 0fecf93 1000000 00000000
00000000 00000000 00000000 00000000 00000000 00000000 00a15888 0fec44d 1000000 00000000
00000000 00000000 00000000 00000000 00000000 00000000 00a164d6 0feb906 1000000 00000000
00000000 00000000 00000000 00000000 00000000 00000000 00a17124 0feadc0 1000000 00000000
00000000 00000000 00000000 00000000 00000000 00000000 00a17d72 0fea27a 1000000 00000000
00000000 00000000 00000000 00000000 00000000 00000000 00a189c0 0fe9733 1000000 00000000
00000000 00000000 00000000 00000000 00000000 00000000 00a1960e 0fe8bed 1000000 00000000
00000000 00000000 00000000 00000000 00000000 00000000 00a1a25c 0fe80a6 1000000 00000000
00000000 00000000 00000000 00000000 00000000 00000000 00a1aeaa 0fe7560 1000000 00000000
00000000 00000000 00000000 00000000 00000000 00000000 00a1baf8 0fe6a1a 1000000 00000000
00000000 00000000 00000000 00000000 00000000 00000000 00a1c746 0fe5ed3 1000000 00000000
00000000 00000000 00000000 00000000 00000000 00000000 00a1d394 0fe538d 1000000 00000000
00000000 00000000 00000000 00000000 00000000 00000000 00a1dfe2 0fe4847 1000000 00000000
00000000 00000000 00000000 00000000 00000000 00000000 00a1ec30 0fe3d00 1000000 00000000
00000000 00000000 00000000 00000000 00000000 00000000 00a1f87e 0fe31ba 1000000 00000000
00000000 00000000 00000000 00000000 00000000 00000000 00a204cc 0fe2673 1000000 00000000
00000000 00000000 00000000 00000000 00000000 00000000 00a2111a 0fe1b2d 1000000 00000000
00000000 00000000 00000000 00000000 00000000 00000000 00a21d68 0fe0fe7 1000000 00000000
00000000 00000000 00000000 00000000 00000000 00000000 00a2111a 0fe04a0 1000000 00000000
00000000 00000000 00000000 00000000 00000000 00000000 00a204cc 0fdf95a 1000000 00000000
00000000 00000000 00000000 00000000 00000000 00000000 00a1f87e 0fdee14 1000000 00000000
00000000 00000000 00000000 00000000 00000000 00000000 00a1ec30 0fde2cd 1000000 00000000
00000000 00000000 00000000 00000000 00000000 00000000 00a1dfe2 0fdd787 1000000 00000000
00000000 00000000 00000000 00000000 00000000 00000000 00a1d394 0fdcc40 1000000 00000000
00000000 00000000 00000000 00000000 00000000 00000000 00a1c746 0fdc0fa 1000000 00000000
00000000 00000000 00000000 00000000 00000000 00000000 00a1baf8 0fdb5b4 1000000 00000000
00000000 00000000 00000000 00000000 00000000 00000000 00a1aeaa 0fdaa6d 1000000 00000000
00000000 00000000 00000000 00000000 00000000 00000000 00a1a25c 0fd9f27 1000000 00000000
00000000 00000000 00000000 00000000 00000000 00000000 00a1960e 0fd93e0 1000000 00000000
00000000 00000000 00000000 00000000 00000000 00000000 00a189c0 0fd889a 1000000 00000000
00000000 00000000 00000000 00000000 00000000 00000000 00a17d72 0fd7d54 1000000 00000000
00000000 00000000 00000000 00000000 00000000 00000000 00a17124 0fd720d 1000000 00000000
00000000 00000000 00000000 00000000 00000000 00000000 00a00c4e 0fff4b9 0ffffff 00000000
00000000 00000000 00000000 00000000 00000000 00000000 00a0189c 0ffe973 1000000 00000000
00000000 00000000 00000000 00000000 00000000 00000000 00a024ea 0ffde2c 1000000 00000000
00000000 00000000 00000000 00000000 00000000 00000000 00a03138 0ffd2e6 1000000 00000000
00000000 00000000 00000000 00000000 00000000 00000000 00a03d86 0ffc7a0 1000000 00000000
00000000 00000000 00000000 00000000 00000000 00000000 00a049d4 0ffbc59 1000000 00000000
00000000 00000000 00000000 00000000 00000000 00000000 fe780c4e 0fff4b9 0ffffff 00000000
00000000 00000000 00000000 00000000 00000000 00000000 fe78189c 0ffe973 1000000 00000000
00000000 00000000 00000000 00000000 00000000 00000000 fe7824ea 0ffde2c 1000000 00000000
00000000 00000000 00000000 00000000 00000000 00000000 fe783138 0ffd2e6 1000000 00000000
00000000 00000000 00000000 00000000 00000000 00000000 fe783d86 0ffc7a0 1000000 00000000
00000000 00000000 00000000 00000000 00000000 00000000 fe7849d4 0ffbc59 1000000 00000000
00000000 00000000 00000000 00000000 00000000 00000000 fe785622 0ffb113 1000000 00000000
00000000 00000000 00000000 00000000 00000000 00000000 fe786270 0ffa5cc 1000000 00000000
00000000 00000000 00000000 00000000 00000000 00000000 fe786ebe 0ff9a86 1000000 00000000
00000000 00000000 00000000 00000000 00000000 00000000 fe787b0c 0ff8f40 1000000 00000000
00000000 00000000 00000000 00000000 00000000 00000000 fe78875a 0ff83f9 1000000 00000000
00000000 00000000 00000000 00000000 00000000 00000000 fe7893a8 0ff78b3 1000000 00000000
00000000 00000000 00000000 00000000 00000000 00000000 fe789ff6 0ff6d6d 1000000 00000000
00000000 00000000 00000000 00000000 00000000 00000000 fe78ac44 0ff6226 1000000 00000000
00000000 00000000 00000000 00000000 00000000 00000000 fe78b892 0ff56e0 1000000 00000000
00000000 00000000 00000000 00000000 00000000 00000000 fe78c4e0 0ff4b99 1000000 00000000
00000000 00000000 00000000 00000000 00000000 00000000 fe78d12e 0ff4053 1000000 00000000
00000000 00000000 00000000 00000000 00000000 00000000 fe78dd7c 0ff350d 1000000 00000000
00000000 00000000 00000000 00000000 00000000 00000000 fe78e9ca 0ff29c6 1000000 00000000
00000000 00000000 00000000 00000000 00000000 00000000 fe78f618 0ff1e80 1000000 00000000
00000000 00000000 00000000 00000000 00000000 00000000 fe790266 0ff1339 1000000 00000000
00000000 00000000 00000000 00000000 00000000 00000000 fe790eb4 0ff07f3 1000000 00000000
00000000 00000000 00000000 00000000 00000000 00000000 fe791b02 0fefcad 1000000 00000000
00000000 00000000 00000000 00000000 00000000 00000000 fe792750 0fef166 1000000 00000000
00000000 00000000 00000000 00000000 00000000 00000000 fe79339e 0fee620 1000000 00000000
00000000 00000000 00000000 00000000 00000000 00000000 fe793fec 0fedada 1000000 00000000
00000000 00000000 00000000 00000000 00000000 00000000 fe794c3a 0fecf93 1000000 00000000
00000000 00000000 00000000 00000000 00000000 00000000 fe795888 0fec44d 1000000 00000000
00000000 00000000 00000000 00000000 00000000 00000000 fe7964d6 0feb906 1000000 00000000
00000000 00000000 00000000 00000000 00000000 00000000 fe797124 0feadc0 1000000 00000000
00000000 00000000 00000000 00000000 00000000 00000000 fe797d72 0fea27a 1000000 00000000
00000000 00000000 00000000 00000000 00000000 00000000 fe7989c0 0fe9733 1000000 00000000
00000000 00000000 00000000 00000000 00000000 00000000 fe79960e 0fe8bed 1000000 00000000
00000000 00000000 00000000 00000000 00000000 00000000 fe79a25c 0fe80a6 1000000 00000000
00000000 00000000 00000000 00000000 00000000 00000000 fe79aeaa 0fe7560 1000000 00000000
00000000 00000000 00000000 00000000 00000000 00000000 fe79baf8 0fe6a1a 1000000 00000000
00000000 00000000 00000000 00000000 00000000 00000000 fe79c746 0fe5ed3 1000000 00000000
00000000 00000000 00000000 00000000 00000000 00000000 fe79d394 0fe538d 1000000 00000000
00000000 00000000 00000000 00000000 00000000 00000000 fe79dfe2 0fe4847 1000000 00000000
00000000 00000000 00000000 00000000 00000000 00000000 fe79ec30 0fe3d00 1000000 00000000
00000000 00000000 00000000 00000000 00000000 00000000 fe780000 0fe31ba 1000000 00000000
00000000 00000000 00000000 00000000 00000000 00000000 fe780000 0fe2673 1000000 00000000
00000000 00000000 00000000 00000000 00000000 00000000 fe780000 0fe1b2d 1000000 00000000
00000000 00000000 00000000 00000000 00000000 00000000 fe780000 0fe0fe7 1000000 00000000
00000000 00000000 00000000 00000000 00000000 00000000 fe780000 0fe04a0 1000000 00000000
00000000 00000000 00000000 00000000 00000000 00000000 fe780000 0fdf95a 1000000 00000000
00000000 00000000 00000000 00000000 00000000 00000000 fe780000 0fdee14 1000000 00000000
00000000 00000000 00000000 00000000 00000000 00000000 fe780000 0fde2cd 1000000 00000000
00000000 00000000 00000000 00000000 00000000 00000000 fe780000 0fdd787 1000000 00000000
00000000 00000000 00000000 00000000 00000000 00000000 fe780000 0fdcc40 1000000 00000000
00000000 00000000 00000000 00000000 00000000 00000000 fe780000 0fdc0fa 1000000 00000000
00000000 00000000 00000000 00000000 00000000 00000000 fe780000 0fdb5b4 1000000 00000000
00000000 00000000 00000000 00000000 00000000 00000000 fe780000 0fdaa6d 1000000 00000000
00000000 00000000 00000000 00000000 00000000 00000000 fe780000 0fd9f27 1000000 00000000
00000000 00000000 00000000 00000000 00000000 00000000 fe780c4e 0fff4b9 0ffffff 00000000
00000000 00000000 00000000 00000000 00000000 00000000 fe78189c 0ffe973 1000000 00000000
00000000 00000000 00000000 00000000 00000000 00000000 fe7824ea 0ffde2c 1000000 00000000
00000000 00000000 00000000 00000000 00000000 00000000 fe783138 0ffd2e6 1000000 00000000
00000000 00000000 00000000 00000000 00000000 00000000 fe783d86 0ffc7a0 1000000 00000000
00000000 00000000 00000000 00000000 00000000 00000000 fe7849d4 0ffbc59 1000000 00000000
00000000 00000000 00000000 00000000 00000000 00000000 03f542a2 0fff4b9 0ffffff 00000000
00000000 00000000 00000000 00000000 00000000 00000000 03f28544 0ffe973 1000000 00000000
00000000 00000000 00000000 00000000 00000000 00000000 03efc7e6 0ffde2c 1000000 00000000
00000000 00000000 00000000 00000000 00000000 00000000 03ed0a88 0ffd2e6 1000000 00000000
00000000 00000000 00000000 00000000 00000000 00000000 03ea4d2a 0ffc7a0 1000000 00000000
00000000 00000000 00000000 00000000 00000000 00000000 03e78fcc 0ffbc59 1000000 00000000
00000000 00000000 00000000 00000000 00000000 00000000 03e4d26e 0ffb113 1000000 00000000
00000000 00000000 00000000 00000000 00000000 00000000 03e21510 0ffa5cc 1000000 00000000
00000000 00000000 00000000 00000000 00000000 00000000 03df57b2 0ff9a86 1000000 00000000
00000000 00000000 00000000 00000000 00000000 00000000 03dc9a54 0ff8f40 1000000 00000000
00000000 00000000 00000000 00000000 00000000 00000000 03d9dcf6 0ff83f9 1000000 00000000
00000000 00000000 00000000 00000000 00000000 00000000 03d71f98 0ff78b3 1000000 00000000
00000000 00000000 00000000 00000000 00000000 00000000 03d4623a 0ff6d6d 1000000 00000000
00000000 00000000 00000000 00000000 00000000 00000000 03d1a4dc 0ff6226 1000000 00000000
00000000 00000000 00000000 00000000 00000000 00000000 03d4623a 0ff56e0 1000000 00000000
00000000 00000000 00000000 00000000 00000000 00000000 03d71f98 0ff4b99 1000000 00000000
00000000 00000000 00000000 00000000 00000000 00000000 03d9dcf6 0ff4053 1000000 00000000
00000000 00000000 00000000 00000000 00000000 00000000 03dc9a54 0ff350d 1000000 00000000
00000000 00000000 00000000 00000000 00000000 00000000 03df57b2 0ff29c6 1000000 00000000
00000000 00000000 00000000 00000000 00000000 00000000 03e21510 0ff1e80 1000000 00000000
00000000 00000000 00000000 00000000 00000000 00000000 03e4d26e 0ff1339 1000000 00000000
00000000 00000000 00000000 00000000 00000000 00000000 03e78fcc 0ff07f3 1000000 00000000
00000000 00000000 00000000 00000000 00000000 00000000 03ea4d2a 0fefcad 1000000 00000000
00000000 00000000 00000000 00000000 00000000 00000000 03ed0a88 0fef166 1000000 00000000
00000000 00000000 00000000 00000000 00000000 00000000 03efc7e6 0fee620 1000000 00000000
00000000 00000000 00000000 00000000 00000000 00000000 03f28544 0fedada 1000000 00000000
00000000 00000000 00000000 00000000 00000000 00000000 03f542a2 0fecf93 1000000 00000000
00000000 00000000 00000000 00000000 00000000 00000000 03f80000 0fec44d 1000000 00000000
00000000 00000000 00000000 00000000 00000000 00000000 03f80000 0feb906 1000000 00000000
00000000 00000000 00000000 00000000 00000000 00000000 03f80000 0feadc0 1000000 00000000
00000000 00000000 00000000 00000000 00000000 00000000 03f542a2 0fff4b9 0ffffff 00000000
00000000 00000000 00000000 00000000 00000000 00000000 03f28544 0ffe973 1000000 00000000
00000000 00000000 00000000 00000000 00000000 00000000 03efc7e6 0ffde2c 1000000 00000000
00000000 00000000 00000000 00000000 00000000 00000000 03ed0a88 0ffd2e6 1000000 00000000
00000000 00000000 00000000 00000000 00000000 00000000 03ea4d2a 0ffc7a0 1000000 00000000
00000000 00000000 00000000 00000000 00000000 00000000 03e78fcc 0ffbc59 1000000 00000000
00000000 00000000 00000000 00000000 00000000 00000000 fc0415e6 0fff4b9 0ffffff 00000000
00000000 00000000 00000000 00000000 00000000 00000000 fc082bcc 0ffe973 1000000 00000000
00000000 00000000 00000000 00000000 00000000 00000000 fc0c41b2 0ffde2c 1000000 00000000
00000000 00000000 00000000 00000000 00000000 00000000 fc105798 0ffd2e6 1000000 00000000
00000000 00000000 00000000 00000000 00000000 00000000 fc146d7e 0ffc7a0 1000000 00000000
00000000 00000000 00000000 00000000 00000000 00000000 fc188364 0ffbc59 1000000 00000000
00000000 00000000 00000000 00000000 00000000 00000000 fc1c994a 0ffb113 1000000 00000000
00000000 00000000 00000000 00000000 00000000 00000000 fc20af30 0ffa5cc 1000000 00000000
00000000 00000000 00000000 00000000 00000000 00000000 fc24c516 0ff9a86 1000000 00000000
00000000 00000000 00000000 00000000 00000000 00000000 fc28dafc 0ff8f40 1000000 00000000
00000000 00000000 00000000 00000000 00000000 00000000 fc2cf0e2 0ff83f9 1000000 00000000
00000000 00000000 00000000 00000000 00000000 00000000 fc3106c8 0ff78b3 1000000 00000000
00000000 00000000 00000000 00000000 00000000 00000000 fc351cae 0ff6d6d 1000000 00000000
00000000 00000000 00000000 00000000 00000000 00000000 fc393294 0ff6226 1000000 00000000
00000000 00000000 00000000 00000000 00000000 00000000 fc351cae 0ff56e0 1000000 00000000
00000000 00000000 00000000 00000000 00000000 00000000 fc3106c8 0ff4b99 1000000 00000000
00000000 00000000 00000000 00000000 00000000 00000000 fc2cf0e2 0ff4053 1000000 00000000
00000000 00000000 00000000 00000000 00000000 00000000 fc28dafc 0ff350d 1000000 00000000
00000000 00000000 00000000 00000000 00000000 00000000 fc24c516 0ff29c6 1000000 00000000
00000000 00000000 00000000 00000000 00000000 00000000 fc20af30 0ff1e80 1000000 00000000
00000000 00000000 00000000 00000000 00000000 00000000 fc1c994a 0ff1339 1000000 00000000
00000000 00000000 00000000 00000000 00000000 00000000 fc188364 0ff07f3 1000000 00000000
00000000 00000000 00000000 00000000 00000000 00000000 fc146d7e 0fefcad 1000000 00000000
00000000 00000000 00000000 00000000 00000000 00000000 fc105798 0fef166 1000000 00000000
00000000 00000000 00000000 00000000 00000000 00000000 fc0c41b2 0fee620 1000000 00000000
00000000 00000000 00000000 00000000 00000000 00000000 fc082bcc 0fedada 1000000 00000000
00000000 00000000 00000000 00000000 00000000 00000000 fc0415e6 0fecf93 1000000 00000000
00000000 00000000 00000000 00000000 00000000 00000000 fc000000 0fec44d 1000000 00000000
00000000 00000000 00000000 00000000 00000000 00000000 fc000000 0feb906 1000000 00000000
00000000 00000000 00000000 00000000 00000000 00000000 fc000000 0feadc0 1000000 00000000
00000000 00000000 00000000 00000000 00000000 00000000 fc0415e6 0fff4b9 0ffffff 00000000
00000000 00000000 00000000 00000000 00000000 00000000 fc082bcc 0ffe973 1000000 00000000
00000000 00000000 00000000 00000000 00000000 00000000 fc0c41b2 0ffde2c 1000000 00000000
00000000 00000000 00000000 00000000 00000000 00000000 fc105798 0ffd2e6 1000000 00000000
00000000 00000000 00000000 00000000 00000000 00000000 fc146d7e 0ffc7a0 1000000 00000000
00000000 00000000 00000000 00000000 00000000 00000000 fc188364 0ffbc59 1000000 00000000
00000000 00000000 00000000 00000000 00000000 00000000 ff5ebbfa 0fff4b9 0ffffff 00000000
00000000 00000000 00000000 00000000 00000000 00000000 ff5d77f4 0ffe973 1000000 00000000
00000000 00000000 00000000 00000000 00000000 00000000 ff5c33ee 0ffde2c 1000000 00000000
00000000 00000000 00000000 00000000 00000000 00000000 ff5aefe8 0ffd2e6 1000000 00000000
00000000 00000000 00000000 00000000 00000000 00000000 ff59abe2 0ffc7a0 1000000 00000000
00000000 00000000 00000000 00000000 00000000 00000000 ff5867dc 0ffbc59 1000000 00000000
00000000 00000000 00000000 00000000 00000000 00000000 ff5723d6 0ffb113 1000000 00000000
00000000 00000000 00000000 00000000 00000000 00000000 ff55dfd0 0ffa5cc 1000000 00000000
00000000 00000000 00000000 00000000 00000000 00000000 ff549bca 0ff9a86 1000000 00000000
00000000 00000000 00000000 00000000 00000000 00000000 ff5357c4 0ff8f40 1000000 00000000
00000000 00000000 00000000 00000000 00000000 00000000 ff5213be 0ff83f9 1000000 00000000
00000000 00000000 00000000 00000000 00000000 00000000 ff50cfb8 0ff78b3 1000000 00000000
00000000 00000000 00000000 00000000 00000000 00000000 ff4f8bb2 0ff6d6d 1000000 00000000
00000000 00000000 00000000 00000000 00000000 00000000 ff4e47ac 0ff6226 1000000 00000000
00000000 00000000 00000000 00000000 00000000 00000000 ff4d03a6 0ff56e0 1000000 00000000
00000000 00000000 00000000 00000000 00000000 00000000 ff4bbfa0 0ff4b99 1000000 00000000
00000000 00000000 00000000 00000000 00000000 00000000 ff4a7b9a 0ff4053 1000000 00000000
00000000 00000000 00000000 00000000 00000000 00000000 ff493794 0ff350d 1000000 00000000
00000000 00000000 00000000 00000000 00000000 00000000 ff47f38e 0ff29c6 1000000 00000000
00000000 00000000 00000000 00000000 00000000 00000000 ff46af88 0ff1e80 1000000 00000000
00000000 00000000 00000000 00000000 00000000 00000000 ff456b82 0ff1339 1000000 00000000
00000000 00000000 00000000 00000000 00000000 00000000 ff44277c 0ff07f3 1000000 00000000
00000000 00000000 00000000 00000000 00000000 00000000 ff42e376 0fefcad 1000000 00000000
00000000 00000000 00000000 00000000 00000000 00000000 ff419f70 0fef166 1000000 00000000
00000000 00000000 00000000 00000000 00000000 00000000 ff405b6a 0fee620 1000000 00000000
00000000 00000000 00000000 00000000 00000000 00000000 ff3f1764 0fedada 1000000 00000000
00000000 00000000 00000000 00000000 00000000 00000000 ff3dd35e 0fecf93 1000000 00000000
00000000 00000000 00000000 00000000 00000000 00000000 ff3c8f58 0fec44d 1000000 00000000
00000000 00000000 00000000 00000000 00000000 00000000 ff3b4b52 0feb906 1000000 00000000
00000000 00000000 00000000 00000000 00000000 00000000 ff3a074c 0feadc0 1000000 00000000
00000000 00000000 00000000 00000000 00000000 00000000 ff5ebbfa 0fff4b9 0ffffff 00000000
00000000 00000000 00000000 00000000 00000000 00000000 ff5d77f4 0ffe973 1000000 00000000
00000000 00000000 00000000 00000000 00000000 00000000 ff5c33ee 0ffde2c 1000000 00000000
00000000 00000000 00000000 00000000 00000000 00000000 ff5aefe8 0ffd2e6 1000000 00000000
00000000 00000000 00000000 00000000 00000000 00000000 ff59abe2 0ffc7a0 1000000 00000000
00000000 00000000 00000000 00000000 00000000 00000000 ff5867dc 0ffbc59 1000000 00000000
00000000 00000000 00000000 00000000 00000000 00000000 ff5723d6 0ffb113 1000000 00000000
00000000 00000000 00000000 00000000 00000000 00000000 ff55dfd0 0ffa5cc 1000000 00000000
00000000 00000000 00000000 00000000 00000000 00000000 ff549bca 0ff9a86 1000000 00000000
00000000 00000000 00000000 00000000 00000000 00000000 ff5357c4 0ff8f40 1000000 00000000
00000000 00000000 00000000 00000000 00000000 00000000 ff549bca 0ff83f9 1000000 00000000
00000000 00000000 00000000 00000000 00000000 00000000 ff55dfd0 0ff78b3 1000000 00000000
00000000 00000000 00000000 00000000 00000000 00000000 ff5723d6 0ff6d6d 1000000 00000000
00000000 00000000 00000000 00000000 00000000 00000000 ff5867dc 0ff6226 1000000 00000000
00000000 00000000 00000000 00000000 00000000 00000000 ff59abe2 0ff56e0 1000000 00000000
00000000 00000000 00000000 00000000 00000000 00000000 ff5aefe8 0ff4b99 1000000 00000000
00000000 00000000 00000000 00000000 00000000 00000000 ff5c33ee 0ff4053 1000000 00000000
00000000 00000000 00000000 00000000 00000000 00000000 ff5d77f4 0ff350d 1000000 00000000
00000000 00000000 00000000 00000000 00000000 00000000 ff5ebbfa 0ff29c6 1000000 00000000
00000000 00000000 00000000 00000000 00000000 00000000 ff600000 0ff1e80 1000000 00000000
00000000 00000000 00000000 00000000 00000000 00000000 ff600000 0ff1339 1000000 00000000
00000000 00000000 00000000 00000000 00000000 00000000 ff600000 0ff07f3 1000000 00000000
00000000 00000000 00000000 00000000 00000000 00000000 ff600000 0fefcad 1000000 00000000
00000000 00000000 00000000 00000000 00000000 00000000 ff600000 0fef166 1000000 00000000
00000000 00000000 00000000 00000000 00000000 00000000 ff5ebbfa 0fff4b9 0ffffff 00000000
00000000 00000000 00000000 00000000 00000000 00000000 ff5d77f4 0ffe973 1000000 00000000
00000000 00000000 00000000 00000000 00000000 00000000 ff5c33ee 0ffde2c 1000000 00000000
00000000 00000000 00000000 00000000 00000000 00000000 ff5aefe8 0ffd2e6 1000000 00000000
00000000 00000000 00000000 00000000 00000000 00000000 ff59abe2 0ffc7a0 1000000 00000000
00000000 00000000 00000000 00000000 00000000 00000000 ff5867dc 0ffbc59 1000000 00000000
00000000 00000000 00000000 00000000 00000000 00000000 00000000 0fff4b9 0ffffff 00000000
00000000 00000000 00000000 00000000 00000000 00000000 00000000 0ffe973 1000000 00000000
00000000 00000000 00000000 00000000 00000000 00000000 00000000 0ffde2c 1000000 00000000
00000000 00000000 00000000 00000000 00000000 00000000 00000000 0ffd2e6 1000000 00000000
00000000 00000000 00000000 00000000 00000000 00000000 00000000 0ffc7a0 1000000 00000000
00000000 00000000 00000000 00000000 00000000 00000000 00000000 0ffbc59 1000000 00000000
00000000 00000000 00000000 00000000 00000000 00000000 00000000 0ffb113 1000000 00000000
00000000 00000000 00000000 00000000 00000000 00000000 00000000 0ffa5cc 1000000 00000000
00000000 00000000 00000000 00000000 00000000 00000000 00000000 0ff9a86 1000000 00000000
00000000 00000000 00000000 00000000 00000000 00000000 00000000 0ff8f40 1000000 00000000
00000000 00000000 00000000 00000000 00000000 00000000 00000000 0ff83f9 1000000 00000000
00000000 00000000 00000000 00000000 00000000 00000000 00000000 0ff78b3 1000000 00000000
00000000 00000000 00000000 00000000 00000000 00000000 00000000 0ff6d6d 1000000 00000000
00000000 00000000 00000000 00000000 00000000 00000000 00000000 0ff6226 1000000 00000000
00000000 00000000 00000000 00000000 00000000 00000000 00000000 0ff56e0 1000000 00000000
00000000 00000000 00000000 00000000 00000000 00000000 00000000 0ff4b99 1000000 00000000
00000000 00000000 00000000 00000000 00000000 00000000 00000000 0ff4053 1000000 00000000
00000000 00000000 00000000 00000000 00000000 00000000 00000000 0ff350d 1000000 00000000
00000000 00000000 00000000 00000000 00000000 00000000 00000000 0ff29c6 1000000 00000000
00000000 00000000 00000000 00000000 00000000 00000000 00000000 0ff1e80 1000000 00000000
00000000 00000000 00000000 00000000 00000000 00000000 00000000 0ff1339 1000000 00000000
00000000 00000000 00000000 00000000 00000000 00000000 00000000 0ff07f3 1000000 00000000
00000000 00000000 00000000 00000000 00000000 00000000 00000000 0fefcad 1000000 00000000
00000000 00000000 00000000 00000000 00000000 00000000 00000000 0fef166 1000000 00000000
00000000 00000000 00000000 00000000 00000000 00000000 00000000 0fee620 1000000 00000000
00000000 00000000 00000000 00000000 00000000 00000000 00000000 0fedada 1000000 00000000
00000000 00000000 00000000 00000000 00000000 00000000 00000000 0fecf93 1000000 00000000
00000000 00000000 00000000 00000000 00000000 00000000 00000000 0fec44d 1000000 00000000
00000000 00000000 00000000 00000000 00000000 00000000 00000000 0feb906 1000000 00000000
00000000 00000000 00000000 00000000 00000000 00000000 00000000 0feadc0 1000000 00000000
00000000 00000000 00000000 00000000 00000000 00000000 00000000 0fea27a 1000000 00000000
00000000 00000000 00000000 00000000 00000000 00000000 00000000 0fe9733 1000000 00000000
00000000 00000000 00000000 00000000 00000000 00000000 00000000 0fe8bed 1000000 00000000
00000000 00000000 00000000 00000000 00000000 00000000 00000000 0fe80a6 1000000 00000000
00000000 00000000 00000000 00000000 00000000 00000000 00000000 0fe7560 1000000 00000000
00000000 00000000 00000000 00000000 00000000 00000000 00000000 0fe6a1a 1000000 00000000
00000000 00000000 00000000 00000000 00000000 00000000 00000000 0fe5ed3 1000000 00000000
00000000 00000000 00000000 00000000 00000000 00000000 00000000 0fe538d 1000000 00000000
00000000 00000000 00000000 00000000 00000000 00000000 00000000 0fe4847 1000000 00000000
00000000 00000000 00000000 00000000 00000000 00000000 00000000 0fe3d00 1000000 00000000
00000000 00000000 00000000 00000000 00000000 00000000 00000000 0fff4b9 0ffffff 00000000
00000000 00000000 00000000 00000000 00000000 00000000 00000000 0ffe973 1000000 00000000
00000000 00000000 00000000 00000000 00000000 00000000 00000000 0ffde2c 1000000 00000000
00000000 00000000 00000000 00000000 00000000 00000000 00000000 0ffd2e6 1000000 00000000
00000000 00000000 00000000 00000000 00000000 00000000 00000000 0ffc7a0 1000000 00000000
00000000 00000000 00000000 00000000 00000000 00000000 00000000 0ffbc59 1000000 00000000
00000000 00000000 00000000 00000000 00000000 00000000 00000000 0ffb113 1000000 00000000
00000000 00000000 00000000 00000000 00000000 00000000 00000000 0ffa5cc 1000000 00000000
00000000 00000000 00000000 00000000 00000000 00000000 00000000 0ff9a86 1000000 00000000
00000000 00000000 00000000 00000000 00000000 00000000 00000000 0ff8f40 1000000 00000000
00000000 00000000 00000000 00000000 00000000 00000000 00000000 0ff83f9 1000000 00000000
00000000 00000000 00000000 00000000 00000000 00000000 00000000 0ff78b3 1000000 00000000
00000000 00000000 00000000 00000000 00000000 00000000 00000000 0ff6d6d 1000000 00000000
00000000 00000000 00000000 00000000 00000000 00000000 00000000 0ff6226 1000000 00000000
00000000 00000000 00000000 00000000 00000000 00000000 00000000 0ff56e0 1000000 00000000
00000000 00000000 00000000 00000000 00000000 00000000 00000000 0ff4b99 1000000 00000000
00000000 00000000 00000000 00000000 00000000 00000000 00000000 0ff4053 1000000 00000000
00000000 00000000 00000000 00000000 00000000 00000000 00000000 0ff350d 1000000 00000000
00000000 00000000 00000000 00000000 00000000 00000000 00000000 0ff29c6 1000000 00000000
00000000 00000000 00000000 00000000 00000000 00000000 00000000 0ff1e80 1000000 00000000
00000000 00000000 00000000 00000000 00000000 00000000 00000000 0ff1339 1000000 00000000
00000000 00000000 00000000 00000000 00000000 00000000 00000000 0ff07f3 1000000 00000000
00000000 00000000 00000000 00000000 00000000 00000000 00000000 0fefcad 1000000 00000000
00000000 00000000 00000000 00000000 00000000 00000000 00000000 0fef166 1000000 00000000
00000000 00000000 00000000 00000000 00000000 00000000 00000000 0fee620 1000000 00000000
00000000 00000000 00000000 00000000 00000000 00000000 00000000 0fedada 1000000 00000000
00000000 00000000 00000000 00000000 00000000 00000000 00000000 0fecf93 1000000 00000000
00000000 00000000 00000000 00000000 00000000 00000000 00000000 0fec44d 1000000 00000000
00000000 00000000 00000000 00000000 00000000 00000000 00000000 0feb906 1000000 00000000
00000000 00000000 00000000 00000000 00000000 00000000 00000000 0feadc0 1000000 00000000
00000000 00000000 00000000 00000000 00000000 00000000 00000000 0fea27a 1000000 00000000
00000000 00000000 00000000 00000000 00000000 00000000 00000000 0fe9733 1000000 00000000
00000000 00000000 00000000 00000000 00000000 00000000 00000000 0fe8bed 1000000 00000000
00000000 00000000 00000000 00000000 00000000 00000000 00000000 0fe80a6 1000000 00000000
00000000 00000000 00000000 00000000 00000000 00000000 00000000 0fe7560 1000000 00000000
00000000 00000000 00000000 00000000 00000000 00000000 00000000 0fe6a1a 1000000 00000000
00000000 00000000 00000000 00000000 00000000 00000000 00000000 0fe5ed3 1000000 00000000
00000000 00000000 00000000 00000000 00000000 00000000 00000000 0fe538d 1000000 00000000
00000000 00000000 00000000 00000000 00000000 00000000 00000000 0fe4847 1000000 00000000
00000000 00000000 00000000 00000000 00000000 00000000 00000000 0fe3d00 1000000 00000000
00000000 00000000 00000000 00000000 00000000 00000000 00000000 0fff4b9 0000000 00000000
00000000 00000000 00000000 00000000 00000000 00000000 00000000 0ffe973 0000000 00000000
00000000 00000000 00000000 00000000 00000000 00000000 00000000 0ffde2c 0000000 00000000
00000000 00000000 00000000 00000000 00000000 00000000 00000000 0ffd2e6 0000000 00000000
00000000 00000000 00000000 00000000 00000000 00000000 00000000 0ffc7a0 0000000 00000000
00000000 00000000 00000000 00000000 00000000 00000000 00000000 0ffbc59 0000000 00000000
00000000 00000000 00000000 00000000 00000000 00000000 00000000 0ffb113 0000000 00000000
00000000 00000000 00000000 00000000 00000000 00000000 00000000 0ffa5cc 0000000 00000000
00000000 00000000 00000000 00000000 00000000 00000000 00000000 0ff9a86 0000000 00000000
00000000 00000000 00000000 00000000 00000000 00000000 00000000 0ff8f40 0000000 00000000
00000000 00000000 00000000 00000000 00000000 00000000 00000000 0ff83f9 0000000 00000000
00000000 00000000 00000000 00000000 00000000 00000000 00000000 0ff78b3 0000000 00000000
00000000 00000000 00000000 00000000 00000000 00000000 00000000 0ff6d6d 0000000 00000000
00000000 00000000 00000000 00000000 00000000 00000000 00000000 0ff6226 0000000 00000000
00000000 00000000 00000000 00000000 00000000 00000000 00000000 0ff56e0 0000000 00000000
00000000 00000000 00000000 00000000 00000000 00000000 00000000 0ff4b99 0000000 00000000
00000000 00000000 00000000 00000000 00000000 00000000 00000000 0ff4053 0000000 00000000
00000000 00000000 00000000 00000000 00000000 00000000 00000000 0ff350d 0000000 00000000
00000000 00000000 00000000 00000000 00000000 00000000 00000000 0ff29c6 0000000 00000000
00000000 00000000 00000000 00000000 00000000 00000000 00000000 0ff1e80 0000000 00000000
00000000 00000000 00000000 00000000 00000000 00000000 00000000 0ff1339 0000000 00000000
00000000 00000000 00000000 00000000 00000000 00000000 00000000 0ff07f3 0000000 00000000
00000000 00000000 00000000 00000000 00000000 00000000 00000000 0fefcad 0000000 00000000
00000000 00000000 00000000 00000000 00000000 00000000 00000000 0fef166 0000000 00000000
00000000 00000000 00000000 00000000 00000000 00000000 00000000 0fee620 0000000 00000000
00000000 00000000 00000000 00000000 00000000 00000000 00000000 0fedada 0000000 00000000
00000000 00000000 00000000 00000000 00000000 00000000 00000000 0fecf93 0000000 00000000
00000000 00000000 00000000 00000000 00000000 00000000 00000000 0fec44d 0000000 00000000
00000000 00000000 00000000 00000000 00000000 00000000 00000000 0feb906 0000000 00000000
00000000 00000000 00000000 00000000 00000000 00000000 00000000 0feadc0 0000000 00000000
00000000 00000000 00000000 00000000 00000000 00000000 00000000 0fea27a 0000000 00000000
00000000 00000000 00000000 00000000 00000000 00000000 00000000 0fe9733 0000000 00000000
00000000 00000000 00000000 00000000 00000000 00000000 00000000 0fe8bed 0000000 00000000
00000000 00000000 00000000 00000000 00000000 00000000 00000000 0fe80a6 0000000 00000000
00000000 00000000 00000000 00000000 00000000 00000000 00000000 0fe7560 0000000 00000000
00000000 00000000 00000000 00000000 00000000 00000000 00000000 0fe6a1a 0000000 00000000
00000000 00000000 00000000 00000000 00000000 00000000 00000000 0fe5ed3 0000000 00000000
00000000 00000000 00000000 00000000 00000000 00000000 00000000 0fe538d 0000000 00000000
00000000 00000000 00000000 00000000 00000000 00000000 00000000 0fe4847 0000000 00000000
00000000 00000000 00000000 00000000 00000000 00000000 00000000 0fe3d00 0000000 00000000
00000000 00000000 00000000 00000000 00000000 00000000 00000000 0fff4b9 0000000 00000000
00000000 00000000 00000000 00000000 00000000 00000000 00000000 0ffe973 0000000 00000000
00000000 00000000 00000000 00000000 00000000 00000000 00000000 0ffde2c 0000000 00000000
00000000 00000000 00000000 00000000 00000000 00000000 00000000 0ffd2e6 0000000 00000000
00000000 00000000 00000000 00000000 00000000 00000000 00000000 0ffc7a0 0000000 00000000
00000000 00000000 00000000 00000000 00000000 00000000 00000000 0ffbc59 0000000 00000000
00000000 00000000 00000000 00000000 00000000 00000000 00000000 0ffb113 0000000 00000000
00000000 00000000 00000000 00000000 00000000 00000000 00000000 0ffa5cc 0000000 00000000
00000000 00000000 00000000 00000000 00000000 00000000 00000000 0ff9a86 0000000 00000000
00000000 00000000 00000000 00000000 00000000 00000000 00000000 0ff8f40 0000000 00000000
00000000 00000000 00000000 00000000 00000000 00000000 00000000 0ff83f9 0000000 00000000
00000000 00000000 00000000 00000000 00000000 00000000 00000000 0ff78b3 0000000 00000000
00000000 00000000 00000000 00000000 00000000 00000000 00000000 0ff6d6d 0000000 00000000
00000000 00000000 00000000 00000000 00000000 00000000 00000000 0ff6226 0000000 00000000
00000000 00000000 00000000 00000000 00000000 00000000 00000000 0ff56e0 0000000 00000000
00000000 00000000 00000000 00000000 00000000 00000000 00000000 0ff4b99 0000000 00000000
00000000 00000000 00000000 00000000 00000000 00000000 00000000 0ff4053 0000000 00000000
00000000 00000000 00000000 00000000 00000000 00000000 00000000 0ff350d 0000000 00000000
00000000 00000000 00000000 00000000 00000000 00000000 00000000 0ff29c6 0000000 00000000
00000000 00000000 00000000 00000000 00000000 00000000 00000000 0ff1e80 0000000 00000000
00000000 00000000 00000000 00000000 00000000 00000000 00000000 0ff1339 0000000 00000000
00000000 00000000 00000000 00000000 00000000 00000000 00000000 0ff07f3 0000000 00000000
00000000 00000000 00000000 00000000 00000000 00000000 00000000 0fefcad 0000000 00000000
00000000 00000000 00000000 00000000 00000000 00000000 00000000 0fef166 0000000 00000000
00000000 00000000 00000000 00000000 00000000 00000000 00000000 0fee620 0000000 00000000
00000000 00000000 00000000 00000000 00000000 00000000 00000000 0fedada 0000000 00000000
00000000 00000000 00000000 00000000 00000000 00000000 00000000 0fecf93 0000000 00000000
00000000 00000000 00000000 00000000 00000000 00000000 00000000 0fec44d 0000000 00000000
00000000 00000000 00000000 00000000 00000000 00000000 00000000 0feb906 0000000 00000000
00000000 00000000 00000000 00000000 00000000 00000000 00000000 0feadc0 0000000 00000000
00000000 00000000 00000000 00000000 00000000 00000000 00000000 0fea27a 0000000 00000000
00000000 00000000 00000000 00000000 00000000 00000000 00000000 0fe9733 0000000 00000000
00000000 00000000 00000000 00000000 00000000 00000000 00000000 0fe8bed 0000000 00000000
00000000 00000000 00000000 00000000 00000000 00000000 00000000 0fe80a6 0000000 00000000
00000000 00000000 00000000 00000000 00000000 00000000 00000000 0fe7560 0000000 00000000
00000000 00000000 00000000 00000000 00000000 00000000 00000000 0fe6a1a 0000000 00000000
00000000 00000000 00000000 00000000 00000000 00000000 00000000 0fe5ed3 0000000 00000000
00000000 00000000 00000000 00000000 00000000 00000000 00000000 0fe538d 0000000 00000000
00000000 00000000 00000000 00000000 00000000 00000000 00000000 0fe4847 0000000 00000000
00000000 00000000 00000000 00000000 00000000 00000000 00000000 0fe3d00 0000000 00000000
00000000 00000000 00000000 00000000 00000000 00000000 00000000 0efaa06 0ffffff 00000000
00000000 00000000 00000000 00000000 00000000 00000000 00000000 0df540c 1000000 00000000
00000000 00000000 00000000 00000000 00000000 00000000 00000000 0cefe13 1000000 00000000
00000000 00000000 00000000 00000000 00000000 00000000 00000000 0bea819 1000000 00000000
00000000 00000000 00000000 00000000 00000000 00000000 00000000 0ae521f 1000000 00000000
00000000 00000000 00000000 00000000 00000000 00000000 00000000 09dfc26 1000000 00000000
00000000 00000000 00000000 00000000 00000000 00000000 00000000 08da62c 1000000 00000000
00000000 00000000 00000000 00000000 00000000 00000000 00000000 07d5033 1000000 00000000
00000000 00000000 00000000 00000000 00000000 00000000 00000000 06cfa39 1000000 00000000
00000000 00000000 00000000 00000000 00000000 00000000 00000000 05ca43f 1000000 00000000
00000000 00000000 00000000 00000000 00000000 00000000 00000000 04c4e46 1000000 00000000
00000000 00000000 00000000 00000000 00000000 00000000 00000000 03bf84c 1000000 00000000
00000000 00000000 00000000 00000000 00000000 00000000 00000000 02ba252 1000000 00000000
00000000 00000000 00000000 00000000 00000000 00000000 00000000 01b4c59 1000000 00000000
00000000 00000000 00000000 00000000 00000000 00000000 00000000 00af65f 1000000 00000000
00000000 00000000 00000000 00000000 00000000 00000000 00000000 0055f99 1000000 00000000
00000000 00000000 00000000 00000000 00000000 00000000 00000000 015b593 1000000 00000000
00000000 00000000 00000000 00000000 00000000 00000000 00000000 0260b8d 1000000 00000000
00000000 00000000 00000000 00000000 00000000 00000000 00000000 0366186 1000000 00000000
00000000 00000000 00000000 00000000 00000000 00000000 00000000 046b780 1000000 00000000
00000000 00000000 00000000 00000000 00000000 00000000 00000000 0570d7a 1000000 00000000
00000000 00000000 00000000 00000000 00000000 00000000 00000000 0676373 1000000 00000000
00000000 00000000 00000000 00000000 00000000 00000000 00000000 077b96d 1000000 00000000
00000000 00000000 00000000 00000000 00000000 00000000 00000000 0880f66 1000000 00000000
00000000 00000000 00000000 00000000 00000000 00000000 00000000 0986560 1000000 00000000
00000000 00000000 00000000 00000000 00000000 00000000 00000000 0a8bb5a 1000000 00000000
00000000 00000000 00000000 00000000 00000000 00000000 00000000 0b91153 1000000 00000000
00000000 00000000 00000000 00000000 00000000 00000000 00000000 0c9674d 1000000 00000000
00000000 00000000 00000000 00000000 00000000 00000000 00000000 0d9bd47 1000000 00000000
00000000 00000000 00000000 00000000 00000000 00000000 00000000 0ea1340 1000000 00000000
00000000 00000000 00000000 00000000 00000000 00000000 00000000 0fa693a 1000000 00000000
00000000 00000000 00000000 00000000 00000000 00000000 00000000 0f540cc 1000000 00000000
00000000 00000000 00000000 00000000 00000000 00000000 00000000 0e4ead2 1000000 00000000
00000000 00000000 00000000 00000000 00000000 00000000 00000000 0d494d8 1000000 00000000
00000000 00000000 00000000 00000000 00000000 00000000 00000000 0c43edf 1000000 00000000
00000000 00000000 00000000 00000000 00000000 00000000 00000000 0b3e8e5 1000000 00000000
00000000 00000000 00000000 00000000 00000000 00000000 00000000 0a392eb 1000000 00000000
00000000 00000000 00000000 00000000 00000000 00000000 00000000 0933cf2 1000000 00000000
00000000 00000000 00000000 00000000 00000000 00000000 00000000 082e6f8 1000000 00000000
00000000 00000000 00000000 00000000 00000000 00000000 00000000 07290ff 1000000 00000000
00000000 00000000 00000000 00000000 00000000 00000000 00000000 0efaa06 0ffffff 00000000
00000000 00000000 00000000 00000000 00000000 00000000 00000000 0df540c 1000000 00000000
00000000 00000000 00000000 00000000 00000000 00000000 00000000 0cefe13 1000000 00000000
00000000 00000000 00000000 00000000 00000000 00000000 00000000 0bea819 1000000 00000000
00000000 00000000 00000000 00000000 00000000 00000000 00000000 0ae521f 1000000 00000000
00000000 00000000 00000000 00000000 00000000 00000000 00000000 09dfc26 1000000 00000000
00000000 00000000 00000000 00000000 00000000 00000000 00000000 08da62c 1000000 00000000
00000000 00000000 00000000 00000000 00000000 00000000 00000000 07d5033 1000000 00000000
00000000 00000000 00000000 00000000 00000000 00000000 00000000 06cfa39 1000000 00000000
00000000 00000000 00000000 00000000 00000000 00000000 00000000 05ca43f 1000000 00000000
00000000 00000000 00000000 00000000 00000000 00000000 00000000 04c4e46 1000000 00000000
00000000 00000000 00000000 00000000 00000000 00000000 00000000 03bf84c 1000000 00000000
00000000 00000000 00000000 00000000 00000000 00000000 00000000 02ba252 1000000 00000000
00000000 00000000 00000000 00000000 00000000 00000000 00000000 01b4c59 1000000 00000000
00000000 00000000 00000000 00000000 00000000 00000000 00000000 00af65f 1000000 00000000
00000000 00000000 00000000 00000000 00000000 00000000 00000000 0055f99 1000000 00000000
00000000 00000000 00000000 00000000 00000000 00000000 00000000 015b593 1000000 00000000
00000000 00000000 00000000 00000000 00000000 00000000 00000000 0260b8d 1000000 00000000
00000000 00000000 00000000 00000000 00000000 00000000 00000000 0366186 1000000 00000000
00000000 00000000 00000000 00000000 00000000 00000000 00000000 046b780 1000000 00000000
00000000 00000000 00000000 00000000 00000000 00000000 00000000 0570d7a 1000000 00000000
00000000 00000000 00000000 00000000 00000000 00000000 00000000 0676373 1000000 00000000
00000000 00000000 00000000 00000000 00000000 00000000 00000000 077b96d 1000000 00000000
00000000 00000000 00000000 00000000 00000000 00000000 00000000 0880f66 1000000 00000000
00000000 00000000 00000000 00000000 00000000 00000000 00000000 0986560 1000000 00000000
00000000 00000000 00000000 00000000 00000000 00000000 00000000 0a8bb5a 1000000 00000000
00000000 00000000 00000000 00000000 00000000 00000000 00000000 0b91153 1000000 00000000
00000000 00000000 00000000 00000000 00000000 00000000 00000000 0c9674d 1000000 00000000
00000000 00000000 00000000 00000000 00000000 00000000 00000000 0d9bd47 1000000 00000000
00000000 00000000 00000000 00000000 00000000 00000000 00000000 0ea1340 1000000 00000000
00000000 00000000 00000000 00000000 00000000 00000000 00000000 0fa693a 1000000 00000000
00000000 00000000 00000000 00000000 00000000 00000000 00000000 0f540cc 1000000 00000000
00000000 00000000 00000000 00000000 00000000 00000000 00000000 0e4ead2 1000000 00000000
00000000 00000000 00000000 00000000 00000000 00000000 00000000 0d494d8 1000000 00000000
00000000 00000000 00000000 00000000 00000000 00000000 00000000 0c43edf 1000000 00000000
00000000 00000000 00000000 00000000 00000000 00000000 00000000 0b3e8e5 1000000 00000000
00000000 00000000 00000000 00000000 00000000 00000000 00000000 0a392eb 1000000 00000000
00000000 00000000 00000000 00000000 00000000 00000000 00000000 0933cf2 1000000 00000000
00000000 00000000 00000000 00000000 00000000 00000000 00000000 082e6f8 1000000 00000000
00000000 00000000 00000000 00000000 00000000 00000000 00000000 07290ff 1000000 00000000
00000000 00000000 00000000 00000000 00000000 00000000 00000000 0efaa06 0000000 00000000
00000000 00000000 00000000 00000000 00000000 00000000 00000000 0df540c 0000000 00000000
00000000 00000000 00000000 00000000 00000000 00000000 00000000 0cefe13 0000000 00000000
00000000 00000000 00000000 00000000 00000000 00000000 00000000 0bea819 0000000 00000000
00000000 00000000 00000000 00000000 00000000 00000000 00000000 0ae521f 0000000 00000000
00000000 00000000 00000000 00000000 00000000 00000000 00000000 09dfc26 0000000 00000000
00000000 00000000 00000000 00000000 00000000 00000000 00000000 08da62c 0000000 00000000
00000000 00000000 00000000 00000000 00000000 00000000 00000000 07d5033 0000000 00000000
00000000 00000000 00000000 00000000 00000000 00000000 00000000 06cfa39 0000000 00000000
00000000 00000000 00000000 00000000 00000000 00000000 00000000 05ca43f 0000000 00000000
00000000 00000000 00000000 00000000 00000000 00000000 00000000 04c4e46 0000000 00000000
00000000 00000000 00000000 00000000 00000000 00000000 00000000 03bf84c 0000000 00000000
00000000 00000000 00000000 00000000 00000000 00000000 00000000 02ba252 0000000 00000000
00000000 00000000 00000000 00000000 00000000 00000000 00000000 01b4c59 0000000 00000000
00000000 00000000 00000000 00000000 00000000 00000000 00000000 00af65f 0000000 00000000
00000000 00000000 00000000 00000000 00000000 00000000 00000000 0055f99 0000000 00000000
00000000 00000000 00000000 00000000 00000000 00000000 00000000 015b593 0000000 00000000
00000000 00000000 00000000 00000000 00000000 00000000 00000000 0260b8d 0000000 00000000
00000000 00000000 00000000 00000000 00000000 00000000 00000000 0366186 0000000 00000000
00000000 00000000 00000000 00000000 00000000 00000000 00000000 046b780 0000000 00000000
00000000 00000000 00000000 00000000 00000000 00000000 00000000 0570d7a 0000000 00000000
00000000 00000000 00000000 00000000 00000000 00000000 00000000 0676373 0000000 00000000
00000000 00000000 00000000 00000000 00000000 00000000 00000000 077b96d 0000000 00000000
00000000 00000000 00000000 00000000 00000000 00000000 00000000 0880f66 0000000 00000000
00000000 00000000 00000000 00000000 00000000 00000000 00000000 0986560 0000000 00000000
00000000 00000000 00000000 00000000 00000000 00000000 00000000 0a8bb5a 0000000 00000000
00000000 00000000 00000000 00000000 00000000 00000000 00000000 0b91153 0000000 00000000
00000000 00000000 00000000 00000000 00000000 00000000 00000000 0c9674d 0000000 00000000
00000000 00000000 00000000 00000000 00000000 00000000 00000000 0d9bd47 0000000 00000000
00000000 00000000 00000000 00000000 00000000 00000000 00000000 0ea1340 0000000 00000000
00000000 00000000 00000000 00000000 00000000 00000000 00000000 0fa693a 0000000 00000000
00000000 00000000 00000000 00000000 00000000 00000000 00000000 0f540cc 0000000 00000000
00000000 00000000 00000000 00000000 00000000 00000000 00000000 0e4ead2 0000000 00000000
00000000 00000000 00000000 00000000 00000000 00000000 00000000 0d494d8 0000000 00000000
00000000 00000000 00000000 00000000 00000000 00000000 00000000 0c43edf 0000000 00000000
00000000 00000000 00000000 00000000 00000000 00000000 00000000 0b3e8e5 0000000 00000000
00000000 00000000 00000000 00000000 00000000 00000000 00000000 0a392eb 0000000 00000000
00000000 00000000 00000000 00000000 00000000 00000000 00000000 0933cf2 0000000 00000000
00000000 00000000 00000000 00000000 00000000 00000000 00000000 082e6f8 0000000 00000000
00000000 00000000 00000000 00000000 00000000 00000000 00000000 07290ff 0000000 00000000
00000000 00000000 00000000 00000000 00000000 00000000 00000000 0efaa06 0000000 00000000
00000000 00000000 00000000 00000000 00000000 00000000 00000000 0df540c 0000000 00000000
00000000 00000000 00000000 00000000 00000000 00000000 00000000 0cefe13 0000000 00000000
00000000 00000000 00000000 00000000 00000000 00000000 00000000 0bea819 0000000 00000000
00000000 00000000 00000000 00000000 00000000 00000000 00000000 0ae521f 0000000 00000000
00000000 00000000 00000000 00000000 00000000 00000000 00000000 09dfc26 0000000 00000000
00000000 00000000 00000000 00000000 00000000 00000000 00000000 08da62c 0000000 00000000
00000000 00000000 00000000 00000000 00000000 00000000 00000000 07d5033 0000000 00000000
00000000 00000000 00000000 00000000 00000000 00000000 00000000 06cfa39 0000000 00000000
00000000 00000000 00000000 00000000 00000000 00000000 00000000 05ca43f 0000000 00000000
00000000 00000000 00000000 00000000 00000000 00000000 00000000 04c4e46 0000000 00000000
00000000 00000000 00000000 00000000 00000000 00000000 00000000 03bf84c 0000000 00000000
00000000 00000000 00000000 00000000 00000000 00000000 00000000 02ba252 0000000 00000000
00000000 00000000 00000000 00000000 00000000 00000000 00000000 01b4c59 0000000 00000000
00000000 00000000 00000000 00000000 00000000 00000000 00000000 00af65f 0000000 00000000
00000000 00000000 00000000 00000000 00000000 00000000 00000000 0055f99 0000000 00000000
00000000 00000000 00000000 00000000 00000000 00000000 00000000 015b593 0000000 00000000
00000000 00000000 00000000 00000000 00000000 00000000 00000000 0260b8d 0000000 00000000
00000000 00000000 00000000 00000000 00000000 00000000 00000000 0366186 0000000 00000000
00000000 00000000 00000000 00000000 00000000 00000000 00000000 046b780 0000000 00000000
00000000 00000000 00000000 00000000 00000000 00000000 00000000 0570d7a 0000000 00000000
00000000 00000000 00000000 00000000 00000000 00000000 00000000 0676373 0000000 00000000
00000000 00000000 00000000 00000000 00000000 00000000 00000000 077b96d 0000000 00000000
00000000 00000000 00000000 00000000 00000000 00000000 00000000 0880f66 0000000 00000000
00000000 00000000 00000000 00000000 00000000 00000000 00000000 0986560 0000000 00000000
00000000 00000000 00000000 00000000 00000000 00000000 00000000 0a8bb5a 0000000 00000000
00000000 00000000 00000000 00000000 00000000 00000000 00000000 0b91153 0000000 00000000
00000000 00000000 00000000 00000000 00000000 00000000 00000000 0c9674d 0000000 00000000
00000000 00000000 00000000 00000000 00000000 00000000 00000000 0d9bd47 0000000 00000000
00000000 00000000 00000000 00000000 00000000 00000000 00000000 0ea1340 0000000 00000000
00000000 00000000 00000000 00000000 00000000 00000000 00000000 0fa693a 0000000 00000000
00000000 00000000 00000000 00000000 00000000 00000000 00000000 0f540cc 0000000 00000000
00000000 00000000 00000000 00000000 00000000 00000000 00000000 0e4ead2 0000000 00000000
00000000 00000000 00000000 00000000 00000000 00000000 00000000 0d494d8 0000000 00000000
00000000 00000000 00000000 00000000 00000000 00000000 00000000 0c43edf 0000000 00000000
00000000 00000000 00000000 00000000 00000000 00000000 00000000 0b3e8e5 0000000 00000000
00000000 00000000 00000000 00000000 00000000 00000000 00000000 0a392eb 0000000 00000000
00000000 00000000 00000000 00000000 00000000 00000000 00000000 0933cf2 0000000 00000000
00000000 00000000 00000000 00000000 00000000 00000000 00000000 082e6f8 0000000 00000000
00000000 00000000 00000000 00000000 00000000 00000000 00000000 07290ff 0000000 00000000
00000000 00000000 00000000 00000000 00000000 00000000 00000000 0fffa5c 0ffffff 00000000
00000000 00000000 00000000 00000000 00000000 00000000 00000000 0fff4b9 1000000 00000000
00000000 00000000 00000000 00000000 00000000 00000000 00000000 0ffef16 1000000 00000000
00000000 00000000 00000000 00000000 00000000 00000000 00000000 0ffe973 1000000 00000000
00000000 00000000 00000000 00000000 00000000 00000000 00000000 0ffe3d0 1000000 00000000
00000000 00000000 00000000 00000000 00000000 00000000 00000000 0ffde2c 1000000 00000000
00000000 00000000 00000000 00000000 00000000 00000000 00000000 0ffd889 1000000 00000000
00000000 00000000 00000000 00000000 00000000 00000000 00000000 0ffd2e6 1000000 00000000
00000000 00000000 00000000 00000000 00000000 00000000 00000000 0ffcd43 1000000 00000000
00000000 00000000 00000000 00000000 00000000 00000000 00000000 0ffc7a0 1000000 00000000
00000000 00000000 00000000 00000000 00000000 00000000 00000000 0ffc1fc 1000000 00000000
00000000 00000000 00000000 00000000 00000000 00000000 00000000 0ffbc59 1000000 00000000
00000000 00000000 00000000 00000000 00000000 00000000 00000000 0ffb6b6 1000000 00000000
00000000 00000000 00000000 00000000 00000000 00000000 00000000 0ffb113 1000000 00000000
00000000 00000000 00000000 00000000 00000000 00000000 00000000 0ffab70 1000000 00000000
00000000 00000000 00000000 00000000 00000000 00000000 00000000 0ffa5cc 1000000 00000000
00000000 00000000 00000000 00000000 00000000 00000000 00000000 0ffa029 1000000 00000000
00000000 00000000 00000000 00000000 00000000 00000000 00000000 0ff9a86 1000000 00000000
00000000 00000000 00000000 00000000 00000000 00000000 00000000 0ff94e3 1000000 00000000
00000000 00000000 00000000 00000000 00000000 00000000 00000000 0ff8f40 1000000 00000000
00000000 00000000 00000000 00000000 00000000 00000000 00000000 0ff899c 1000000 00000000
00000000 00000000 00000000 00000000 00000000 00000000 00000000 0ff83f9 1000000 00000000
00000000 00000000 00000000 00000000 00000000 00000000 00000000 0ff7e56 1000000 00000000
00000000 00000000 00000000 00000000 00000000 00000000 00000000 0ff78b3 1000000 00000000
00000000 00000000 00000000 00000000 00000000 00000000 00000000 0ff7310 1000000 00000000
00000000 00000000 00000000 00000000 00000000 00000000 00000000 0ff6d6d 1000000 00000000
00000000 00000000 00000000 00000000 00000000 00000000 00000000 0ff67c9 1000000 00000000
00000000 00000000 00000000 00000000 00000000 00000000 00000000 0ff6226 1000000 00000000
00000000 00000000 00000000 00000000 00000000 00000000 00000000 0ff5c83 1000000 00000000
00000000 00000000 00000000 00000000 00000000 00000000 00000000 0ff56e0 1000000 00000000
00000000 00000000 00000000 00000000 00000000 00000000 00000000 0ff513d 1000000 00000000
00000000 00000000 00000000 00000000 00000000 00000000 00000000 0ff4b99 1000000 00000000
00000000 00000000 00000000 00000000 00000000 00000000 00000000 0ff45f6 1000000 00000000
00000000 00000000 00000000 00000000 00000000 00000000 00000000 0ff4053 1000000 00000000
00000000 00000000 00000000 00000000 00000000 00000000 00000000 0ff3ab0 1000000 00000000
00000000 00000000 00000000 00000000 00000000 00000000 00000000 0ff350d 1000000 00000000
00000000 00000000 00000000 00000000 00000000 00000000 00000000 0ff2f69 1000000 00000000
00000000 00000000 00000000 00000000 00000000 00000000 00000000 0ff29c6 1000000 00000000
00000000 00000000 00000000 00000000 00000000 00000000 00000000 0ff2423 1000000 00000000
00000000 00000000 00000000 00000000 00000000 00000000 00000000 0ff1e80 1000000 00000000
00000000 00000000 00000000 00000000 00000000 00000000 00000000 0fffa5c 0ffffff 00000000
00000000 00000000 00000000 00000000 00000000 00000000 00000000 0fff4b9 1000000 00000000
00000000 00000000 00000000 00000000 00000000 00000000 00000000 0ffef16 1000000 00000000
00000000 00000000 00000000 00000000 00000000 00000000 00000000 0ffe973 1000000 00000000
00000000 00000000 00000000 00000000 00000000 00000000 00000000 0ffe3d0 1000000 00000000
00000000 00000000 00000000 00000000 00000000 00000000 00000000 0ffde2c 1000000 00000000
00000000 00000000 00000000 00000000 00000000 00000000 00000000 0ffd889 1000000 00000000
00000000 00000000 00000000 00000000 00000000 00000000 00000000 0ffd2e6 1000000 00000000
00000000 00000000 00000000 00000000 00000000 00000000 00000000 0ffcd43 1000000 00000000
00000000 00000000 00000000 00000000 00000000 00000000 00000000 0ffc7a0 1000000 00000000
00000000 00000000 00000000 00000000 00000000 00000000 00000000 0ffc1fc 1000000 00000000
00000000 00000000 00000000 00000000 00000000 00000000 00000000 0ffbc59 1000000 00000000
00000000 00000000 00000000 00000000 00000000 00000000 00000000 0ffb6b6 1000000 00000000
00000000 00000000 00000000 00000000 00000000 00000000 00000000 0ffb113 1000000 00000000
00000000 00000000 00000000 00000000 00000000 00000000 00000000 0ffab70 1000000 00000000
00000000 00000000 00000000 00000000 00000000 00000000 00000000 0ffa5cc 1000000 00000000
00000000 00000000 00000000 00000000 00000000 00000000 00000000 0ffa029 1000000 00000000
00000000 00000000 00000000 00000000 00000000 00000000 00000000 0ff9a86 1000000 00000000
00000000 00000000 00000000 00000000 00000000 00000000 00000000 0ff94e3 1000000 00000000
00000000 00000000 00000000 00000000 00000000 00000000 00000000 0ff8f40 1000000 00000000
00000000 00000000 00000000 00000000 00000000 00000000 00000000 0ff899c 1000000 00000000
00000000 00000000 00000000 00000000 00000000 00000000 00000000 0ff83f9 1000000 00000000
00000000 00000000 00000000 00000000 00000000 00000000 00000000 0ff7e56 1000000 00000000
00000000 00000000 00000000 00000000 00000000 00000000 00000000 0ff78b3 1000000 00000000
00000000 00000000 00000000 00000000 00000000 00000000 00000000 0ff7310 1000000 00000000
00000000 00000000 00000000 00000000 00000000 00000000 00000000 0ff6d6d 1000000 00000000
00000000 00000000 00000000 00000000 00000000 00000000 00000000 0ff67c9 1000000 00000000
00000000 00000000 00000000 00000000 00000000 00000000 00000000 0ff6226 1000000 00000000
00000000 00000000 00000000 00000000 00000000 00000000 00000000 0ff5c83 1000000 00000000
00000000 00000000 00000000 00000000 00000000 00000000 00000000 0ff56e0 1000000 00000000
00000000 00000000 00000000 00000000 00000000 00000000 00000000 0ff513d 1000000 00000000
00000000 00000000 00000000 00000000 00000000 00000000 00000000 0ff4b99 1000000 00000000
00000000 00000000 00000000 00000000 00000000 00000000 00000000 0ff45f6 1000000 00000000
00000000 00000000 00000000 00000000 00000000 00000000 00000000 0ff4053 1000000 00000000
00000000 00000000 00000000 00000000 00000000 00000000 00000000 0ff3ab0 1000000 00000000
00000000 00000000 00000000 00000000 00000000 00000000 00000000 0ff350d 1000000 00000000
00000000 00000000 00000000 00000000 00000000 00000000 00000000 0ff2f69 1000000 00000000
00000000 00000000 00000000 00000000 00000000 00000000 00000000 0ff29c6 1000000 00000000
00000000 00000000 00000000 00000000 00000000 00000000 00000000 0ff2423 1000000 00000000
00000000 00000000 00000000 00000000 00000000 00000000 00000000 0ff1e80 1000000 00000000
00000000 00000000 00000000 00000000 00000000 00000000 00000000 0fffa5c 0000000 00000000
00000000 00000000 00000000 00000000 00000000 00000000 00000000 0fff4b9 0000000 00000000
00000000 00000000 00000000 00000000 00000000 00000000 00000000 0ffef16 0000000 00000000
00000000 00000000 00000000 00000000 00000000 00000000 00000000 0ffe973 0000000 00000000
00000000 00000000 00000000 00000000 00000000 00000000 00000000 0ffe3d0 0000000 00000000
00000000 00000000 00000000 00000000 00000000 00000000 00000000 0ffde2c 0000000 00000000
00000000 00000000 00000000 00000000 00000000 00000000 00000000 0ffd889 0000000 00000000
00000000 00000000 00000000 00000000 00000000 00000000 00000000 0ffd2e6 0000000 00000000
00000000 00000000 00000000 00000000 00000000 00000000 00000000 0ffcd43 0000000 00000000
00000000 00000000 00000000 00000000 00000000 00000000 00000000 0ffc7a0 0000000 00000000
00000000 00000000 00000000 00000000 00000000 00000000 00000000 0ffc1fc 0000000 00000000
00000000 00000000 00000000 00000000 00000000 00000000 00000000 0ffbc59 0000000 00000000
00000000 00000000 00000000 00000000 00000000 00000000 00000000 0ffb6b6 0000000 00000000
00000000 00000000 00000000 00000000 00000000 00000000 00000000 0ffb113 0000000 00000000
00000000 00000000 00000000 00000000 00000000 00000000 00000000 0ffab70 0000000 00000000
00000000 00000000 00000000 00000000 00000000 00000000 00000000 0ffa5cc 0000000 00000000
00000000 00000000 00000000 00000000 00000000 00000000 00000000 0ffa029 0000000 00000000
00000000 00000000 00000000 00000000 00000000 00000000 00000000 0ff9a86 0000000 00000000
00000000 00000000 00000000 00000000 00000000 00000000 00000000 0ff94e3 0000000 00000000
00000000 00000000 00000000 00000000 00000000 00000000 00000000 0ff8f40 0000000 00000000
00000000 00000000 00000000 00000000 00000000 00000000 00000000 0ff899c 0000000 00000000
00000000 00000000 00000000 00000000 00000000 00000000 00000000 0ff83f9 0000000 00000000
00000000 00000000 00000000 00000000 00000000 00000000 00000000 0ff7e56 0000000 00000000
00000000 00000000 00000000 00000000 00000000 00000000 00000000 0ff78b3 0000000 00000000
00000000 00000000 00000000 00000000 00000000 00000000 00000000 0ff7310 0000000 00000000
00000000 00000000 00000000 00000000 00000000 00000000 00000000 0ff6d6d 0000000 00000000
00000000 00000000 00000000 00000000 00000000 00000000 00000000 0ff67c9 0000000 00000000
00000000 00000000 00000000 00000000 00000000 00000000 00000000 0ff6226 0000000 00000000
00000000 00000000 00000000 00000000 00000000 00000000 00000000 0ff5c83 0000000 00000000
00000000 00000000 00000000 00000000 00000000 00000000 00000000 0ff56e0 0000000 00000000
00000000 00000000 00000000 00000000 00000000 00000000 00000000 0ff513d 0000000 00000000
00000000 00000000 00000000 00000000 00000000 00000000 00000000 0ff4b99 0000000 00000000
00000000 00000000 00000000 00000000 00000000 00000000 00000000 0ff45f6 0000000 00000000
00000000 00000000 00000000 00000000 00000000 00000000 00000000 0ff4053 0000000 00000000
00000000 00000000 00000000 00000000 00000000 00000000 00000000 0ff3ab0 0000000 00000000
00000000 00000000 00000000 00000000 00000000 00000000 00000000 0ff350d 0000000 00000000
00000000 00000000 00000000 00000000 00000000 00000000 00000000 0ff2f69 0000000 00000000
00000000 00000000 00000000 00000000 00000000 00000000 00000000 0ff29c6 0000000 00000000
00000000 00000000 00000000 00000000 00000000 00000000 00000000 0ff2423 0000000 00000000
00000000 00000000 00000000 00000000 00000000 00000000 00000000 0ff1e80 0000000 00000000
00000000 00000000 00000000 00000000 00000000 00000000 00000000 0fffa5c 0000000 00000000
00000000 00000000 00000000 00000000 00000000 00000000 00000000 0fff4b9 0000000 00000000
00000000 00000000 00000000 00000000 00000000 00000000 00000000 0ffef16 0000000 00000000
00000000 00000000 00000000 00000000 00000000 00000000 00000000 0ffe973 0000000 00000000
00000000 00000000 00000000 00000000 00000000 00000000 00000000 0ffe3d0 0000000 00000000
00000000 00000000 00000000 00000000 00000000 00000000 00000000 0ffde2c 0000000 00000000
00000000 00000000 00000000 00000000 00000000 00000000 00000000 0ffd889 0000000 00000000
00000000 00000000 00000000 00000000 00000000 00000000 00000000 0ffd2e6 0000000 00000000
00000000 00000000 00000000 00000000 00000000 00000000 00000000 0ffcd43 0000000 00000000
00000000 00000000 00000000 00000000 00000000 00000000 00000000 0ffc7a0 0000000 00000000
00000000 00000000 00000000 00000000 00000000 00000000 00000000 0ffc1fc 0000000 00000000
00000000 00000000 00000000 00000000 00000000 00000000 00000000 0ffbc59 0000000 00000000
00000000 00000000 00000000 00000000 00000000 00000000 00000000 0ffb6b6 0000000 00000000
00000000 00000000 00000000 00000000 00000000 00000000 00000000 0ffb113 0000000 00000000
00000000 00000000 00000000 00000000 00000000 00000000 00000000 0ffab70 0000000 00000000
00000000 00000000 00000000 00000000 00000000 00000000 00000000 0ffa5cc 0000000 00000000
00000000 00000000 00000000 00000000 00000000 00000000 00000000 0ffa029 0000000 00000000
00000000 00000000 00000000 00000000 00000000 00000000 00000000 0ff9a86 0000000 00000000
00000000 00000000 00000000 00000000 00000000 00000000 00000000 0ff94e3 0000000 00000000
00000000 00000000 00000000 00000000 00000000 00000000 00000000 0ff8f40 0000000 00000000
00000000 00000000 00000000 00000000 00000000 00000000 00000000 0ff899c 0000000 00000000
00000000 00000000 00000000 00000000 00000000 00000000 00000000 0ff83f9 0000000 00000000
00000000 00000000 00000000 00000000 00000000 00000000 00000000 0ff7e56 0000000 00000000
00000000 00000000 00000000 00000000 00000000 00000000 00000000 0ff78b3 0000000 00000000
00000000 00000000 00000000 00000000 00000000 00000000 00000000 0ff7310 0000000 00000000
00000000 00000000 00000000 00000000 00000000 00000000 00000000 0ff6d6d 0000000 00000000
00000000 00000000 00000000 00000000 00000000 00000000 00000000 0ff67c9 0000000 00000000
00000000 00000000 00000000 00000000 00000000 00000000 00000000 0ff6226 0000000 00000000
00000000 00000000 00000000 00000000 00000000 00000000 00000000 0ff5c83 0000000 00000000
00000000 00000000 00000000 00000000 00000000 00000000 00000000 0ff56e0 0000000 00000000
00000000 00000000 00000000 00000000 00000000 00000000 00000000 0ff513d 0000000 00000000
00000000 00000000 00000000 00000000 00000000 00000000 00000000 0ff4b99 0000000 00000000
00000000 00000000 00000000 00000000 00000000 00000000 00000000 0ff45f6 0000000 00000000
00000000 00000000 00000000 00000000 00000000 00000000 00000000 0ff4053 0000000 00000000
00000000 00000000 00000000 00000000 00000000 00000000 00000000 0ff3ab0 0000000 00000000
00000000 00000000 00000000 00000000 00000000 00000000 00000000 0ff350d 0000000 00000000
00000000 00000000 00000000 00000000 00000000 00000000 00000000 0ff2f69 0000000 00000000
00000000 00000000 00000000 00000000 00000000 00000000 00000000 0ff29c6 0000000 00000000
00000000 00000000 00000000 00000000 00000000 00000000 00000000 0ff2423 0000000 00000000
00000000 00000000 00000000 00000000 00000000 00000000 00000000 0ff1e80 0000000 00000000
00000000 00000000 00000000 00000000 00000000 00000000 00000000 0f7d503 0ffffff 00000000
00000000 00000000 00000000 00000000 00000000 00000000 00000000 0efaa06 1000000 00000000
00000000 00000000 00000000 00000000 00000000 00000000 00000000 0e77f09 1000000 00000000
00000000 00000000 00000000 00000000 00000000 00000000 00000000 0df540c 1000000 00000000
00000000 00000000 00000000 00000000 00000000 00000000 00000000 0d7290f 1000000 00000000
00000000 00000000 00000000 00000000 00000000 00000000 00000000 0cefe13 1000000 00000000
00000000 00000000 00000000 00000000 00000000 00000000 00000000 0c6d316 1000000 00000000
00000000 00000000 00000000 00000000 00000000 00000000 00000000 0bea819 1000000 00000000
00000000 00000000 00000000 00000000 00000000 00000000 00000000 0b67d1c 1000000 00000000
00000000 00000000 00000000 00000000 00000000 00000000 00000000 0ae521f 1000000 00000000
00000000 00000000 00000000 00000000 00000000 00000000 00000000 0a62723 1000000 00000000
00000000 00000000 00000000 00000000 00000000 00000000 00000000 09dfc26 1000000 00000000
00000000 00000000 00000000 00000000 00000000 00000000 00000000 095d129 1000000 00000000
00000000 00000000 00000000 00000000 00000000 00000000 00000000 08da62c 1000000 00000000
00000000 00000000 00000000 00000000 00000000 00000000 00000000 0857b2f 1000000 00000000
00000000 00000000 00000000 00000000 00000000 00000000 00000000 07d5033 1000000 00000000
00000000 00000000 00000000 00000000 00000000 00000000 00000000 0752536 1000000 00000000
00000000 00000000 00000000 00000000 00000000 00000000 00000000 06cfa39 1000000 00000000
00000000 00000000 00000000 00000000 00000000 00000000 00000000 064cf3c 1000000 00000000
00000000 00000000 00000000 00000000 00000000 00000000 00000000 05ca43f 1000000 00000000
00000000 00000000 00000000 00000000 00000000 00000000 00000000 0547942 1000000 00000000
00000000 00000000 00000000 00000000 00000000 00000000 00000000 04c4e46 1000000 00000000
00000000 00000000 00000000 00000000 00000000 00000000 00000000 0442349 1000000 00000000
00000000 00000000 00000000 00000000 00000000 00000000 00000000 03bf84c 1000000 00000000
00000000 00000000 00000000 00000000 00000000 00000000 00000000 033cd4f 1000000 00000000
00000000 00000000 00000000 00000000 00000000 00000000 00000000 02ba252 1000000 00000000
00000000 00000000 00000000 00000000 00000000 00000000 00000000 0237756 1000000 00000000
00000000 00000000 00000000 00000000 00000000 00000000 00000000 01b4c59 1000000 00000000
00000000 00000000 00000000 00000000 00000000 00000000 00000000 013215c 1000000 00000000
00000000 00000000 00000000 00000000 00000000 00000000 00000000 00af65f 1000000 00000000
00000000 00000000 00000000 00000000 00000000 00000000 00000000 002cb62 1000000 00000000
00000000 00000000 00000000 00000000 00000000 00000000 00000000 0faa066 1000000 00000000
00000000 00000000 00000000 00000000 00000000 00000000 00000000 0f27569 1000000 00000000
00000000 00000000 00000000 00000000 00000000 00000000 00000000 0ea4a6c 1000000 00000000
00000000 00000000 00000000 00000000 00000000 00000000 00000000 0e21f6f 1000000 00000000
00000000 00000000 00000000 00000000 00000000 00000000 00000000 0d9f472 1000000 00000000
00000000 00000000 00000000 00000000 00000000 00000000 00000000 0d1c975 1000000 00000000
00000000 00000000 00000000 00000000 00000000 00000000 00000000 0c99e79 1000000 00000000
00000000 00000000 00000000 00000000 00000000 00000000 00000000 0c1737c 1000000 00000000
00000000 00000000 00000000 00000000 00000000 00000000 00000000 0b9487f 1000000 00000000
00000000 00000000 00000000 00000000 00000000 00000000 00000000 0f7d503 0ffffff 00000000
00000000 00000000 00000000 00000000 00000000 00000000 00000000 0efaa06 1000000 00000000
00000000 00000000 00000000 00000000 00000000 00000000 00000000 0e77f09 1000000 00000000
00000000 00000000 00000000 00000000 00000000 00000000 00000000 0df540c 1000000 00000000
00000000 00000000 00000000 00000000 00000000 00000000 00000000 0d7290f 1000000 00000000
00000000 00000000 00000000 00000000 00000000 00000000 00000000 0cefe13 1000000 00000000
00000000 00000000 00000000 00000000 00000000 00000000 00000000 0c6d316 1000000 00000000
00000000 00000000 00000000 00000000 00000000 00000000 00000000 0bea819 1000000 00000000
00000000 00000000 00000000 00000000 00000000 00000000 00000000 0b67d1c 1000000 00000000
00000000 00000000 00000000 00000000 00000000 00000000 00000000 0ae521f 1000000 00000000
00000000 00000000 00000000 00000000 00000000 00000000 00000000 0a62723 1000000 00000000
00000000 00000000 00000000 00000000 00000000 00000000 00000000 09dfc26 1000000 00000000
00000000 00000000 00000000 00000000 00000000 00000000 00000000 095d129 1000000 00000000
00000000 00000000 00000000 00000000 00000000 00000000 00000000 08da62c 1000000 00000000
00000000 00000000 00000000 00000000 00000000 00000000 00000000 0857b2f 1000000 00000000
00000000 00000000 00000000 00000000 00000000 00000000 00000000 07d5033 1000000 00000000
00000000 00000000 00000000 00000000 00000000 00000000 00000000 0752536 1000000 00000000
00000000 00000000 00000000 00000000 00000000 00000000 00000000 06cfa39 1000000 00000000
00000000 00000000 00000000 00000000 00000000 00000000 00000000 064cf3c 1000000 00000000
00000000 00000000 00000000 00000000 00000000 00000000 00000000 05ca43f 1000000 00000000
00000000 00000000 00000000 00000000 00000000 00000000 00000000 0547942 1000000 00000000
00000000 00000000 00000000 00000000 00000000 00000000 00000000 04c4e46 1000000 00000000
00000000 00000000 00000000 00000000 00000000 00000000 00000000 0442349 1000000 00000000
00000000 00000000 00000000 00000000 00000000 00000000 00000000 03bf84c 1000000 00000000
00000000 00000000 00000000 00000000 00000000 00000000 00000000 033cd4f 1000000 00000000
00000000 00000000 00000000 00000000 00000000 00000000 00000000 02ba252 1000000 00000000
00000000 00000000 00000000 00000000 00000000 00000000 00000000 0237756 1000000 00000000
00000000 00000000 00000000 00000000 00000000 00000000 00000000 01b4c59 1000000 00000000
00000000 00000000 00000000 00000000 00000000 00000000 00000000 013215c 1000000 00000000
00000000 00000000 00000000 00000000 00000000 00000000 00000000 00af65f 1000000 00000000
00000000 00000000 00000000 00000000 00000000 00000000 00000000 002cb62 1000000 00000000
00000000 00000000 00000000 00000000 00000000 00000000 00000000 0faa066 1000000 00000000
00000000 00000000 00000000 00000000 00000000 00000000 00000000 0f27569 1000000 00000000
00000000 00000000 00000000 00000000 00000000 00000000 00000000 0ea4a6c 1000000 00000000
00000000 00000000 00000000 00000000 00000000 00000000 00000000 0e21f6f 1000000 00000000
00000000 00000000 00000000 00000000 00000000 00000000 00000000 0d9f472 1000000 00000000
00000000 00000000 00000000 00000000 00000000 00000000 00000000 0d1c975 1000000 00000000
00000000 00000000 00000000 00000000 00000000 00000000 00000000 0c99e79 1000000 00000000
00000000 00000000 00000000 00000000 00000000 00000000 00000000 0c1737c 1000000 00000000
00000000 00000000 00000000 00000000 00000000 00000000 00000000 0b9487f 1000000 00000000
00000000 00000000 00000000 00000000 00000000 00000000 00000000 0f7d503 0000000 00000000
00000000 00000000 00000000 00000000 00000000 00000000 00000000 0efaa06 0000000 00000000
00000000 00000000 00000000 00000000 00000000 00000000 00000000 0e77f09 0000000 00000000
00000000 00000000 00000000 00000000 00000000 00000000 00000000 0df540c 0000000 00000000
00000000 00000000 00000000 00000000 00000000 00000000 00000000 0d7290f 0000000 00000000
00000000 00000000 00000000 00000000 00000000 00000000 00000000 0cefe13 0000000 00000000
00000000 00000000 00000000 00000000 00000000 00000000 00000000 0c6d316 0000000 00000000
00000000 00000000 00000000 00000000 00000000 00000000 00000000 0bea819 0000000 00000000
00000000 00000000 00000000 00000000 00000000 00000000 00000000 0b67d1c 0000000 00000000
00000000 00000000 00000000 00000000 00000000 00000000 00000000 0ae521f 0000000 00000000
00000000 00000000 00000000 00000000 00000000 00000000 00000000 0a62723 0000000 00000000
00000000 00000000 00000000 00000000 00000000 00000000 00000000 09dfc26 0000000 00000000
00000000 00000000 00000000 00000000 00000000 00000000 00000000 095d129 0000000 00000000
00000000 00000000 00000000 00000000 00000000 00000000 00000000 08da62c 0000000 00000000
00000000 00000000 00000000 00000000 00000000 00000000 00000000 0857b2f 0000000 00000000
00000000 00000000 00000000 00000000 00000000 00000000 00000000 07d5033 0000000 00000000
00000000 00000000 00000000 00000000 00000000 00000000 00000000 0752536 0000000 00000000
00000000 00000000 00000000 00000000 00000000 00000000 00000000 06cfa39 0000000 00000000
00000000 00000000 00000000 00000000 00000000 00000000 00000000 064cf3c 0000000 00000000
00000000 00000000 00000000 00000000 00000000 00000000 00000000 05ca43f 0000000 00000000
00000000 00000000 00000000 00000000 00000000 00000000 00000000 0547942 0000000 00000000
00000000 00000000 00000000 00000000 00000000 00000000 00000000 04c4e46 0000000 00000000
00000000 00000000 00000000 00000000 00000000 00000000 00000000 0442349 0000000 00000000
00000000 00000000 00000000 00000000 00000000 00000000 00000000 03bf84c 0000000 00000000
00000000 00000000 00000000 00000000 00000000 00000000 00000000 033cd4f 0000000 00000000
00000000 00000000 00000000 00000000 00000000 00000000 00000000 02ba252 0000000 00000000
00000000 00000000 00000000 00000000 00000000 00000000 00000000 0237756 0000000 00000000
00000000 00000000 00000000 00000000 00000000 00000000 00000000 01b4c59 0000000 00000000
00000000 00000000 00000000 00000000 00000000 00000000 00000000 013215c 0000000 00000000
00000000 00000000 00000000 00000000 00000000 00000000 00000000 00af65f 0000000 00000000
00000000 00000000 00000000 00000000 00000000 00000000 00000000 002cb62 0000000 00000000
00000000 00000000 00000000 00000000 00000000 00000000 00000000 0faa066 0000000 00000000
00000000 00000000 00000000 00000000 00000000 00000000 00000000 0f27569 0000000 00000000
00000000 00000000 00000000 00000000 00000000 00000000 00000000 0ea4a6c 0000000 00000000
00000000 00000000 00000000 00000000 00000000 00000000 00000000 0e21f6f 0000000 00000000
00000000 00000000 00000000 00000000 00000000 00000000 00000000 0d9f472 0000000 00000000
00000000 00000000 00000000 00000000 00000000 00000000 00000000 0d1c975 0000000 00000000
00000000 00000000 00000000 00000000 00000000 00000000 00000000 0c99e79 0000000 00000000
00000000 00000000 00000000 00000000 00000000 00000000 00000000 0c1737c 0000000 00000000
00000000 00000000 00000000 00000000 00000000 00000000 00000000 0b9487f 0000000 00000000
00000000 00000000 00000000 00000000 00000000 00000000 00000000 0f7d503 0000000 00000000
00000000 00000000 00000000 00000000 00000000 00000000 00000000 0efaa06 0000000 00000000
00000000 00000000 00000000 00000000 00000000 00000000 00000000 0e77f09 0000000 00000000
00000000 00000000 00000000 00000000 00000000 00000000 00000000 0df540c 0000000 00000000
00000000 00000000 00000000 00000000 00000000 00000000 00000000 0d7290f 0000000 00000000
00000000 00000000 00000000 00000000 00000000 00000000 00000000 0cefe13 0000000 00000000
00000000 00000000 00000000 00000000 00000000 00000000 00000000 0c6d316 0000000 00000000
00000000 00000000 00000000 00000000 00000000 00000000 00000000 0bea819 0000000 00000000
00000000 00000000 00000000 00000000 00000000 00000000 00000000 0b67d1c 0000000 00000000
00000000 00000000 00000000 00000000 00000000 00000000 00000000 0ae521f 0000000 00000000
00000000 00000000 00000000 00000000 00000000 00000000 00000000 0a62723 0000000 00000000
00000000 00000000 00000000 00000000 00000000 00000000 00000000 09dfc26 0000000 00000000
00000000 00000000 00000000 00000000 00000000 00000000 00000000 095d129 0000000 00000000
00000000 00000000 00000000 00000000 00000000 00000000 00000000 08da62c 0000000 00000000
00000000 00000000 00000000 00000000 00000000 00000000 00000000 0857b2f 0000000 00000000
00000000 00000000 00000000 00000000 00000000 00000000 00000000 07d5033 0000000 00000000
00000000 00000000 00000000 00000000 00000000 00000000 00000000 0752536 0000000 00000000
00000000 00000000 00000000 00000000 00000000 00000000 00000000 06cfa39 0000000 00000000
00000000 00000000 00000000 00000000 00000000 00000000 00000000 064cf3c 0000000 00000000
00000000 00000000 00000000 00000000 00000000 00000000 00000000 05ca43f 0000000 00000000
00000000 00000000 00000000 00000000 00000000 00000000 00000000 0547942 0000000 00000000
00000000 00000000 00000000 00000000 00000000 00000000 00000000 04c4e46 0000000 00000000
00000000 00000000 00000000 00000000 00000000 00000000 00000000 0442349 0000000 00000000
00000000 00000000 00000000 00000000 00000000 00000000 00000000 03bf84c 0000000 00000000
00000000 00000000 00000000 00000000 00000000 00000000 00000000 033cd4f 0000000 00000000
00000000 00000000 00000000 00000000 00000000 00000000 00000000 02ba252 0000000 00000000
00000000 00000000 00000000 00000000 00000000 00000000 00000000 0237756 0000000 00000000
00000000 00000000 00000000 00000000 00000000 00000000 00000000 01b4c59 0000000 00000000
00000000 00000000 00000000 00000000 00000000 00000000 00000000 013215c 0000000 00000000
00000000 00000000 00000000 00000000 00000000 00000000 00000000 00af65f 0000000 00000000
00000000 00000000 00000000 00000000 00000000 00000000 00000000 002cb62 0000000 00000000
00000000 00000000 00000000 00000000 00000000 00000000 00000000 0faa066 0000000 00000000
00000000 00000000 00000000 00000000 00000000 00000000 00000000 0f27569 0000000 00000000
00000000 00000000 00000000 00000000 00000000 00000000 00000000 0ea4a6c 0000000 00000000
00000000 00000000 00000000 00000000 00000000 00000000 00000000 0e21f6f 0000000 00000000
00000000 00000000 00000000 00000000 00000000 00000000 00000000 0d9f472 0000000 00000000
00000000 00000000 00000000 00000000 00000000 00000000 00000000 0d1c975 0000000 00000000
00000000 00000000 00000000 00000000 00000000 00000000 00000000 0c99e79 0000000 00000000
00000000 00000000 00000000 00000000 00000000 00000000 00000000 0c1737c 0000000 00000000
00000000 00000000 00000000 00000000 00000000 00000000 00000000 0b9487f 0000000 00000000
00000000 00000000 00000000 00000000 00000000 00000000 00000000 00005a3 0ffffff 00000000
00000000 00000000 00000000 00000000 00000000 00000000 00000000 0000b46 1000000 00000000
00000000 00000000 00000000 00000000 00000000 00000000 00000000 00010e9 1000000 00000000
00000000 00000000 00000000 00000000 00000000 00000000 00000000 000168c 1000000 00000000
00000000 00000000 00000000 00000000 00000000 00000000 00000000 0001c2f 1000000 00000000
00000000 00000000 00000000 00000000 00000000 00000000 00000000 00021d3 1000000 00000000
00000000 00000000 00000000 00000000 00000000 00000000 00000000 0002776 1000000 00000000
00000000 00000000 00000000 00000000 00000000 00000000 00000000 0002d19 1000000 00000000
00000000 00000000 00000000 00000000 00000000 00000000 00000000 00032bc 1000000 00000000
00000000 00000000 00000000 00000000 00000000 00000000 00000000 000385f 1000000 00000000
00000000 00000000 00000000 00000000 00000000 00000000 00000000 0003e03 1000000 00000000
00000000 00000000 00000000 00000000 00000000 00000000 00000000 00043a6 1000000 00000000
00000000 00000000 00000000 00000000 00000000 00000000 00000000 0004949 1000000 00000000
00000000 00000000 00000000 00000000 00000000 00000000 00000000 0004eec 1000000 00000000
00000000 00000000 00000000 00000000 00000000 00000000 00000000 000548f 1000000 00000000
00000000 00000000 00000000 00000000 00000000 00000000 00000000 0005a33 1000000 00000000
00000000 00000000 00000000 00000000 00000000 00000000 00000000 0005fd6 1000000 00000000
00000000 00000000 00000000 00000000 00000000 00000000 00000000 0006579 1000000 00000000
00000000 00000000 00000000 00000000 00000000 00000000 00000000 0006b1c 1000000 00000000
00000000 00000000 00000000 00000000 00000000 00000000 00000000 00070bf 1000000 00000000
00000000 00000000 00000000 00000000 00000000 00000000 00000000 0007663 1000000 00000000
00000000 00000000 00000000 00000000 00000000 00000000 00000000 0007c06 1000000 00000000
00000000 00000000 00000000 00000000 00000000 00000000 00000000 00081a9 1000000 00000000
00000000 00000000 00000000 00000000 00000000 00000000 00000000 000874c 1000000 00000000
00000000 00000000 00000000 00000000 00000000 00000000 00000000 0008cef 1000000 00000000
00000000 00000000 00000000 00000000 00000000 00000000 00000000 0009292 1000000 00000000
00000000 00000000 00000000 00000000 00000000 00000000 00000000 0009836 1000000 00000000
00000000 00000000 00000000 00000000 00000000 00000000 00000000 0009dd9 1000000 00000000
00000000 00000000 00000000 00000000 00000000 00000000 00000000 000a37c 1000000 00000000
00000000 00000000 00000000 00000000 00000000 00000000 00000000 000a91f 1000000 00000000
00000000 00000000 00000000 00000000 00000000 00000000 00000000 000aec2 1000000 00000000
00000000 00000000 00000000 00000000 00000000 00000000 00000000 000b466 1000000 00000000
00000000 00000000 00000000 00000000 00000000 00000000 00000000 000ba09 1000000 00000000
00000000 00000000 00000000 00000000 00000000 00000000 00000000 000bfac 1000000 00000000
00000000 00000000 00000000 00000000 00000000 00000000 00000000 000c54f 1000000 00000000
00000000 00000000 00000000 00000000 00000000 00000000 00000000 000caf2 1000000 00000000
00000000 00000000 00000000 00000000 00000000 00000000 00000000 000d096 1000000 00000000
00000000 00000000 00000000 00000000 00000000 00000000 00000000 000d639 1000000 00000000
00000000 00000000 00000000 00000000 00000000 00000000 00000000 000dbdc 1000000 00000000
00000000 00000000 00000000 00000000 00000000 00000000 00000000 000e17f 1000000 00000000
00000000 00000000 00000000 00000000 00000000 00000000 00000000 00005a3 0ffffff 00000000
00000000 00000000 00000000 00000000 00000000 00000000 00000000 0000b46 1000000 00000000
00000000 00000000 00000000 00000000 00000000 00000000 00000000 00010e9 1000000 00000000
00000000 00000000 00000000 00000000 00000000 00000000 00000000 000168c 1000000 00000000
00000000 00000000 00000000 00000000 00000000 00000000 00000000 0001c2f 1000000 00000000
00000000 00000000 00000000 00000000 00000000 00000000 00000000 00021d3 1000000 00000000
00000000 00000000 00000000 00000000 00000000 00000000 00000000 0002776 1000000 00000000
00000000 00000000 00000000 00000000 00000000 00000000 00000000 0002d19 1000000 00000000
00000000 00000000 00000000 00000000 00000000 00000000 00000000 00032bc 1000000 00000000
00000000 00000000 00000000 00000000 00000000 00000000 00000000 000385f 1000000 00000000
00000000 00000000 00000000 00000000 00000000 00000000 00000000 0003e03 1000000 00000000
00000000 00000000 00000000 00000000 00000000 00000000 00000000 00043a6 1000000 00000000
00000000 00000000 00000000 00000000 00000000 00000000 00000000 0004949 1000000 00000000
00000000 00000000 00000000 00000000 00000000 00000000 00000000 0004eec 1000000 00000000
00000000 00000000 00000000 00000000 00000000 00000000 00000000 000548f 1000000 00000000
00000000 00000000 00000000 00000000 00000000 00000000 00000000 0005a33 1000000 00000000
00000000 00000000 00000000 00000000 00000000 00000000 00000000 0005fd6 1000000 00000000
00000000 00000000 00000000 00000000 00000000 00000000 00000000 0006579 1000000 00000000
00000000 00000000 00000000 00000000 00000000 00000000 00000000 0006b1c 1000000 00000000
00000000 00000000 00000000 00000000 00000000 00000000 00000000 00070bf 1000000 00000000
00000000 00000000 00000000 00000000 00000000 00000000 00000000 0007663 1000000 00000000
00000000 00000000 00000000 00000000 00000000 00000000 00000000 0007c06 1000000 00000000
00000000 00000000 00000000 00000000 00000000 00000000 00000000 00081a9 1000000 00000000
00000000 00000000 00000000 00000000 00000000 00000000 00000000 000874c 1000000 00000000
00000000 00000000 00000000 00000000 00000000 00000000 00000000 0008cef 1000000 00000000
00000000 00000000 00000000 00000000 00000000 00000000 00000000 0009292 1000000 00000000
00000000 00000000 00000000 00000000 00000000 00000000 00000000 0009836 1000000 00000000
00000000 00000000 00000000 00000000 00000000 00000000 00000000 0009dd9 1000000 00000000
00000000 00000000 00000000 00000000 00000000 00000000 00000000 000a37c 1000000 00000000
00000000 00000000 00000000 00000000 00000000 00000000 00000000 000a91f 1000000 00000000
00000000 00000000 00000000 00000000 00000000 00000000 00000000 000aec2 1000000 00000000
00000000 00000000 00000000 00000000 00000000 00000000 00000000 000b466 1000000 00000000
00000000 00000000 00000000 00000000 00000000 00000000 00000000 000ba09 1000000 00000000
00000000 00000000 00000000 00000000 00000000 00000000 00000000 000bfac 1000000 00000000
00000000 00000000 00000000 00000000 00000000 00000000 00000000 000c54f 1000000 00000000
00000000 00000000 00000000 00000000 00000000 00000000 00000000 000caf2 1000000 00000000
00000000 00000000 00000000 00000000 00000000 00000000 00000000 000d096 1000000 00000000
00000000 00000000 00000000 00000000 00000000 00000000 00000000 000d639 1000000 00000000
00000000 00000000 00000000 00000000 00000000 00000000 00000000 000dbdc 1000000 00000000
00000000 00000000 00000000 00000000 00000000 00000000 00000000 000e17f 1000000 00000000
00000000 00000000 00000000 00000000 00000000 00000000 00000000 00005a3 0000000 00000000
00000000 00000000 00000000 00000000 00000000 00000000 00000000 0000b46 0000000 00000000
00000000 00000000 00000000 00000000 00000000 00000000 00000000 00010e9 0000000 00000000
00000000 00000000 00000000 00000000 00000000 00000000 00000000 000168c 0000000 00000000
00000000 00000000 00000000 00000000 00000000 00000000 00000000 0001c2f 0000000 00000000
00000000 00000000 00000000 00000000 00000000 00000000 00000000 00021d3 0000000 00000000
00000000 00000000 00000000 00000000 00000000 00000000 00000000 0002776 0000000 00000000
00000000 00000000 00000000 00000000 00000000 00000000 00000000 0002d19 0000000 00000000
00000000 00000000 00000000 00000000 00000000 00000000 00000000 00032bc 0000000 00000000
00000000 00000000 00000000 00000000 00000000 00000000 00000000 000385f 0000000 00000000
00000000 00000000 00000000 00000000 00000000 00000000 00000000 0003e03 0000000 00000000
00000000 00000000 00000000 00000000 00000000 00000000 00000000 00043a6 0000000 00000000
00000000 00000000 00000000 00000000 00000000 00000000 00000000 0004949 0000000 00000000
00000000 00000000 00000000 00000000 00000000 00000000 00000000 0004eec 0000000 00000000
00000000 00000000 00000000 00000000 00000000 00000000 00000000 000548f 0000000 00000000
00000000 00000000 00000000 00000000 00000000 00000000 00000000 0005a33 0000000 00000000
00000000 00000000 00000000 00000000 00000000 00000000 00000000 0005fd6 0000000 00000000
00000000 00000000 00000000 00000000 00000000 00000000 00000000 0006579 0000000 00000000
00000000 00000000 00000000 00000000 00000000 00000000 00000000 0006b1c 0000000 00000000
00000000 00000000 00000000 00000000 00000000 00000000 00000000 00070bf 0000000 00000000
00000000 00000000 00000000 00000000 00000000 00000000 00000000 0007663 0000000 00000000
00000000 00000000 00000000 00000000 00000000 00000000 00000000 0007c06 0000000 00000000
00000000 00000000 00000000 00000000 00000000 00000000 00000000 00081a9 0000000 00000000
00000000 00000000 00000000 00000000 00000000 00000000 00000000 000874c 0000000 00000000
00000000 00000000 00000000 00000000 00000000 00000000 00000000 0008cef 0000000 00000000
00000000 00000000 00000000 00000000 00000000 00000000 00000000 0009292 0000000 00000000
00000000 00000000 00000000 00000000 00000000 00000000 00000000 0009836 0000000 00000000
00000000 00000000 00000000 00000000 00000000 00000000 00000000 0009dd9 0000000 00000000
00000000 00000000 00000000 00000000 00000000 00000000 00000000 000a37c 0000000 00000000
00000000 00000000 00000000 00000000 00000000 00000000 00000000 000a91f 0000000 00000000
00000000 00000000 00000000 00000000 00000000 00000000 00000000 000aec2 0000000 00000000
00000000 00000000 00000000 00000000 00000000 00000000 00000000 000b466 0000000 00000000
00000000 00000000 00000000 00000000 00000000 00000000 00000000 000ba09 0000000 00000000
00000000 00000000 00000000 00000000 00000000 00000000 00000000 000bfac 0000000 00000000
00000000 00000000 00000000 00000000 00000000 00000000 00000000 000c54f 0000000 00000000
00000000 00000000 00000000 00000000 00000000 00000000 00000000 000caf2 0000000 00000000
00000000 00000000 00000000 00000000 00000000 00000000 00000000 000d096 0000000 00000000
00000000 00000000 00000000 00000000 00000000 00000000 00000000 000d639 0000000 00000000
00000000 00000000 00000000 00000000 00000000 00000000 00000000 000dbdc 0000000 00000000
00000000 00000000 00000000 00000000 00000000 00000000 00000000 000e17f 0000000 00000000
00000000 00000000 00000000 00000000 00000000 00000000 00000000 00005a3 0000000 00000000
00000000 00000000 00000000 00000000 00000000 00000000 00000000 0000b46 0000000 00000000
00000000 00000000 00000000 00000000 00000000 00000000 00000000 00010e9 0000000 00000000
00000000 00000000 00000000 00000000 00000000 00000000 00000000 000168c 0000000 00000000
00000000 00000000 00000000 00000000 00000000 00000000 00000000 0001c2f 0000000 00000000
00000000 00000000 00000000 00000000 00000000 00000000 00000000 00021d3 0000000 00000000
00000000 00000000 00000000 00000000 00000000 00000000 00000000 0002776 0000000 00000000
00000000 00000000 00000000 00000000 00000000 00000000 00000000 0002d19 0000000 00000000
00000000 00000000 00000000 00000000 00000000 00000000 00000000 00032bc 0000000 00000000
00000000 00000000 00000000 00000000 00000000 00000000 00000000 000385f 0000000 00000000
00000000 00000000 00000000 00000000 00000000 00000000 00000000 0003e03 0000000 00000000
00000000 00000000 00000000 00000000 00000000 00000000 00000000 00043a6 0000000 00000000
00000000 00000000 00000000 00000000 00000000 00000000 00000000 0004949 0000000 00000000
00000000 00000000 00000000 00000000 00000000 00000000 00000000 0004eec 0000000 00000000
00000000 00000000 00000000 00000000 00000000 00000000 00000000 000548f 0000000 00000000
00000000 00000000 00000000 00000000 00000000 00000000 00000000 0005a33 0000000 00000000
00000000 00000000 00000000 00000000 00000000 00000000 00000000 0005fd6 0000000 00000000
00000000 00000000 00000000 00000000 00000000 00000000 00000000 0006579 0000000 00000000
00000000 00000000 00000000 00000000 00000000 00000000 00000000 0006b1c 0000000 00000000
00000000 00000000 00000000 00000000 00000000 00000000 00000000 00070bf 0000000 00000000
00000000 00000000 00000000 00000000 00000000 00000000 00000000 0007663 0000000 00000000
00000000 00000000 00000000 00000000 00000000 00000000 00000000 0007c06 0000000 00000000
00000000 00000000 00000000 00000000 00000000 00000000 00000000 00081a9 0000000 00000000
00000000 00000000 00000000 00000000 00000000 00000000 00000000 000874c 0000000 00000000
00000000 00000000 00000000 00000000 00000000 00000000 00000000 0008cef 0000000 00000000
00000000 00000000 00000000 00000000 00000000 00000000 00000000 0009292 0000000 00000000
00000000 00000000 00000000 00000000 00000000 00000000 00000000 0009836 0000000 00000000
00000000 00000000 00000000 00000000 00000000 00000000 00000000 0009dd9 0000000 00000000
00000000 00000000 00000000 00000000 00000000 00000000 00000000 000a37c 0000000 00000000
00000000 00000000 00000000 00000000 00000000 00000000 00000000 000a91f 0000000 00000000
00000000 00000000 00000000 00000000 00000000 00000000 00000000 000aec2 0000000 00000000
00000000 00000000 00000000 00000000 00000000 00000000 00000000 000b466 0000000 00000000
00000000 00000000 00000000 00000000 00000000 00000000 00000000 000ba09 0000000 00000000
00000000 00000000 00000000 00000000 00000000 00000000 00000000 000bfac 0000000 00000000
00000000 00000000 00000000 00000000 00000000 00000000 00000000 000c54f 0000000 00000000
00000000 00000000 00000000 00000000 00000000 00000000 00000000 000caf2 0000000 00000000
00000000 00000000 00000000 00000000 00000000 00000000 00000000 000d096 0000000 00000000
00000000 00000000 00000000 00000000 00000000 00000000 00000000 000d639 0000000 00000000
00000000 00000000 00000000 00000000 00000000 00000000 00000000 000dbdc 0000000 00000000
00000000 00000000 00000000 00000000 00000000 00000000 00000000 000e17f 0000000 00000000
00000000 00000000 00000000 00000000 00000000 00000000 00000000 0082afc 0ffffff 00000000
00000000 00000000 00000000 00000000 00000000 00000000 00000000 01055f9 1000000 00000000
00000000 00000000 00000000 00000000 00000000 00000000 00000000 01880f6 1000000 00000000
00000000 00000000 00000000 00000000 00000000 00000000 00000000 020abf3 1000000 00000000
00000000 00000000 00000000 00000000 00000000 00000000 00000000 028d6f0 1000000 00000000
00000000 00000000 00000000 00000000 00000000 00000000 00000000 03101ec 1000000 00000000
00000000 00000000 00000000 00000000 00000000 00000000 00000000 0392ce9 1000000 00000000
00000000 00000000 00000000 00000000 00000000 00000000 00000000 04157e6 1000000 00000000
00000000 00000000 00000000 00000000 00000000 00000000 00000000 04982e3 1000000 00000000
00000000 00000000 00000000 00000000 00000000 00000000 00000000 051ade0 1000000 00000000
00000000 00000000 00000000 00000000 00000000 00000000 00000000 059d8dc 1000000 00000000
00000000 00000000 00000000 00000000 00000000 00000000 00000000 06203d9 1000000 00000000
00000000 00000000 00000000 00000000 00000000 00000000 00000000 06a2ed6 1000000 00000000
00000000 00000000 00000000 00000000 00000000 00000000 00000000 07259d3 1000000 00000000
00000000 00000000 00000000 00000000 00000000 00000000 00000000 07a84d0 1000000 00000000
00000000 00000000 00000000 00000000 00000000 00000000 00000000 082afcc 1000000 00000000
00000000 00000000 00000000 00000000 00000000 00000000 00000000 08adac9 1000000 00000000
00000000 00000000 00000000 00000000 00000000 00000000 00000000 09305c6 1000000 00000000
00000000 00000000 00000000 00000000 00000000 00000000 00000000 09b30c3 1000000 00000000
00000000 00000000 00000000 00000000 00000000 00000000 00000000 0a35bc0 1000000 00000000
00000000 00000000 00000000 00000000 00000000 00000000 00000000 0ab86bd 1000000 00000000
00000000 00000000 00000000 00000000 00000000 00000000 00000000 0b3b1b9 1000000 00000000
00000000 00000000 00000000 00000000 00000000 00000000 00000000 0bbdcb6 1000000 00000000
00000000 00000000 00000000 00000000 00000000 00000000 00000000 0c407b3 1000000 00000000
00000000 00000000 00000000 00000000 00000000 00000000 00000000 0cc32b0 1000000 00000000
00000000 00000000 00000000 00000000 00000000 00000000 00000000 0d45dad 1000000 00000000
00000000 00000000 00000000 00000000 00000000 00000000 00000000 0dc88a9 1000000 00000000
00000000 00000000 00000000 00000000 00000000 00000000 00000000 0e4b3a6 1000000 00000000
00000000 00000000 00000000 00000000 00000000 00000000 00000000 0ecdea3 1000000 00000000
00000000 00000000 00000000 00000000 00000000 00000000 00000000 0f509a0 1000000 00000000
00000000 00000000 00000000 00000000 00000000 00000000 00000000 0fd349d 1000000 00000000
00000000 00000000 00000000 00000000 00000000 00000000 00000000 0055f99 1000000 00000000
00000000 00000000 00000000 00000000 00000000 00000000 00000000 00d8a96 1000000 00000000
00000000 00000000 00000000 00000000 00000000 00000000 00000000 015b593 1000000 00000000
00000000 00000000 00000000 00000000 00000000 00000000 00000000 01de090 1000000 00000000
00000000 00000000 00000000 00000000 00000000 00000000 00000000 0260b8d 1000000 00000000
00000000 00000000 00000000 00000000 00000000 00000000 00000000 02e368a 1000000 00000000
00000000 00000000 00000000 00000000 00000000 00000000 00000000 0366186 1000000 00000000
00000000 00000000 00000000 00000000 00000000 00000000 00000000 03e8c83 1000000 00000000
00000000 00000000 00000000 00000000 00000000 00000000 00000000 046b780 1000000 00000000
00000000 00000000 00000000 00000000 00000000 00000000 00000000 0082afc 0ffffff 00000000
00000000 00000000 00000000 00000000 00000000 00000000 00000000 01055f9 1000000 00000000
00000000 00000000 00000000 00000000 00000000 00000000 00000000 01880f6 1000000 00000000
00000000 00000000 00000000 00000000 00000000 00000000 00000000 020abf3 1000000 00000000
00000000 00000000 00000000 00000000 00000000 00000000 00000000 028d6f0 1000000 00000000
00000000 00000000 00000000 00000000 00000000 00000000 00000000 03101ec 1000000 00000000
00000000 00000000 00000000 00000000 00000000 00000000 00000000 0392ce9 1000000 00000000
00000000 00000000 00000000 00000000 00000000 00000000 00000000 04157e6 1000000 00000000
00000000 00000000 00000000 00000000 00000000 00000000 00000000 04982e3 1000000 00000000
00000000 00000000 00000000 00000000 00000000 00000000 00000000 051ade0 1000000 00000000
00000000 00000000 00000000 00000000 00000000 00000000 00000000 059d8dc 1000000 00000000
00000000 00000000 00000000 00000000 00000000 00000000 00000000 06203d9 1000000 00000000
00000000 00000000 00000000 00000000 00000000 00000000 00000000 06a2ed6 1000000 00000000
00000000 00000000 00000000 00000000 00000000 00000000 00000000 07259d3 1000000 00000000
00000000 00000000 00000000 00000000 00000000 00000000 00000000 07a84d0 1000000 00000000
00000000 00000000 00000000 00000000 00000000 00000000 00000000 082afcc 1000000 00000000
00000000 00000000 00000000 00000000 00000000 00000000 00000000 08adac9 1000000 00000000
00000000 00000000 00000000 00000000 00000000 00000000 00000000 09305c6 1000000 00000000
00000000 00000000 00000000 00000000 00000000 00000000 00000000 09b30c3 1000000 00000000
00000000 00000000 00000000 00000000 00000000 00000000 00000000 0a35bc0 1000000 00000000
00000000 00000000 00000000 00000000 00000000 00000000 00000000 0ab86bd 1000000 00000000
00000000 00000000 00000000 00000000 00000000 00000000 00000000 0b3b1b9 1000000 00000000
00000000 00000000 00000000 00000000 00000000 00000000 00000000 0bbdcb6 1000000 00000000
00000000 00000000 00000000 00000000 00000000 00000000 00000000 0c407b3 1000000 00000000
00000000 00000000 00000000 00000000 00000000 00000000 00000000 0cc32b0 1000000 00000000
00000000 00000000 00000000 00000000 00000000 00000000 00000000 0d45dad 1000000 00000000
00000000 00000000 00000000 00000000 00000000 00000000 00000000 0dc88a9 1000000 00000000
00000000 00000000 00000000 00000000 00000000 00000000 00000000 0e4b3a6 1000000 00000000
00000000 00000000 00000000 00000000 00000000 00000000 00000000 0ecdea3 1000000 00000000
00000000 00000000 00000000 00000000 00000000 00000000 00000000 0f509a0 1000000 00000000
00000000 00000000 00000000 00000000 00000000 00000000 00000000 0fd349d 1000000 00000000
00000000 00000000 00000000 00000000 00000000 00000000 00000000 0055f99 1000000 00000000
00000000 00000000 00000000 00000000 00000000 00000000 00000000 00d8a96 1000000 00000000
00000000 00000000 00000000 00000000 00000000 00000000 00000000 015b593 1000000 00000000
00000000 00000000 00000000 00000000 00000000 00000000 00000000 01de090 1000000 00000000
00000000 00000000 00000000 00000000 00000000 00000000 00000000 0260b8d 1000000 00000000
00000000 00000000 00000000 00000000 00000000 00000000 00000000 02e368a 1000000 00000000
00000000 00000000 00000000 00000000 00000000 00000000 00000000 0366186 1000000 00000000
00000000 00000000 00000000 00000000 00000000 00000000 00000000 03e8c83 1000000 00000000
00000000 00000000 00000000 00000000 00000000 00000000 00000000 046b780 1000000 00000000
00000000 00000000 00000000 00000000 00000000 00000000 00000000 0082afc 0000000 00000000
00000000 00000000 00000000 00000000 00000000 00000000 00000000 01055f9 0000000 00000000
00000000 00000000 00000000 00000000 00000000 00000000 00000000 01880f6 0000000 00000000
00000000 00000000 00000000 00000000 00000000 00000000 00000000 020abf3 0000000 00000000
00000000 00000000 00000000 00000000 00000000 00000000 00000000 028d6f0 0000000 00000000
00000000 00000000 00000000 00000000 00000000 00000000 00000000 03101ec 0000000 00000000
00000000 00000000 00000000 00000000 00000000 00000000 00000000 0392ce9 0000000 00000000
00000000 00000000 00000000 00000000 00000000 00000000 00000000 04157e6 0000000 00000000
00000000 00000000 00000000 00000000 00000000 00000000 00000000 04982e3 0000000 00000000
00000000 00000000 00000000 00000000 00000000 00000000 00000000 051ade0 0000000 00000000
00000000 00000000 00000000 00000000 00000000 00000000 00000000 059d8dc 0000000 00000000
00000000 00000000 00000000 00000000 00000000 00000000 00000000 06203d9 0000000 00000000
00000000 00000000 00000000 00000000 00000000 00000000 00000000 06a2ed6 0000000 00000000
00000000 00000000 00000000 00000000 00000000 00000000 00000000 07259d3 0000000 00000000
00000000 00000000 00000000 00000000 00000000 00000000 00000000 07a84d0 0000000 00000000
00000000 00000000 00000000 00000000 00000000 00000000 00000000 082afcc 0000000 00000000
00000000 00000000 00000000 00000000 00000000 00000000 00000000 08adac9 0000000 00000000
00000000 00000000 00000000 00000000 00000000 00000000 00000000 09305c6 0000000 00000000
00000000 00000000 00000000 00000000 00000000 00000000 00000000 09b30c3 0000000 00000000
00000000 00000000 00000000 00000000 00000000 00000000 00000000 0a35bc0 0000000 00000000
00000000 00000000 00000000 00000000 00000000 00000000 00000000 0ab86bd 0000000 00000000
00000000 00000000 00000000 00000000 00000000 00000000 00000000 0b3b1b9 0000000 00000000
00000000 00000000 00000000 00000000 00000000 00000000 00000000 0bbdcb6 0000000 00000000
00000000 00000000 00000000 00000000 00000000 00000000 00000000 0c407b3 0000000 00000000
00000000 00000000 00000000 00000000 00000000 00000000 00000000 0cc32b0 0000000 00000000
00000000 00000000 00000000 00000000 00000000 00000000 00000000 0d45dad 0000000 00000000
00000000 00000000 00000000 00000000 00000000 00000000 00000000 0dc88a9 0000000 00000000
00000000 00000000 00000000 00000000 00000000 00000000 00000000 0e4b3a6 0000000 00000000
00000000 00000000 00000000 00000000 00000000 00000000 00000000 0ecdea3 0000000 00000000
00000000 00000000 00000000 00000000 00000000 00000000 00000000 0f509a0 0000000 00000000
00000000 00000000 00000000 00000000 00000000 00000000 00000000 0fd349d 0000000 00000000
00000000 00000000 00000000 00000000 00000000 00000000 00000000 0055f99 0000000 00000000
00000000 00000000 00000000 00000000 00000000 00000000 00000000 00d8a96 0000000 00000000
00000000 00000000 00000000 00000000 00000000 00000000 00000000 015b593 0000000 00000000
00000000 00000000 00000000 00000000 00000000 00000000 00000000 01de090 0000000 00000000
00000000 00000000 00000000 00000000 00000000 00000000 00000000 0260b8d 0000000 00000000
00000000 00000000 00000000 00000000 00000000 00000000 00000000 02e368a 0000000 00000000
00000000 00000000 00000000 00000000 00000000 00000000 00000000 0366186 0000000 00000000
00000000 00000000 00000000 00000000 00000000 00000000 00000000 03e8c83 0000000 00000000
00000000 00000000 00000000 00000000 00000000 00000000 00000000 046b780 0000000 00000000
00000000 00000000 00000000 00000000 00000000 00000000 00000000 0082afc 0000000 00000000
00000000 00000000 00000000 00000000 00000000 00000000 00000000 01055f9 0000000 00000000
00000000 00000000 00000000 00000000 00000000 00000000 00000000 01880f6 0000000 00000000
00000000 00000000 00000000 00000000 00000000 00000000 00000000 020abf3 0000000 00000000
00000000 00000000 00000000 00000000 00000000 00000000 00000000 028d6f0 0000000 00000000
00000000 00000000 00000000 00000000 00000000 00000000 00000000 03101ec 0000000 00000000
00000000 00000000 00000000 00000000 00000000 00000000 00000000 0392ce9 0000000 00000000
00000000 00000000 00000000 00000000 00000000 00000000 00000000 04157e6 0000000 00000000
00000000 00000000 00000000 00000000 00000000 00000000 00000000 04982e3 0000000 00000000
00000000 00000000 00000000 00000000 00000000 00000000 00000000 051ade0 0000000 00000000
00000000 00000000 00000000 00000000 00000000 00000000 00000000 059d8dc 0000000 00000000
00000000 00000000 00000000 00000000 00000000 00000000 00000000 06203d9 0000000 00000000
00000000 00000000 00000000 00000000 00000000 00000000 00000000 06a2ed6 0000000 00000000
00000000 00000000 00000000 00000000 00000000 00000000 00000000 07259d3 0000000 00000000
00000000 00000000 00000000 00000000 00000000 00000000 00000000 07a84d0 0000000 00000000
00000000 00000000 00000000 00000000 00000000 00000000 00000000 082afcc 0000000 00000000
00000000 00000000 00000000 00000000 00000000 00000000 00000000 08adac9 0000000 00000000
00000000 00000000 00000000 00000000 00000000 00000000 00000000 09305c6 0000000 00000000
00000000 00000000 00000000 00000000 00000000 00000000 00000000 09b30c3 0000000 00000000
00000000 00000000 00000000 00000000 00000000 00000000 00000000 0a35bc0 0000000 00000000
00000000 00000000 00000000 00000000 00000000 00000000 00000000 0ab86bd 0000000 00000000
00000000 00000000 00000000 00000000 00000000 00000000 00000000 0b3b1b9 0000000 00000000
00000000 00000000 00000000 00000000 00000000 00000000 00000000 0bbdcb6 0000000 00000000
00000000 00000000 00000000 00000000 00000000 00000000 00000000 0c407b3 0000000 00000000
00000000 00000000 00000000 00000000 00000000 00000000 00000000 0cc32b0 0000000 00000000
00000000 00000000 00000000 00000000 00000000 00000000 00000000 0d45dad 0000000 00000000
00000000 00000000 00000000 00000000 00000000 00000000 00000000 0dc88a9 0000000 00000000
00000000 00000000 00000000 00000000 00000000 00000000 00000000 0e4b3a6 0000000 00000000
00000000 00000000 00000000 00000000 00000000 00000000 00000000 0ecdea3 0000000 00000000
00000000 00000000 00000000 00000000 00000000 00000000 00000000 0f509a0 0000000 00000000
00000000 00000000 00000000 00000000 00000000 00000000 00000000 0fd349d 0000000 00000000
00000000 00000000 00000000 00000000 00000000 00000000 00000000 0055f99 0000000 00000000
00000000 00000000 00000000 00000000 00000000 00000000 00000000 00d8a96 0000000 00000000
00000000 00000000 00000000 00000000 00000000 00000000 00000000 015b593 0000000 00000000
00000000 00000000 00000000 00000000 00000000 00000000 00000000 01de090 0000000 00000000
00000000 00000000 00000000 00000000 00000000 00000000 00000000 0260b8d 0000000 00000000
00000000 00000000 00000000 00000000 00000000 00000000 00000000 02e368a 0000000 00000000
00000000 00000000 00000000 00000000 00000000 00000000 00000000 0366186 0000000 00000000
00000000 00000000 00000000 00000000 00000000 00000000 00000000 03e8c83 0000000 00000000
00000000 00000000 00000000 00000000 00000000 00000000 00000000 046b780 0000000 00000000
00000000 00000000 00000000 00000000 00000000 00000000 00000000 0000000 0ffffff 00000000
00000000 00000000 00000000 00000000 00000000 00000000 00000000 0000000 1000000 00000000
00000000 00000000 00000000 00000000 00000000 00000000 00000000 0000000 1000000 00000000
00000000 00000000 00000000 00000000 00000000 00000000 00000000 0000000 1000000 00000000
00000000 00000000 00000000 00000000 00000000 00000000 00000000 0000000 1000000 00000000
00000000 00000000 00000000 00000000 00000000 00000000 00000000 0000000 1000000 00000000
00000000 00000000 00000000 00000000 00000000 00000000 00000000 0000000 1000000 00000000
00000000 00000000 00000000 00000000 00000000 00000000 00000000 0000000 1000000 00000000
00000000 00000000 00000000 00000000 00000000 00000000 00000000 0000000 1000000 00000000
00000000 00000000 00000000 00000000 00000000 00000000 00000000 0000000 1000000 00000000
00000000 00000000 00000000 00000000 00000000 00000000 00000000 0000000 1000000 00000000
00000000 00000000 00000000 00000000 00000000 00000000 00000000 0000000 1000000 00000000
00000000 00000000 00000000 00000000 00000000 00000000 00000000 0000000 1000000 00000000
00000000 00000000 00000000 00000000 00000000 00000000 00000000 0000000 1000000 00000000
00000000 00000000 00000000 00000000 00000000 00000000 00000000 0000000 1000000 00000000
00000000 00000000 00000000 00000000 00000000 00000000 00000000 0000000 1000000 00000000
00000000 00000000 00000000 00000000 00000000 00000000 00000000 0000000 1000000 00000000
00000000 00000000 00000000 00000000 00000000 00000000 00000000 0000000 1000000 00000000
00000000 00000000 00000000 00000000 00000000 00000000 00000000 0000000 1000000 00000000
00000000 00000000 00000000 00000000 00000000 00000000 00000000 0000000 1000000 00000000
00000000 00000000 00000000 00000000 00000000 00000000 00000000 0000000 1000000 00000000
00000000 00000000 00000000 00000000 00000000 00000000 00000000 0000000 1000000 00000000
00000000 00000000 00000000 00000000 00000000 00000000 00000000 0000000 1000000 00000000
00000000 00000000 00000000 00000000 00000000 00000000 00000000 0000000 1000000 00000000
00000000 00000000 00000000 00000000 00000000 00000000 00000000 0000000 1000000 00000000
00000000 00000000 00000000 00000000 00000000 00000000 00000000 0000000 1000000 00000000
00000000 00000000 00000000 00000000 00000000 00000000 00000000 0000000 1000000 00000000
00000000 00000000 00000000 00000000 00000000 00000000 00000000 0000000 1000000 00000000
00000000 00000000 00000000 00000000 00000000 00000000 00000000 0000000 1000000 00000000
00000000 00000000 00000000 00000000 00000000 00000000 00000000 0000000 1000000 00000000
00000000 00000000 00000000 00000000 00000000 00000000 00000000 0000000 1000000 00000000
00000000 00000000 00000000 00000000 00000000 00000000 00000000 0000000 1000000 00000000
00000000 00000000 00000000 00000000 00000000 00000000 00000000 0000000 1000000 00000000
00000000 00000000 00000000 00000000 00000000 00000000 00000000 0000000 1000000 00000000
00000000 00000000 00000000 00000000 00000000 00000000 00000000 0000000 1000000 00000000
00000000 00000000 00000000 00000000 00000000 00000000 00000000 0000000 1000000 00000000
00000000 00000000 00000000 00000000 00000000 00000000 00000000 0000000 1000000 00000000
00000000 00000000 00000000 00000000 00000000 00000000 00000000 0000000 1000000 00000000
00000000 00000000 00000000 00000000 00000000 00000000 00000000 0000000 1000000 00000000
00000000 00000000 00000000 00000000 00000000 00000000 00000000 0000000 1000000 00000000
00000000 00000000 00000000 00000000 00000000 00000000 00000000 0000000 0ffffff 00000000
00000000 00000000 00000000 00000000 00000000 00000000 00000000 0000000 1000000 00000000
00000000 00000000 00000000 00000000 00000000 00000000 00000000 0000000 1000000 00000000
00000000 00000000 00000000 00000000 00000000 00000000 00000000 0000000 1000000 00000000
00000000 00000000 00000000 00000000 00000000 00000000 00000000 0000000 1000000 00000000
00000000 00000000 00000000 00000000 00000000 00000000 00000000 0000000 1000000 00000000
00000000 00000000 00000000 00000000 00000000 00000000 00000000 0000000 1000000 00000000
00000000 00000000 00000000 00000000 00000000 00000000 00000000 0000000 1000000 00000000
00000000 00000000 00000000 00000000 00000000 00000000 00000000 0000000 1000000 00000000
00000000 00000000 00000000 00000000 00000000 00000000 00000000 0000000 1000000 00000000
00000000 00000000 00000000 00000000 00000000 00000000 00000000 0000000 1000000 00000000
00000000 00000000 00000000 00000000 00000000 00000000 00000000 0000000 1000000 00000000
00000000 00000000 00000000 00000000 00000000 00000000 00000000 0000000 1000000 00000000
00000000 00000000 00000000 00000000 00000000 00000000 00000000 0000000 1000000 00000000
00000000 00000000 00000000 00000000 00000000 00000000 00000000 0000000 1000000 00000000
00000000 00000000 00000000 00000000 00000000 00000000 00000000 0000000 1000000 00000000
00000000 00000000 00000000 00000000 00000000 00000000 00000000 0000000 1000000 00000000
00000000 00000000 00000000 00000000 00000000 00000000 00000000 0000000 1000000 00000000
00000000 00000000 00000000 00000000 00000000 00000000 00000000 0000000 1000000 00000000
00000000 00000000 00000000 00000000 00000000 00000000 00000000 0000000 1000000 00000000
00000000 00000000 00000000 00000000 00000000 00000000 00000000 0000000 1000000 00000000
00000000 00000000 00000000 00000000 00000000 00000000 00000000 0000000 1000000 00000000
00000000 00000000 00000000 00000000 00000000 00000000 00000000 0000000 1000000 00000000
00000000 00000000 00000000 00000000 00000000 00000000 00000000 0000000 1000000 00000000
00000000 00000000 00000000 00000000 00000000 00000000 00000000 0000000 1000000 00000000
00000000 00000000 00000000 00000000 00000000 00000000 00000000 0000000 1000000 00000000
00000000 00000000 00000000 00000000 00000000 00000000 00000000 0000000 1000000 00000000
00000000 00000000 00000000 00000000 00000000 00000000 00000000 0000000 1000000 00000000
00000000 00000000 00000000 00000000 00000000 00000000 00000000 0000000 1000000 00000000
00000000 00000000 00000000 00000000 00000000 00000000 00000000 0000000 1000000 00000000
00000000 00000000 00000000 00000000 00000000 00000000 00000000 0000000 1000000 00000000
00000000 00000000 00000000 00000000 00000000 00000000 00000000 0000000 1000000 00000000
00000000 00000000 00000000 00000000 00000000 00000000 00000000 0000000 1000000 00000000
00000000 00000000 00000000 00000000 00000000 00000000 00000000 0000000 1000000 00000000
00000000 00000000 00000000 00000000 00000000 00000000 00000000 0000000 1000000 00000000
00000000 00000000 00000000 00000000 00000000 00000000 00000000 0000000 1000000 00000000
00000000 00000000 00000000 00000000 00000000 00000000 00000000 0000000 1000000 00000000
00000000 00000000 00000000 00000000 00000000 00000000 00000000 0000000 1000000 00000000
00000000 00000000 00000000 00000000 00000000 00000000 00000000 0000000 1000000 00000000
00000000 00000000 00000000 00000000 00000000 00000000 00000000 0000000 1000000 00000000
00000000 00000000 00000000 00000000 00000000 00000000 00000000 0000000 0000000 00000000
00000000 00000000 00000000 00000000 00000000 00000000 00000000 0000000 0000000 00000000
00000000 00000000 00000000 00000000 00000000 00000000 00000000 0000000 0000000 00000000
00000000 00000000 00000000 00000000 00000000 00000000 00000000 0000000 0000000 00000000
00000000 00000000 00000000 00000000 00000000 00000000 00000000 0000000 0000000 00000000
00000000 00000000 00000000 00000000 00000000 00000000 00000000 0000000 0000000 00000000
00000000 00000000 00000000 00000000 00000000 00000000 00000000 0000000 0000000 00000000
00000000 00000000 00000000 00000000 00000000 00000000 00000000 0000000 0000000 00000000
00000000 00000000 00000000 00000000 00000000 00000000 00000000 0000000 0000000 00000000
00000000 00000000 00000000 00000000 00000000 00000000 00000000 0000000 0000000 00000000
00000000 00000000 00000000 00000000 00000000 00000000 00000000 0000000 0000000 00000000
00000000 00000000 00000000 00000000 00000000 00000000 00000000 0000000 0000000 00000000
00000000 00000000 00000000 00000000 00000000 00000000 00000000 0000000 0000000 00000000
00000000 00000000 00000000 00000000 00000000 00000000 00000000 0000000 0000000 00000000
00000000 00000000 00000000 00000000 00000000 00000000 00000000 0000000 0000000 00000000
00000000 00000000 00000000 00000000 00000000 00000000 00000000 0000000 0000000 00000000
00000000 00000000 00000000 00000000 00000000 00000000 00000000 0000000 0000000 00000000
00000000 00000000 00000000 00000000 00000000 00000000 00000000 0000000 0000000 00000000
00000000 00000000 00000000 00000000 00000000 00000000 00000000 0000000 0000000 00000000
00000000 00000000 00000000 00000000 00000000 00000000 00000000 0000000 0000000 00000000
00000000 00000000 00000000 00000000 00000000 00000000 00000000 0000000 0000000 00000000
00000000 00000000 00000000 00000000 00000000 00000000 00000000 0000000 0000000 00000000
00000000 00000000 00000000 00000000 00000000 00000000 00000000 0000000 0000000 00000000
00000000 00000000 00000000 00000000 00000000 00000000 00000000 0000000 0000000 00000000
00000000 00000000 00000000 00000000 00000000 00000000 00000000 0000000 0000000 00000000
00000000 00000000 00000000 00000000 00000000 00000000 00000000 0000000 0000000 00000000
00000000 00000000 00000000 00000000 00000000 00000000 00000000 0000000 0000000 00000000
00000000 00000000 00000000 00000000 00000000 00000000 00000000 0000000 0000000 00000000
00000000 00000000 00000000 00000000 00000000 00000000 00000000 0000000 0000000 00000000
00000000 00000000 00000000 00000000 00000000 00000000 00000000 0000000 0000000 00000000
00000000 00000000 00000000 00000000 00000000 00000000 00000000 0000000 0000000 00000000
00000000 00000000 00000000 00000000 00000000 00000000 00000000 0000000 0000000 00000000
00000000 00000000 00000000 00000000 00000000 00000000 00000000 0000000 0000000 00000000
00000000 00000000 00000000 00000000 00000000 00000000 00000000 0000000 0000000 00000000
00000000 00000000 00000000 00000000 00000000 00000000 00000000 0000000 0000000 00000000
00000000 00000000 00000000 00000000 00000000 00000000 00000000 0000000 0000000 00000000
00000000 00000000 00000000 00000000 00000000 00000000 00000000 0000000 0000000 00000000
00000000 00000000 00000000 00000000 00000000 00000000 00000000 0000000 0000000 00000000
00000000 00000000 00000000 00000000 00000000 00000000 00000000 0000000 0000000 00000000
00000000 00000000 00000000 00000000 00000000 00000000 00000000 0000000 0000000 00000000
00000000 00000000 00000000 00000000 00000000 00000000 00000000 0000000 0000000 00000000
00000000 00000000 00000000 00000000 00000000 00000000 00000000 0000000 0000000 00000000
00000000 00000000 00000000 00000000 00000000 00000000 00000000 0000000 0000000 00000000
00000000 00000000 00000000 00000000 00000000 00000000 00000000 0000000 0000000 00000000
00000000 00000000 00000000 00000000 00000000 00000000 00000000 0000000 0000000 00000000
00000000 00000000 00000000 00000000 00000000 00000000 00000000 0000000 0000000 00000000
00000000 00000000 00000000 00000000 00000000 00000000 00000000 0000000 0000000 00000000
00000000 00000000 00000000 00000000 00000000 00000000 00000000 0000000 0000000 00000000
00000000 00000000 00000000 00000000 00000000 00000000 00000000 0000000 0000000 00000000
00000000 00000000 00000000 00000000 00000000 00000000 00000000 0000000 0000000 00000000
00000000 00000000 00000000 00000000 00000000 00000000 00000000 0000000 0000000 00000000
00000000 00000000 00000000 00000000 00000000 00000000 00000000 0000000 0000000 00000000
00000000 00000000 00000000 00000000 00000000 00000000 00000000 0000000 0000000 00000000
00000000 00000000 00000000 00000000 00000000 00000000 00000000 0000000 0000000 00000000
00000000 00000000 00000000 00000000 00000000 00000000 00000000 0000000 0000000 00000000
00000000 00000000 00000000 00000000 00000000 00000000 00000000 0000000 0000000 00000000
00000000 00000000 00000000 00000000 00000000 00000000 00000000 0000000 0000000 00000000
00000000 00000000 00000000 00000000 00000000 00000000 00000000 0000000 0000000 00000000
00000000 00000000 00000000 00000000 00000000 00000000 00000000 0000000 0000000 00000000
00000000 00000000 00000000 00000000 00000000 00000000 00000000 0000000 0000000 00000000
00000000 00000000 00000000 00000000 00000000 00000000 00000000 0000000 0000000 00000000
00000000 00000000 00000000 00000000 00000000 00000000 00000000 0000000 0000000 00000000
00000000 00000000 00000000 00000000 00000000 00000000 00000000 0000000 0000000 00000000
00000000 00000000 00000000 00000000 00000000 00000000 00000000 0000000 0000000 00000000
00000000 00000000 00000000 00000000 00000000 00000000 00000000 0000000 0000000 00000000
00000000 00000000 00000000 00000000 00000000 00000000 00000000 0000000 0000000 00000000
00000000 00000000 00000000 00000000 00000000 00000000 00000000 0000000 0000000 00000000
00000000 00000000 00000000 00000000 00000000 00000000 00000000 0000000 0000000 00000000
00000000 00000000 00000000 00000000 00000000 00000000 00000000 0000000 0000000 00000000
00000000 00000000 00000000 00000000 00000000 00000000 00000000 0000000 0000000 00000000
00000000 00000000 00000000 00000000 00000000 00000000 00000000 0000000 0000000 00000000
00000000 00000000 00000000 00000000 00000000 00000000 00000000 0000000 0000000 00000000
00000000 00000000 00000000 00000000 00000000 00000000 00000000 0000000 0000000 00000000
00000000 00000000 00000000 00000000 00000000 00000000 00000000 0000000 0000000 00000000
00000000 00000000 00000000 00000000 00000000 00000000 00000000 0000000 0000000 00000000
00000000 00000000 00000000 00000000 00000000 00000000 00000000 0000000 0000000 00000000
00000000 00000000 00000000 00000000 00000000 00000000 00000000 0000000 0000000 00000000
00000000 00000000 00000000 00000000 00000000 00000000 00000000 0000000 0000000 00000000
00000000 00000000 00000000 00000000 00000000 00000000 00000000 0000000 0000000 00000000
00000000 00000000 00000000 00000000 00000000 00000000 00000000 0000000 0000000 00000000
00000000 00000000 00000000 00000000 00000000 00000000 00000000 0000000 0ffffff 00000000
00000000 00000000 00000000 00000000 00000000 00000000 00000000 0000000 1000000 00000000
00000000 00000000 00000000 00000000 00000000 00000000 00000000 0000000 1000000 00000000
00000000 00000000 00000000 00000000 00000000 00000000 00000000 0000000 1000000 00000000
00000000 00000000 00000000 00000000 00000000 00000000 00000000 0000000 1000000 00000000
00000000 00000000 00000000 00000000 00000000 00000000 00000000 0000000 1000000 00000000
00000000 00000000 00000000 00000000 00000000 00000000 00000000 0000000 1000000 00000000
00000000 00000000 00000000 00000000 00000000 00000000 00000000 0000000 1000000 00000000
00000000 00000000 00000000 00000000 00000000 00000000 00000000 0000000 1000000 00000000
00000000 00000000 00000000 00000000 00000000 00000000 00000000 0000000 1000000 00000000
00000000 00000000 00000000 00000000 00000000 00000000 00000000 0000000 1000000 00000000
00000000 00000000 00000000 00000000 00000000 00000000 00000000 0000000 1000000 00000000
00000000 00000000 00000000 00000000 00000000 00000000 00000000 0000000 1000000 00000000
00000000 00000000 00000000 00000000 00000000 00000000 00000000 0000000 1000000 00000000
00000000 00000000 00000000 00000000 00000000 00000000 00000000 0000000 1000000 00000000
00000000 00000000 00000000 00000000 00000000 00000000 00000000 1000000 1000000 00000000
00000000 00000000 00000000 00000000 00000000 00000000 00000000 1000000 1000000 00000000
00000000 00000000 00000000 00000000 00000000 00000000 00000000 1000000 1000000 00000000
00000000 00000000 00000000 00000000 00000000 00000000 00000000 1000000 1000000 00000000
00000000 00000000 00000000 00000000 00000000 00000000 00000000 1000000 1000000 00000000
00000000 00000000 00000000 00000000 00000000 00000000 00000000 1000000 1000000 00000000
00000000 00000000 00000000 00000000 00000000 00000000 00000000 1000000 1000000 00000000
00000000 00000000 00000000 00000000 00000000 00000000 00000000 1000000 1000000 00000000
00000000 00000000 00000000 00000000 00000000 00000000 00000000 1000000 1000000 00000000
00000000 00000000 00000000 00000000 00000000 00000000 00000000 1000000 1000000 00000000
00000000 00000000 00000000 00000000 00000000 00000000 00000000 1000000 1000000 00000000
00000000 00000000 00000000 00000000 00000000 00000000 00000000 1000000 1000000 00000000
00000000 00000000 00000000 00000000 00000000 00000000 00000000 1000000 1000000 00000000
00000000 00000000 00000000 00000000 00000000 00000000 00000000 1000000 1000000 00000000
00000000 00000000 00000000 00000000 00000000 00000000 00000000 1000000 1000000 00000000
00000000 00000000 00000000 00000000 00000000 00000000 00000000 1000000 1000000 00000000
00000000 00000000 00000000 00000000 00000000 00000000 00000000 0000000 1000000 00000000
00000000 00000000 00000000 00000000 00000000 00000000 00000000 0000000 1000000 00000000
00000000 00000000 00000000 00000000 00000000 00000000 00000000 0000000 1000000 00000000
00000000 00000000 00000000 00000000 00000000 00000000 00000000 0000000 1000000 00000000
00000000 00000000 00000000 00000000 00000000 00000000 00000000 0000000 1000000 00000000
00000000 00000000 00000000 00000000 00000000 00000000 00000000 0000000 1000000 00000000
00000000 00000000 00000000 00000000 00000000 00000000 00000000 0000000 1000000 00000000
00000000 00000000 00000000 00000000 00000000 00000000 00000000 0000000 1000000 00000000
00000000 00000000 00000000 00000000 00000000 00000000 00000000 0000000 1000000 00000000
00000000 00000000 00000000 00000000 00000000 00000000 00000000 0000000 0ffffff 00000000
00000000 00000000 00000000 00000000 00000000 00000000 00000000 0000000 1000000 00000000
00000000 00000000 00000000 00000000 00000000 00000000 00000000 0000000 1000000 00000000
00000000 00000000 00000000 00000000 00000000 00000000 00000000 0000000 1000000 00000000
00000000 00000000 00000000 00000000 00000000 00000000 00000000 0000000 1000000 00000000
00000000 00000000 00000000 00000000 00000000 00000000 00000000 0000000 1000000 00000000
00000000 00000000 00000000 00000000 00000000 00000000 00000000 0000000 1000000 00000000
00000000 00000000 00000000 00000000 00000000 00000000 00000000 0000000 1000000 00000000
00000000 00000000 00000000 00000000 00000000 00000000 00000000 0000000 1000000 00000000
00000000 00000000 00000000 00000000 00000000 00000000 00000000 0000000 1000000 00000000
00000000 00000000 00000000 00000000 00000000 00000000 00000000 0000000 1000000 00000000
00000000 00000000 00000000 00000000 00000000 00000000 00000000 0000000 1000000 00000000
00000000 00000000 00000000 00000000 00000000 00000000 00000000 0000000 1000000 00000000
00000000 00000000 00000000 00000000 00000000 00000000 00000000 0000000 1000000 00000000
00000000 00000000 00000000 00000000 00000000 00000000 00000000 0000000 1000000 00000000
00000000 00000000 00000000 00000000 00000000 00000000 00000000 1000000 1000000 00000000
00000000 00000000 00000000 00000000 00000000 00000000 00000000 1000000 1000000 00000000
00000000 00000000 00000000 00000000 00000000 00000000 00000000 1000000 1000000 00000000
00000000 00000000 00000000 00000000 00000000 00000000 00000000 1000000 1000000 00000000
00000000 00000000 00000000 00000000 00000000 00000000 00000000 1000000 1000000 00000000
00000000 00000000 00000000 00000000 00000000 00000000 00000000 1000000 1000000 00000000
00000000 00000000 00000000 00000000 00000000 00000000 00000000 1000000 1000000 00000000
00000000 00000000 00000000 00000000 00000000 00000000 00000000 1000000 1000000 00000000
00000000 00000000 00000000 00000000 00000000 00000000 00000000 1000000 1000000 00000000
00000000 00000000 00000000 00000000 00000000 00000000 00000000 1000000 1000000 00000000
00000000 00000000 00000000 00000000 00000000 00000000 00000000 1000000 1000000 00000000
00000000 00000000 00000000 00000000 00000000 00000000 00000000 1000000 1000000 00000000
00000000 00000000 00000000 00000000 00000000 00000000 00000000 1000000 1000000 00000000
00000000 00000000 00000000 00000000 00000000 00000000 00000000 1000000 1000000 00000000
00000000 00000000 00000000 00000000 00000000 00000000 00000000 1000000 1000000 00000000
00000000 00000000 00000000 00000000 00000000 00000000 00000000 1000000 1000000 00000000
00000000 00000000 00000000 00000000 00000000 00000000 00000000 0000000 1000000 00000000
00000000 00000000 00000000 00000000 00000000 00000000 00000000 0000000 1000000 00000000
00000000 00000000 00000000 00000000 00000000 00000000 00000000 0000000 1000000 00000000
00000000 00000000 00000000 00000000 00000000 00000000 00000000 0000000 1000000 00000000
00000000 00000000 00000000 00000000 00000000 00000000 00000000 0000000 1000000 00000000
00000000 00000000 00000000 00000000 00000000 00000000 00000000 0000000 1000000 00000000
00000000 00000000 00000000 00000000 00000000 00000000 00000000 0000000 1000000 00000000
00000000 00000000 00000000 00000000 00000000 00000000 00000000 0000000 1000000 00000000
00000000 00000000 00000000 00000000 00000000 00000000 00000000 0000000 1000000 00000000
00000000 00000000 00000000 00000000 00000000 00000000 00000000 0000000 0000000 00000000
00000000 00000000 00000000 00000000 00000000 00000000 00000000 0000000 0000000 00000000
00000000 00000000 00000000 00000000 00000000 00000000 00000000 0000000 0000000 00000000
00000000 00000000 00000000 00000000 00000000 00000000 00000000 0000000 0000000 00000000
00000000 00000000 00000000 00000000 00000000 00000000 00000000 0000000 0000000 00000000
00000000 00000000 00000000 00000000 00000000 00000000 00000000 0000000 0000000 00000000
00000000 00000000 00000000 00000000 00000000 00000000 00000000 0000000 0000000 00000000
00000000 00000000 00000000 00000000 00000000 00000000 00000000 0000000 0000000 00000000
00000000 00000000 00000000 00000000 00000000 00000000 00000000 0000000 0000000 00000000
00000000 00000000 00000000 00000000 00000000 00000000 00000000 0000000 0000000 00000000
00000000 00000000 00000000 00000000 00000000 00000000 00000000 0000000 0000000 00000000
00000000 00000000 00000000 00000000 00000000 00000000 00000000 0000000 0000000 00000000
00000000 00000000 00000000 00000000 00000000 00000000 00000000 0000000 0000000 00000000
00000000 00000000 00000000 00000000 00000000 00000000 00000000 0000000 0000000 00000000
00000000 00000000 00000000 00000000 00000000 00000000 00000000 0000000 0000000 00000000
00000000 00000000 00000000 00000000 00000000 00000000 00000000 1000000 0000000 00000000
00000000 00000000 00000000 00000000 00000000 00000000 00000000 1000000 0000000 00000000
00000000 00000000 00000000 00000000 00000000 00000000 00000000 1000000 0000000 00000000
00000000 00000000 00000000 00000000 00000000 00000000 00000000 1000000 0000000 00000000
00000000 00000000 00000000 00000000 00000000 00000000 00000000 1000000 0000000 00000000
00000000 00000000 00000000 00000000 00000000 00000000 00000000 1000000 0000000 00000000
00000000 00000000 00000000 00000000 00000000 00000000 00000000 1000000 0000000 00000000
00000000 00000000 00000000 00000000 00000000 00000000 00000000 1000000 0000000 00000000
00000000 00000000 00000000 00000000 00000000 00000000 00000000 1000000 0000000 00000000
00000000 00000000 00000000 00000000 00000000 00000000 00000000 1000000 0000000 00000000
00000000 00000000 00000000 00000000 00000000 00000000 00000000 1000000 0000000 00000000
00000000 00000000 00000000 00000000 00000000 00000000 00000000 1000000 0000000 00000000
00000000 00000000 00000000 00000000 00000000 00000000 00000000 1000000 0000000 00000000
00000000 00000000 00000000 00000000 00000000 00000000 00000000 1000000 0000000 00000000
00000000 00000000 00000000 00000000 00000000 00000000 00000000 1000000 0000000 00000000
00000000 00000000 00000000 00000000 00000000 00000000 00000000 1000000 0000000 00000000
00000000 00000000 00000000 00000000 00000000 00000000 00000000 0000000 0000000 00000000
00000000 00000000 00000000 00000000 00000000 00000000 00000000 0000000 0000000 00000000
00000000 00000000 00000000 00000000 00000000 00000000 00000000 0000000 0000000 00000000
00000000 00000000 00000000 00000000 00000000 00000000 00000000 0000000 0000000 00000000
00000000 00000000 00000000 00000000 00000000 00000000 00000000 0000000 0000000 00000000
00000000 00000000 00000000 00000000 00000000 00000000 00000000 0000000 0000000 00000000
00000000 00000000 00000000 00000000 00000000 00000000 00000000 0000000 0000000 00000000
00000000 00000000 00000000 00000000 00000000 00000000 00000000 0000000 0000000 00000000
00000000 00000000 00000000 00000000 00000000 00000000 00000000 0000000 0000000 00000000
00000000 00000000 00000000 00000000 00000000 00000000 00000000 0000000 0000000 00000000
00000000 00000000 00000000 00000000 00000000 00000000 00000000 0000000 0000000 00000000
00000000 00000000 00000000 00000000 00000000 00000000 00000000 0000000 0000000 00000000
00000000 00000000 00000000 00000000 00000000 00000000 00000000 0000000 0000000 00000000
00000000 00000000 00000000 00000000 00000000 00000000 00000000 0000000 0000000 00000000
00000000 00000000 00000000 00000000 00000000 00000000 00000000 0000000 0000000 00000000
00000000 00000000 00000000 00000000 00000000 00000000 00000000 0000000 0000000 00000000
00000000 00000000 00000000 00000000 00000000 00000000 00000000 0000000 0000000 00000000
00000000 00000000 00000000 00000000 00000000 00000000 00000000 0000000 0000000 00000000
00000000 00000000 00000000 00000000 00000000 00000000 00000000 0000000 0000000 00000000
00000000 00000000 00000000 00000000 00000000 00000000 00000000 0000000 0000000 00000000
00000000 00000000 00000000 00000000 00000000 00000000 00000000 0000000 0000000 00000000
00000000 00000000 00000000 00000000 00000000 00000000 00000000 0000000 0000000 00000000
00000000 00000000 00000000 00000000 00000000 00000000 00000000 0000000 0000000 00000000
00000000 00000000 00000000 00000000 00000000 00000000 00000000 0000000 0000000 00000000
00000000 00000000 00000000 00000000 00000000 00000000 00000000 1000000 0000000 00000000
00000000 00000000 00000000 00000000 00000000 00000000 00000000 1000000 0000000 00000000
00000000 00000000 00000000 00000000 00000000 00000000 00000000 1000000 0000000 00000000
00000000 00000000 00000000 00000000 00000000 00000000 00000000 1000000 0000000 00000000
00000000 00000000 00000000 00000000 00000000 00000000 00000000 1000000 0000000 00000000
00000000 00000000 00000000 00000000 00000000 00000000 00000000 1000000 0000000 00000000
00000000 00000000 00000000 00000000 00000000 00000000 00000000 1000000 0000000 00000000
00000000 00000000 00000000 00000000 00000000 00000000 00000000 1000000 0000000 00000000
00000000 00000000 00000000 00000000 00000000 00000000 00000000 1000000 0000000 00000000
00000000 00000000 00000000 00000000 00000000 00000000 00000000 1000000 0000000 00000000
00000000 00000000 00000000 00000000 00000000 00000000 00000000 1000000 0000000 00000000
00000000 00000000 00000000 00000000 00000000 00000000 00000000 1000000 0000000 00000000
00000000 00000000 00000000 00000000 00000000 00000000 00000000 1000000 0000000 00000000
00000000 00000000 00000000 00000000 00000000 00000000 00000000 1000000 0000000 00000000
00000000 00000000 00000000 00000000 00000000 00000000 00000000 1000000 0000000 00000000
00000000 00000000 00000000 00000000 00000000 00000000 00000000 1000000 0000000 00000000
00000000 00000000 00000000 00000000 00000000 00000000 00000000 0000000 0000000 00000000
00000000 00000000 00000000 00000000 00000000 00000000 00000000 0000000 0000000 00000000
00000000 00000000 00000000 00000000 00000000 00000000 00000000 0000000 0000000 00000000
00000000 00000000 00000000 00000000 00000000 00000000 00000000 0000000 0000000 00000000
00000000 00000000 00000000 00000000 00000000 00000000 00000000 0000000 0000000 00000000
00000000 00000000 00000000 00000000 00000000 00000000 00000000 0000000 0000000 00000000
00000000 00000000 00000000 00000000 00000000 00000000 00000000 0000000 0000000 00000000
00000000 00000000 00000000 00000000 00000000 00000000 00000000 0000000 0000000 00000000
00000000 00000000 00000000 00000000 00000000 00000000 00000000 0000000 0000000 00000000
00000000 00000000 00000000 00000000 00000000 00000000 00000000 07fee4a 0ffffff 00000000
00000000 00000000 00000000 00000000 00000000 00000000 00000000 07fdc95 1000000 00000000
00000000 00000000 00000000 00000000 00000000 00000000 00000000 07fcae0 1000000 00000000
00000000 00000000 00000000 00000000 00000000 00000000 00000000 07fb92a 1000000 00000000
00000000 00000000 00000000 00000000 00000000 00000000 00000000 07fa775 1000000 00000000
00000000 00000000 00000000 00000000 00000000 00000000 00000000 07f95bd 1000000 00000000
00000000 00000000 00000000 00000000 00000000 00000000 00000000 07f8407 1000000 00000000
00000000 00000000 00000000 00000000 00000000 00000000 00000000 07f7252 1000000 00000000
00000000 00000000 00000000 00000000 00000000 00000000 00000000 07f609d 1000000 00000000
00000000 00000000 00000000 00000000 00000000 00000000 00000000 07f4ee7 1000000 00000000
00000000 00000000 00000000 00000000 00000000 00000000 00000000 07f3d2f 1000000 00000000
00000000 00000000 00000000 00000000 00000000 00000000 00000000 07f2b7a 1000000 00000000
00000000 00000000 00000000 00000000 00000000 00000000 00000000 07f19c5 1000000 00000000
00000000 00000000 00000000 00000000 00000000 00000000 00000000 07f0810 1000000 00000000
00000000 00000000 00000000 00000000 00000000 00000000 00000000 07ef65b 1000000 00000000
00000000 00000000 00000000 00000000 00000000 00000000 00000000 07ee4a2 1000000 00000000
00000000 00000000 00000000 00000000 00000000 00000000 00000000 07ed2ed 1000000 00000000
00000000 00000000 00000000 00000000 00000000 00000000 00000000 07ec138 1000000 00000000
00000000 00000000 00000000 00000000 00000000 00000000 00000000 07eaf83 1000000 00000000
00000000 00000000 00000000 00000000 00000000 00000000 00000000 07e9dce 1000000 00000000
00000000 00000000 00000000 00000000 00000000 00000000 00000000 07e8c16 1000000 00000000
00000000 00000000 00000000 00000000 00000000 00000000 00000000 07e7a60 1000000 00000000
00000000 00000000 00000000 00000000 00000000 00000000 00000000 07e68ab 1000000 00000000
00000000 00000000 00000000 00000000 00000000 00000000 00000000 07e56f7 1000000 00000000
00000000 00000000 00000000 00000000 00000000 00000000 00000000 07e4542 1000000 00000000
00000000 00000000 00000000 00000000 00000000 00000000 00000000 07e338d 1000000 00000000
00000000 00000000 00000000 00000000 00000000 00000000 00000000 07e21d5 1000000 00000000
00000000 00000000 00000000 00000000 00000000 00000000 00000000 07e1020 1000000 00000000
00000000 00000000 00000000 00000000 00000000 00000000 00000000 07dfe6c 1000000 00000000
00000000 00000000 00000000 00000000 00000000 00000000 00000000 07decb7 1000000 00000000
00000000 00000000 00000000 00000000 00000000 00000000 00000000 07ddb02 1000000 00000000
00000000 00000000 00000000 00000000 00000000 00000000 00000000 07dc94a 1000000 00000000
00000000 00000000 00000000 00000000 00000000 00000000 00000000 07db795 1000000 00000000
00000000 00000000 00000000 00000000 00000000 00000000 00000000 07da5e0 1000000 00000000
00000000 00000000 00000000 00000000 00000000 00000000 00000000 07d942c 1000000 00000000
00000000 00000000 00000000 00000000 00000000 00000000 00000000 07d8278 1000000 00000000
00000000 00000000 00000000 00000000 00000000 00000000 00000000 07d70c0 1000000 00000000
00000000 00000000 00000000 00000000 00000000 00000000 00000000 07d5f0c 1000000 00000000
00000000 00000000 00000000 00000000 00000000 00000000 00000000 07d4d58 1000000 00000000
00000000 00000000 00000000 00000000 00000000 00000000 00000000 07d3ba4 1000000 00000000
00000000 00000000 00000000 00000000 00000000 00000000 00000000 07fee4a 0ffffff 00000000
00000000 00000000 00000000 00000000 00000000 00000000 00000000 07fdc95 1000000 00000000
00000000 00000000 00000000 00000000 00000000 00000000 00000000 07fcae0 1000000 00000000
00000000 00000000 00000000 00000000 00000000 00000000 00000000 07fb92a 1000000 00000000
00000000 00000000 00000000 00000000 00000000 00000000 00000000 07fa775 1000000 00000000
00000000 00000000 00000000 00000000 00000000 00000000 00000000 07f95bd 1000000 00000000
00000000 00000000 00000000 00000000 00000000 00000000 00000000 07f8407 1000000 00000000
00000000 00000000 00000000 00000000 00000000 00000000 00000000 07f7252 1000000 00000000
00000000 00000000 00000000 00000000 00000000 00000000 00000000 07f609d 1000000 00000000
00000000 00000000 00000000 00000000 00000000 00000000 00000000 07f4ee7 1000000 00000000
00000000 00000000 00000000 00000000 00000000 00000000 00000000 07f3d2f 1000000 00000000
00000000 00000000 00000000 00000000 00000000 00000000 00000000 07f2b7a 1000000 00000000
00000000 00000000 00000000 00000000 00000000 00000000 00000000 07f19c5 1000000 00000000
00000000 00000000 00000000 00000000 00000000 00000000 00000000 07f0810 1000000 00000000
00000000 00000000 00000000 00000000 00000000 00000000 00000000 07ef65b 1000000 00000000
00000000 00000000 00000000 00000000 00000000 00000000 00000000 07ee4a2 1000000 00000000
00000000 00000000 00000000 00000000 00000000 00000000 00000000 07ed2ed 1000000 00000000
00000000 00000000 00000000 00000000 00000000 00000000 00000000 07ec138 1000000 00000000
00000000 00000000 00000000 00000000 00000000 00000000 00000000 07eaf83 1000000 00000000
00000000 00000000 00000000 00000000 00000000 00000000 00000000 07e9dce 1000000 00000000
00000000 00000000 00000000 00000000 00000000 00000000 00000000 07e8c16 1000000 00000000
00000000 00000000 00000000 00000000 00000000 00000000 00000000 07e7a60 1000000 00000000
00000000 00000000 00000000 00000000 00000000 00000000 00000000 07e68ab 1000000 00000000
00000000 00000000 00000000 00000000 00000000 00000000 00000000 07e56f7 1000000 00000000
00000000 00000000 00000000 00000000 00000000 00000000 00000000 07e4542 1000000 00000000
00000000 00000000 00000000 00000000 00000000 00000000 00000000 07e338d 1000000 00000000
00000000 00000000 00000000 00000000 00000000 00000000 00000000 07e21d5 1000000 00000000
00000000 00000000 00000000 00000000 00000000 00000000 00000000 07e1020 1000000 00000000
00000000 00000000 00000000 00000000 00000000 00000000 00000000 07dfe6c 1000000 00000000
00000000 00000000 00000000 00000000 00000000 00000000 00000000 07decb7 1000000 00000000
00000000 00000000 00000000 00000000 00000000 00000000 00000000 07ddb02 1000000 00000000
00000000 00000000 00000000 00000000 00000000 00000000 00000000 07dc94a 1000000 00000000
00000000 00000000 00000000 00000000 00000000 00000000 00000000 07db795 1000000 00000000
00000000 00000000 00000000 00000000 00000000 00000000 00000000 07da5e0 1000000 00000000
00000000 00000000 00000000 00000000 00000000 00000000 00000000 07d942c 1000000 00000000
00000000 00000000 00000000 00000000 00000000 00000000 00000000 07d8278 1000000 00000000
00000000 00000000 00000000 00000000 00000000 00000000 00000000 07d70c0 1000000 00000000
00000000 00000000 00000000 00000000 00000000 00000000 00000000 07d5f0c 1000000 00000000
00000000 00000000 00000000 00000000 00000000 00000000 00000000 07d4d58 1000000 00000000
00000000 00000000 00000000 00000000 00000000 00000000 00000000 07d3ba4 1000000 00000000
00000000 00000000 00000000 00000000 00000000 00000000 00000000 07fee4a 0000000 00000000
00000000 00000000 00000000 00000000 00000000 00000000 00000000 07fdc95 0000000 00000000
00000000 00000000 00000000 00000000 00000000 00000000 00000000 07fcae0 0000000 00000000
00000000 00000000 00000000 00000000 00000000 00000000 00000000 07fb92a 0000000 00000000
00000000 00000000 00000000 00000000 00000000 00000000 00000000 07fa775 0000000 00000000
00000000 00000000 00000000 00000000 00000000 00000000 00000000 07f95bd 0000000 00000000
00000000 00000000 00000000 00000000 00000000 00000000 00000000 07f8407 0000000 00000000
00000000 00000000 00000000 00000000 00000000 00000000 00000000 07f7252 0000000 00000000
00000000 00000000 00000000 00000000 00000000 00000000 00000000 07f609d 0000000 00000000
00000000 00000000 00000000 00000000 00000000 00000000 00000000 07f4ee7 0000000 00000000
00000000 00000000 00000000 00000000 00000000 00000000 00000000 07f3d2f 0000000 00000000
00000000 00000000 00000000 00000000 00000000 00000000 00000000 07f2b7a 0000000 00000000
00000000 00000000 00000000 00000000 00000000 00000000 00000000 07f19c5 0000000 00000000
00000000 00000000 00000000 00000000 00000000 00000000 00000000 07f0810 0000000 00000000
00000000 00000000 00000000 00000000 00000000 00000000 00000000 07ef65b 0000000 00000000
00000000 00000000 00000000 00000000 00000000 00000000 00000000 07ee4a2 0000000 00000000
00000000 00000000 00000000 00000000 00000000 00000000 00000000 07ed2ed 0000000 00000000
00000000 00000000 00000000 00000000 00000000 00000000 00000000 07ec138 0000000 00000000
00000000 00000000 00000000 00000000 00000000 00000000 00000000 07eaf83 0000000 00000000
00000000 00000000 00000000 00000000 00000000 00000000 00000000 07e9dce 0000000 00000000
00000000 00000000 00000000 00000000 00000000 00000000 00000000 07e8c16 0000000 00000000
00000000 00000000 00000000 00000000 00000000 00000000 00000000 07e7a60 0000000 00000000
00000000 00000000 00000000 00000000 00000000 00000000 00000000 07e68ab 0000000 00000000
00000000 00000000 00000000 00000000 00000000 00000000 00000000 07e56f7 0000000 00000000
00000000 00000000 00000000 00000000 00000000 00000000 00000000 07e4542 0000000 00000000
00000000 00000000 00000000 00000000 00000000 00000000 00000000 07e338d 0000000 00000000
00000000 00000000 00000000 00000000 00000000 00000000 00000000 07e21d5 0000000 00000000
00000000 00000000 00000000 00000000 00000000 00000000 00000000 07e1020 0000000 00000000
00000000 00000000 00000000 00000000 00000000 00000000 00000000 07dfe6c 0000000 00000000
00000000 00000000 00000000 00000000 00000000 00000000 00000000 07decb7 0000000 00000000
00000000 00000000 00000000 00000000 00000000 00000000 00000000 07ddb02 0000000 00000000
00000000 00000000 00000000 00000000 00000000 00000000 00000000 07dc94a 0000000 00000000
00000000 00000000 00000000 00000000 00000000 00000000 00000000 07db795 0000000 00000000
00000000 00000000 00000000 00000000 00000000 00000000 00000000 07da5e0 0000000 00000000
00000000 00000000 00000000 00000000 00000000 00000000 00000000 07d942c 0000000 00000000
00000000 00000000 00000000 00000000 00000000 00000000 00000000 07d8278 0000000 00000000
00000000 00000000 00000000 00000000 00000000 00000000 00000000 07d70c0 0000000 00000000
00000000 00000000 00000000 00000000 00000000 00000000 00000000 07d5f0c 0000000 00000000
00000000 00000000 00000000 00000000 00000000 00000000 00000000 07d4d58 0000000 00000000
00000000 00000000 00000000 00000000 00000000 00000000 00000000 07d3ba4 0000000 00000000
00000000 00000000 00000000 00000000 00000000 00000000 00000000 07fee4a 0000000 00000000
00000000 00000000 00000000 00000000 00000000 00000000 00000000 07fdc95 0000000 00000000
00000000 00000000 00000000 00000000 00000000 00000000 00000000 07fcae0 0000000 00000000
00000000 00000000 00000000 00000000 00000000 00000000 00000000 07fb92a 0000000 00000000
00000000 00000000 00000000 00000000 00000000 00000000 00000000 07fa775 0000000 00000000
00000000 00000000 00000000 00000000 00000000 00000000 00000000 07f95bd 0000000 00000000
00000000 00000000 00000000 00000000 00000000 00000000 00000000 07f8407 0000000 00000000
00000000 00000000 00000000 00000000 00000000 00000000 00000000 07f7252 0000000 00000000
00000000 00000000 00000000 00000000 00000000 00000000 00000000 07f609d 0000000 00000000
00000000 00000000 00000000 00000000 00000000 00000000 00000000 07f4ee7 0000000 00000000
00000000 00000000 00000000 00000000 00000000 00000000 00000000 07f3d2f 0000000 00000000
00000000 00000000 00000000 00000000 00000000 00000000 00000000 07f2b7a 0000000 00000000
00000000 00000000 00000000 00000000 00000000 00000000 00000000 07f19c5 0000000 00000000
00000000 00000000 00000000 00000000 00000000 00000000 00000000 07f0810 0000000 00000000
00000000 00000000 00000000 00000000 00000000 00000000 00000000 07ef65b 0000000 00000000
00000000 00000000 00000000 00000000 00000000 00000000 00000000 07ee4a2 0000000 00000000
00000000 00000000 00000000 00000000 00000000 00000000 00000000 07ed2ed 0000000 00000000
00000000 00000000 00000000 00000000 00000000 00000000 00000000 07ec138 0000000 00000000
00000000 00000000 00000000 00000000 00000000 00000000 00000000 07eaf83 0000000 00000000
00000000 00000000 00000000 00000000 00000000 00000000 00000000 07e9dce 0000000 00000000
00000000 00000000 00000000 00000000 00000000 00000000 00000000 07e8c16 0000000 00000000
00000000 00000000 00000000 00000000 00000000 00000000 00000000 07e7a60 0000000 00000000
00000000 00000000 00000000 00000000 00000000 00000000 00000000 07e68ab 0000000 00000000
00000000 00000000 00000000 00000000 00000000 00000000 00000000 07e56f7 0000000 00000000
00000000 00000000 00000000 00000000 00000000 00000000 00000000 07e4542 0000000 00000000
00000000 00000000 00000000 00000000 00000000 00000000 00000000 07e338d 0000000 00000000
00000000 00000000 00000000 00000000 00000000 00000000 00000000 07e21d5 0000000 00000000
00000000 00000000 00000000 00000000 00000000 00000000 00000000 07e1020 0000000 00000000
00000000 00000000 00000000 00000000 00000000 00000000 00000000 07dfe6c 0000000 00000000
00000000 00000000 00000000 00000000 00000000 00000000 00000000 07decb7 0000000 00000000
00000000 00000000 00000000 00000000 00000000 00000000 00000000 07ddb02 0000000 00000000
00000000 00000000 00000000 00000000 00000000 00000000 00000000 07dc94a 0000000 00000000
00000000 00000000 00000000 00000000 00000000 00000000 00000000 07db795 0000000 00000000
00000000 00000000 00000000 00000000 00000000 00000000 00000000 07da5e0 0000000 00000000
00000000 00000000 00000000 00000000 00000000 00000000 00000000 07d942c 0000000 00000000
00000000 00000000 00000000 00000000 00000000 00000000 00000000 07d8278 0000000 00000000
00000000 00000000 00000000 00000000 00000000 00000000 00000000 07d70c0 0000000 00000000
00000000 00000000 00000000 00000000 00000000 00000000 00000000 07d5f0c 0000000 00000000
00000000 00000000 00000000 00000000 00000000 00000000 00000000 07d4d58 0000000 00000000
00000000 00000000 00000000 00000000 00000000 00000000 00000000 07d3ba4 0000000 00000000
00000000 00000000 00000000 00000000 00000000 00000000 00000000 06682ea 0ffffff 00000000
00000000 00000000 00000000 00000000 00000000 00000000 00000000 04e0b2e 1000000 00000000
00000000 00000000 00000000 00000000 00000000 00000000 00000000 037939d 1000000 00000000
00000000 00000000 00000000 00000000 00000000 00000000 00000000 02402cf 1000000 00000000
00000000 00000000 00000000 00000000 00000000 00000000 00000000 0142130 1000000 00000000
00000000 00000000 00000000 00000000 00000000 00000000 00000000 0089189 1000000 00000000
00000000 00000000 00000000 00000000 00000000 00000000 00000000 001caba 1000000 00000000
00000000 00000000 00000000 00000000 00000000 00000000 00000000 00011f4 1000000 00000000
00000000 00000000 00000000 00000000 00000000 00000000 00000000 00378d3 1000000 00000000
00000000 00000000 00000000 00000000 00000000 00000000 00000000 00bdccd 1000000 00000000
00000000 00000000 00000000 00000000 00000000 00000000 00000000 018e78c 1000000 00000000
00000000 00000000 00000000 00000000 00000000 00000000 00000000 02a1356 1000000 00000000
00000000 00000000 00000000 00000000 00000000 00000000 00000000 03eb051 1000000 00000000
00000000 00000000 00000000 00000000 00000000 00000000 00000000 055eaf2 1000000 00000000
00000000 00000000 00000000 00000000 00000000 00000000 00000000 06ed50c 1000000 00000000
00000000 00000000 00000000 00000000 00000000 00000000 00000000 0886f34 1000000 00000000
00000000 00000000 00000000 00000000 00000000 00000000 00000000 0a1b2de 1000000 00000000
00000000 00000000 00000000 00000000 00000000 00000000 00000000 0b99d0a 1000000 00000000
00000000 00000000 00000000 00000000 00000000 00000000 00000000 0cf3862 1000000 00000000
00000000 00000000 00000000 00000000 00000000 00000000 00000000 0e1a769 1000000 00000000
00000000 00000000 00000000 00000000 00000000 00000000 00000000 0f02d37 1000000 00000000
00000000 00000000 00000000 00000000 00000000 00000000 00000000 0fa34a6 1000000 00000000
00000000 00000000 00000000 00000000 00000000 00000000 00000000 0ff5701 1000000 00000000
00000000 00000000 00000000 00000000 00000000 00000000 00000000 0ff5fc4 1000000 00000000
00000000 00000000 00000000 00000000 00000000 00000000 00000000 0fa4e53 1000000 00000000
00000000 00000000 00000000 00000000 00000000 00000000 00000000 0f056c4 1000000 00000000
00000000 00000000 00000000 00000000 00000000 00000000 00000000 0e1df6b 1000000 00000000
00000000 00000000 00000000 00000000 00000000 00000000 00000000 0cf7c67 1000000 00000000
00000000 00000000 00000000 00000000 00000000 00000000 00000000 0b9ea57 1000000 00000000
00000000 00000000 00000000 00000000 00000000 00000000 00000000 0a20679 1000000 00000000
00000000 00000000 00000000 00000000 00000000 00000000 00000000 088c5af 1000000 00000000
00000000 00000000 00000000 00000000 00000000 00000000 00000000 06f2af8 1000000 00000000
00000000 00000000 00000000 00000000 00000000 00000000 00000000 0563cd1 1000000 00000000
00000000 00000000 00000000 00000000 00000000 00000000 00000000 03efae6 1000000 00000000
00000000 00000000 00000000 00000000 00000000 00000000 00000000 02a53bc 1000000 00000000
00000000 00000000 00000000 00000000 00000000 00000000 00000000 0191af8 1000000 00000000
00000000 00000000 00000000 00000000 00000000 00000000 00000000 00c014c 1000000 00000000
00000000 00000000 00000000 00000000 00000000 00000000 00000000 0038d1c 1000000 00000000
00000000 00000000 00000000 00000000 00000000 00000000 00000000 00014e0 1000000 00000000
00000000 00000000 00000000 00000000 00000000 00000000 00000000 001bc55 1000000 00000000
00000000 00000000 00000000 00000000 00000000 00000000 00000000 06682ea 0ffffff 00000000
00000000 00000000 00000000 00000000 00000000 00000000 00000000 04e0b2e 1000000 00000000
00000000 00000000 00000000 00000000 00000000 00000000 00000000 037939d 1000000 00000000
00000000 00000000 00000000 00000000 00000000 00000000 00000000 02402cf 1000000 00000000
00000000 00000000 00000000 00000000 00000000 00000000 00000000 0142130 1000000 00000000
00000000 00000000 00000000 00000000 00000000 00000000 00000000 0089189 1000000 00000000
00000000 00000000 00000000 00000000 00000000 00000000 00000000 001caba 1000000 00000000
00000000 00000000 00000000 00000000 00000000 00000000 00000000 00011f4 1000000 00000000
00000000 00000000 00000000 00000000 00000000 00000000 00000000 00378d3 1000000 00000000
00000000 00000000 00000000 00000000 00000000 00000000 00000000 00bdccd 1000000 00000000
00000000 00000000 00000000 00000000 00000000 00000000 00000000 018e78c 1000000 00000000
00000000 00000000 00000000 00000000 00000000 00000000 00000000 02a1356 1000000 00000000
00000000 00000000 00000000 00000000 00000000 00000000 00000000 03eb051 1000000 00000000
00000000 00000000 00000000 00000000 00000000 00000000 00000000 055eaf2 1000000 00000000
00000000 00000000 00000000 00000000 00000000 00000000 00000000 06ed50c 1000000 00000000
00000000 00000000 00000000 00000000 00000000 00000000 00000000 0886f34 1000000 00000000
00000000 00000000 00000000 00000000 00000000 00000000 00000000 0a1b2de 1000000 00000000
00000000 00000000 00000000 00000000 00000000 00000000 00000000 0b99d0a 1000000 00000000
00000000 00000000 00000000 00000000 00000000 00000000 00000000 0cf3862 1000000 00000000
00000000 00000000 00000000 00000000 00000000 00000000 00000000 0e1a769 1000000 00000000
00000000 00000000 00000000 00000000 00000000 00000000 00000000 0f02d37 1000000 00000000
00000000 00000000 00000000 00000000 00000000 00000000 00000000 0fa34a6 1000000 00000000
00000000 00000000 00000000 00000000 00000000 00000000 00000000 0ff5701 1000000 00000000
00000000 00000000 00000000 00000000 00000000 00000000 00000000 0ff5fc4 1000000 00000000
00000000 00000000 00000000 00000000 00000000 00000000 00000000 0fa4e53 1000000 00000000
00000000 00000000 00000000 00000000 00000000 00000000 00000000 0f056c4 1000000 00000000
00000000 00000000 00000000 00000000 00000000 00000000 00000000 0e1df6b 1000000 00000000
00000000 00000000 00000000 00000000 00000000 00000000 00000000 0cf7c67 1000000 00000000
00000000 00000000 00000000 00000000 00000000 00000000 00000000 0b9ea57 1000000 00000000
00000000 00000000 00000000 00000000 00000000 00000000 00000000 0a20679 1000000 00000000
00000000 00000000 00000000 00000000 00000000 00000000 00000000 088c5af 1000000 00000000
00000000 00000000 00000000 00000000 00000000 00000000 00000000 06f2af8 1000000 00000000
00000000 00000000 00000000 00000000 00000000 00000000 00000000 0563cd1 1000000 00000000
00000000 00000000 00000000 00000000 00000000 00000000 00000000 03efae6 1000000 00000000
00000000 00000000 00000000 00000000 00000000 00000000 00000000 02a53bc 1000000 00000000
00000000 00000000 00000000 00000000 00000000 00000000 00000000 0191af8 1000000 00000000
00000000 00000000 00000000 00000000 00000000 00000000 00000000 00c014c 1000000 00000000
00000000 00000000 00000000 00000000 00000000 00000000 00000000 0038d1c 1000000 00000000
00000000 00000000 00000000 00000000 00000000 00000000 00000000 00014e0 1000000 00000000
00000000 00000000 00000000 00000000 00000000 00000000 00000000 001bc55 1000000 00000000
00000000 00000000 00000000 00000000 00000000 00000000 00000000 06682ea 0000000 00000000
00000000 00000000 00000000 00000000 00000000 00000000 00000000 04e0b2e 0000000 00000000
00000000 00000000 00000000 00000000 00000000 00000000 00000000 037939d 0000000 00000000
00000000 00000000 00000000 00000000 00000000 00000000 00000000 02402cf 0000000 00000000
00000000 00000000 00000000 00000000 00000000 00000000 00000000 0142130 0000000 00000000
00000000 00000000 00000000 00000000 00000000 00000000 00000000 0089189 0000000 00000000
00000000 00000000 00000000 00000000 00000000 00000000 00000000 001caba 0000000 00000000
00000000 00000000 00000000 00000000 00000000 00000000 00000000 00011f4 0000000 00000000
00000000 00000000 00000000 00000000 00000000 00000000 00000000 00378d3 0000000 00000000
00000000 00000000 00000000 00000000 00000000 00000000 00000000 00bdccd 0000000 00000000
00000000 00000000 00000000 00000000 00000000 00000000 00000000 018e78c 0000000 00000000
00000000 00000000 00000000 00000000 00000000 00000000 00000000 02a1356 0000000 00000000
00000000 00000000 00000000 00000000 00000000 00000000 00000000 03eb051 0000000 00000000
00000000 00000000 00000000 00000000 00000000 00000000 00000000 055eaf2 0000000 00000000
00000000 00000000 00000000 00000000 00000000 00000000 00000000 06ed50c 0000000 00000000
00000000 00000000 00000000 00000000 00000000 00000000 00000000 0886f34 0000000 00000000
00000000 00000000 00000000 00000000 00000000 00000000 00000000 0a1b2de 0000000 00000000
00000000 00000000 00000000 00000000 00000000 00000000 00000000 0b99d0a 0000000 00000000
00000000 00000000 00000000 00000000 00000000 00000000 00000000 0cf3862 0000000 00000000
00000000 00000000 00000000 00000000 00000000 00000000 00000000 0e1a769 0000000 00000000
00000000 00000000 00000000 00000000 00000000 00000000 00000000 0f02d37 0000000 00000000
00000000 00000000 00000000 00000000 00000000 00000000 00000000 0fa34a6 0000000 00000000
00000000 00000000 00000000 00000000 00000000 00000000 00000000 0ff5701 0000000 00000000
00000000 00000000 00000000 00000000 00000000 00000000 00000000 0ff5fc4 0000000 00000000
00000000 00000000 00000000 00000000 00000000 00000000 00000000 0fa4e53 0000000 00000000
00000000 00000000 00000000 00000000 00000000 00000000 00000000 0f056c4 0000000 00000000
00000000 00000000 00000000 00000000 00000000 00000000 00000000 0e1df6b 0000000 00000000
00000000 00000000 00000000 00000000 00000000 00000000 00000000 0cf7c67 0000000 00000000
00000000 00000000 00000000 00000000 00000000 00000000 00000000 0b9ea57 0000000 00000000
00000000 00000000 00000000 00000000 00000000 00000000 00000000 0a20679 0000000 00000000
00000000 00000000 00000000 00000000 00000000 00000000 00000000 088c5af 0000000 00000000
00000000 00000000 00000000 00000000 00000000 00000000 00000000 06f2af8 0000000 00000000
00000000 00000000 00000000 00000000 00000000 00000000 00000000 0563cd1 0000000 00000000
00000000 00000000 00000000 00000000 00000000 00000000 00000000 03efae6 0000000 00000000
00000000 00000000 00000000 00000000 00000000 00000000 00000000 02a53bc 0000000 00000000
00000000 00000000 00000000 00000000 00000000 00000000 00000000 0191af8 0000000 00000000
00000000 00000000 00000000 00000000 00000000 00000000 00000000 00c014c 0000000 00000000
00000000 00000000 00000000 00000000 00000000 00000000 00000000 0038d1c 0000000 00000000
00000000 00000000 00000000 00000000 00000000 00000000 00000000 00014e0 0000000 00000000
00000000 00000000 00000000 00000000 00000000 00000000 00000000 001bc55 0000000 00000000
00000000 00000000 00000000 00000000 00000000 00000000 00000000 06682ea 0000000 00000000
00000000 00000000 00000000 00000000 00000000 00000000 00000000 04e0b2e 0000000 00000000
00000000 00000000 00000000 00000000 00000000 00000000 00000000 037939d 0000000 00000000
00000000 00000000 00000000 00000000 00000000 00000000 00000000 02402cf 0000000 00000000
00000000 00000000 00000000 00000000 00000000 00000000 00000000 0142130 0000000 00000000
00000000 00000000 00000000 00000000 00000000 00000000 00000000 0089189 0000000 00000000
00000000 00000000 00000000 00000000 00000000 00000000 00000000 001caba 0000000 00000000
00000000 00000000 00000000 00000000 00000000 00000000 00000000 00011f4 0000000 00000000
00000000 00000000 00000000 00000000 00000000 00000000 00000000 00378d3 0000000 00000000
00000000 00000000 00000000 00000000 00000000 00000000 00000000 00bdccd 0000000 00000000
00000000 00000000 00000000 00000000 00000000 00000000 00000000 018e78c 0000000 00000000
00000000 00000000 00000000 00000000 00000000 00000000 00000000 02a1356 0000000 00000000
00000000 00000000 00000000 00000000 00000000 00000000 00000000 03eb051 0000000 00000000
00000000 00000000 00000000 00000000 00000000 00000000 00000000 055eaf2 0000000 00000000
00000000 00000000 00000000 00000000 00000000 00000000 00000000 06ed50c 0000000 00000000
00000000 00000000 00000000 00000000 00000000 00000000 00000000 0886f34 0000000 00000000
00000000 00000000 00000000 00000000 00000000 00000000 00000000 0a1b2de 0000000 00000000
00000000 00000000 00000000 00000000 00000000 00000000 00000000 0b99d0a 0000000 00000000
00000000 00000000 00000000 00000000 00000000 00000000 00000000 0cf3862 0000000 00000000
00000000 00000000 00000000 00000000 00000000 00000000 00000000 0e1a769 0000000 00000000
00000000 00000000 00000000 00000000 00000000 00000000 00000000 0f02d37 0000000 00000000
00000000 00000000 00000000 00000000 00000000 00000000 00000000 0fa34a6 0000000 00000000
00000000 00000000 00000000 00000000 00000000 00000000 00000000 0ff5701 0000000 00000000
00000000 00000000 00000000 00000000 00000000 00000000 00000000 0ff5fc4 0000000 00000000
00000000 00000000 00000000 00000000 00000000 00000000 00000000 0fa4e53 0000000 00000000
00000000 00000000 00000000 00000000 00000000 00000000 00000000 0f056c4 0000000 00000000
00000000 00000000 00000000 00000000 00000000 00000000 00000000 0e1df6b 0000000 00000000
00000000 00000000 00000000 00000000 00000000 00000000 00000000 0cf7c67 0000000 00000000
00000000 00000000 00000000 00000000 00000000 00000000 00000000 0b9ea57 0000000 00000000
00000000 00000000 00000000 00000000 00000000 00000000 00000000 0a20679 0000000 00000000
00000000 00000000 00000000 00000000 00000000 00000000 00000000 088c5af 0000000 00000000
00000000 00000000 00000000 00000000 00000000 00000000 00000000 06f2af8 0000000 00000000
00000000 00000000 00000000 00000000 00000000 00000000 00000000 0563cd1 0000000 00000000
00000000 00000000 00000000 00000000 00000000 00000000 00000000 03efae6 0000000 00000000
00000000 00000000 00000000 00000000 00000000 00000000 00000000 02a53bc 0000000 00000000
00000000 00000000 00000000 00000000 00000000 00000000 00000000 0191af8 0000000 00000000
00000000 00000000 00000000 00000000 00000000 00000000 00000000 00c014c 0000000 00000000
00000000 00000000 00000000 00000000 00000000 00000000 00000000 0038d1c 0000000 00000000
00000000 00000000 00000000 00000000 00000000 00000000 00000000 00014e0 0000000 00000000
00000000 00000000 00000000 00000000 00000000 00000000 00000000 001bc55 0000000 00000000
00000000 00000000 00000000 00000000 00000000 00000000 00000000 0810000 0ffffff 00000000
00000000 00000000 00000000 00000000 00000000 00000000 00000000 0810000 1000000 00000000
00000000 00000000 00000000 00000000 00000000 00000000 00000000 0810000 1000000 00000000
00000000 00000000 00000000 00000000 00000000 00000000 00000000 0810000 1000000 00000000
00000000 00000000 00000000 00000000 00000000 00000000 00000000 0810000 1000000 00000000
00000000 00000000 00000000 00000000 00000000 00000000 00000000 0810000 1000000 00000000
00000000 00000000 00000000 00000000 00000000 00000000 00000000 0810000 1000000 00000000
00000000 00000000 00000000 00000000 00000000 00000000 00000000 0810000 1000000 00000000
00000000 00000000 00000000 00000000 00000000 00000000 00000000 0810000 1000000 00000000
00000000 00000000 00000000 00000000 00000000 00000000 00000000 0810000 1000000 00000000
00000000 00000000 00000000 00000000 00000000 00000000 00000000 0810000 1000000 00000000
00000000 00000000 00000000 00000000 00000000 00000000 00000000 0810000 1000000 00000000
00000000 00000000 00000000 00000000 00000000 00000000 00000000 0810000 1000000 00000000
00000000 00000000 00000000 00000000 00000000 00000000 00000000 0810000 1000000 00000000
00000000 00000000 00000000 00000000 00000000 00000000 00000000 0810000 1000000 00000000
00000000 00000000 00000000 00000000 00000000 00000000 00000000 0810000 1000000 00000000
00000000 00000000 00000000 00000000 00000000 00000000 00000000 0810000 1000000 00000000
00000000 00000000 00000000 00000000 00000000 00000000 00000000 0810000 1000000 00000000
00000000 00000000 00000000 00000000 00000000 00000000 00000000 0810000 1000000 00000000
00000000 00000000 00000000 00000000 00000000 00000000 00000000 0810000 1000000 00000000
00000000 00000000 00000000 00000000 00000000 00000000 00000000 0810000 1000000 00000000
00000000 00000000 00000000 00000000 00000000 00000000 00000000 0810000 1000000 00000000
00000000 00000000 00000000 00000000 00000000 00000000 00000000 0810000 1000000 00000000
00000000 00000000 00000000 00000000 00000000 00000000 00000000 0810000 1000000 00000000
00000000 00000000 00000000 00000000 00000000 00000000 00000000 0810000 1000000 00000000
00000000 00000000 00000000 00000000 00000000 00000000 00000000 0810000 1000000 00000000
00000000 00000000 00000000 00000000 00000000 00000000 00000000 0810000 1000000 00000000
00000000 00000000 00000000 00000000 00000000 00000000 00000000 0810000 1000000 00000000
00000000 00000000 00000000 00000000 00000000 00000000 00000000 0810000 1000000 00000000
00000000 00000000 00000000 00000000 00000000 00000000 00000000 0810000 1000000 00000000
00000000 00000000 00000000 00000000 00000000 00000000 00000000 0810000 1000000 00000000
00000000 00000000 00000000 00000000 00000000 00000000 00000000 0810000 1000000 00000000
00000000 00000000 00000000 00000000 00000000 00000000 00000000 0810000 1000000 00000000
00000000 00000000 00000000 00000000 00000000 00000000 00000000 0810000 1000000 00000000
00000000 00000000 00000000 00000000 00000000 00000000 00000000 0810000 1000000 00000000
00000000 00000000 00000000 00000000 00000000 00000000 00000000 0810000 1000000 00000000
00000000 00000000 00000000 00000000 00000000 00000000 00000000 0810000 1000000 00000000
00000000 00000000 00000000 00000000 00000000 00000000 00000000 0810000 1000000 00000000
00000000 00000000 00000000 00000000 00000000 00000000 00000000 0810000 1000000 00000000
00000000 00000000 00000000 00000000 00000000 00000000 00000000 0810000 1000000 00000000
00000000 00000000 00000000 00000000 00000000 00000000 00000000 0810000 0ffffff 00000000
00000000 00000000 00000000 00000000 00000000 00000000 00000000 0810000 1000000 00000000
00000000 00000000 00000000 00000000 00000000 00000000 00000000 0810000 1000000 00000000
00000000 00000000 00000000 00000000 00000000 00000000 00000000 0810000 1000000 00000000
00000000 00000000 00000000 00000000 00000000 00000000 00000000 0810000 1000000 00000000
00000000 00000000 00000000 00000000 00000000 00000000 00000000 0810000 1000000 00000000
00000000 00000000 00000000 00000000 00000000 00000000 00000000 0810000 1000000 00000000
00000000 00000000 00000000 00000000 00000000 00000000 00000000 0810000 1000000 00000000
00000000 00000000 00000000 00000000 00000000 00000000 00000000 0810000 1000000 00000000
00000000 00000000 00000000 00000000 00000000 00000000 00000000 0810000 1000000 00000000
00000000 00000000 00000000 00000000 00000000 00000000 00000000 0810000 1000000 00000000
00000000 00000000 00000000 00000000 00000000 00000000 00000000 0810000 1000000 00000000
00000000 00000000 00000000 00000000 00000000 00000000 00000000 0810000 1000000 00000000
00000000 00000000 00000000 00000000 00000000 00000000 00000000 0810000 1000000 00000000
00000000 00000000 00000000 00000000 00000000 00000000 00000000 0810000 1000000 00000000
00000000 00000000 00000000 00000000 00000000 00000000 00000000 0810000 1000000 00000000
00000000 00000000 00000000 00000000 00000000 00000000 00000000 0810000 1000000 00000000
00000000 00000000 00000000 00000000 00000000 00000000 00000000 0810000 1000000 00000000
00000000 00000000 00000000 00000000 00000000 00000000 00000000 0810000 1000000 00000000
00000000 00000000 00000000 00000000 00000000 00000000 00000000 0810000 1000000 00000000
00000000 00000000 00000000 00000000 00000000 00000000 00000000 0810000 1000000 00000000
00000000 00000000 00000000 00000000 00000000 00000000 00000000 0810000 1000000 00000000
00000000 00000000 00000000 00000000 00000000 00000000 00000000 0810000 1000000 00000000
00000000 00000000 00000000 00000000 00000000 00000000 00000000 0810000 1000000 00000000
00000000 00000000 00000000 00000000 00000000 00000000 00000000 0810000 1000000 00000000
00000000 00000000 00000000 00000000 00000000 00000000 00000000 0810000 1000000 00000000
00000000 00000000 00000000 00000000 00000000 00000000 00000000 0810000 1000000 00000000
00000000 00000000 00000000 00000000 00000000 00000000 00000000 0810000 1000000 00000000
00000000 00000000 00000000 00000000 00000000 00000000 00000000 0810000 1000000 00000000
00000000 00000000 00000000 00000000 00000000 00000000 00000000 0810000 1000000 00000000
00000000 00000000 00000000 00000000 00000000 00000000 00000000 0810000 1000000 00000000
00000000 00000000 00000000 00000000 00000000 00000000 00000000 0810000 1000000 00000000
00000000 00000000 00000000 00000000 00000000 00000000 00000000 0810000 1000000 00000000
00000000 00000000 00000000 00000000 00000000 00000000 00000000 0810000 1000000 00000000
00000000 00000000 00000000 00000000 00000000 00000000 00000000 0810000 1000000 00000000
00000000 00000000 00000000 00000000 00000000 00000000 00000000 0810000 1000000 00000000
00000000 00000000 00000000 00000000 00000000 00000000 00000000 0810000 1000000 00000000
00000000 00000000 00000000 00000000 00000000 00000000 00000000 0810000 1000000 00000000
00000000 00000000 00000000 00000000 00000000 00000000 00000000 0810000 1000000 00000000
00000000 00000000 00000000 00000000 00000000 00000000 00000000 0810000 1000000 00000000
00000000 00000000 00000000 00000000 00000000 00000000 00000000 0810000 0000000 00000000
00000000 00000000 00000000 00000000 00000000 00000000 00000000 0810000 0000000 00000000
00000000 00000000 00000000 00000000 00000000 00000000 00000000 0810000 0000000 00000000
00000000 00000000 00000000 00000000 00000000 00000000 00000000 0810000 0000000 00000000
00000000 00000000 00000000 00000000 00000000 00000000 00000000 0810000 0000000 00000000
00000000 00000000 00000000 00000000 00000000 00000000 00000000 0810000 0000000 00000000
00000000 00000000 00000000 00000000 00000000 00000000 00000000 0810000 0000000 00000000
00000000 00000000 00000000 00000000 00000000 00000000 00000000 0810000 0000000 00000000
00000000 00000000 00000000 00000000 00000000 00000000 00000000 0810000 0000000 00000000
00000000 00000000 00000000 00000000 00000000 00000000 00000000 0810000 0000000 00000000
00000000 00000000 00000000 00000000 00000000 00000000 00000000 0810000 0000000 00000000
00000000 00000000 00000000 00000000 00000000 00000000 00000000 0810000 0000000 00000000
00000000 00000000 00000000 00000000 00000000 00000000 00000000 0810000 0000000 00000000
00000000 00000000 00000000 00000000 00000000 00000000 00000000 0810000 0000000 00000000
00000000 00000000 00000000 00000000 00000000 00000000 00000000 0810000 0000000 00000000
00000000 00000000 00000000 00000000 00000000 00000000 00000000 0810000 0000000 00000000
00000000 00000000 00000000 00000000 00000000 00000000 00000000 0810000 0000000 00000000
00000000 00000000 00000000 00000000 00000000 00000000 00000000 0810000 0000000 00000000
00000000 00000000 00000000 00000000 00000000 00000000 00000000 0810000 0000000 00000000
00000000 00000000 00000000 00000000 00000000 00000000 00000000 0810000 0000000 00000000
00000000 00000000 00000000 00000000 00000000 00000000 00000000 0810000 0000000 00000000
00000000 00000000 00000000 00000000 00000000 00000000 00000000 0810000 0000000 00000000
00000000 00000000 00000000 00000000 00000000 00000000 00000000 0810000 0000000 00000000
00000000 00000000 00000000 00000000 00000000 00000000 00000000 0810000 0000000 00000000
00000000 00000000 00000000 00000000 00000000 00000000 00000000 0810000 0000000 00000000
00000000 00000000 00000000 00000000 00000000 00000000 00000000 0810000 0000000 00000000
00000000 00000000 00000000 00000000 00000000 00000000 00000000 0810000 0000000 00000000
00000000 00000000 00000000 00000000 00000000 00000000 00000000 0810000 0000000 00000000
00000000 00000000 00000000 00000000 00000000 00000000 00000000 0810000 0000000 00000000
00000000 00000000 00000000 00000000 00000000 00000000 00000000 0810000 0000000 00000000
00000000 00000000 00000000 00000000 00000000 00000000 00000000 0810000 0000000 00000000
00000000 00000000 00000000 00000000 00000000 00000000 00000000 0810000 0000000 00000000
00000000 00000000 00000000 00000000 00000000 00000000 00000000 0810000 0000000 00000000
00000000 00000000 00000000 00000000 00000000 00000000 00000000 0810000 0000000 00000000
00000000 00000000 00000000 00000000 00000000 00000000 00000000 0810000 0000000 00000000
00000000 00000000 00000000 00000000 00000000 00000000 00000000 0810000 0000000 00000000
00000000 00000000 00000000 00000000 00000000 00000000 00000000 0810000 0000000 00000000
00000000 00000000 00000000 00000000 00000000 00000000 00000000 0810000 0000000 00000000
00000000 00000000 00000000 00000000 00000000 00000000 00000000 0810000 0000000 00000000
00000000 00000000 00000000 00000000 00000000 00000000 00000000 0810000 0000000 00000000
00000000 00000000 00000000 00000000 00000000 00000000 00000000 0810000 0000000 00000000
00000000 00000000 00000000 00000000 00000000 00000000 00000000 0810000 0000000 00000000
00000000 00000000 00000000 00000000 00000000 00000000 00000000 0810000 0000000 00000000
00000000 00000000 00000000 00000000 00000000 00000000 00000000 0810000 0000000 00000000
00000000 00000000 00000000 00000000 00000000 00000000 00000000 0810000 0000000 00000000
00000000 00000000 00000000 00000000 00000000 00000000 00000000 0810000 0000000 00000000
00000000 00000000 00000000 00000000 00000000 00000000 00000000 0810000 0000000 00000000
00000000 00000000 00000000 00000000 00000000 00000000 00000000 0810000 0000000 00000000
00000000 00000000 00000000 00000000 00000000 00000000 00000000 0810000 0000000 00000000
00000000 00000000 00000000 00000000 00000000 00000000 00000000 0810000 0000000 00000000
00000000 00000000 00000000 00000000 00000000 00000000 00000000 0810000 0000000 00000000
00000000 00000000 00000000 00000000 00000000 00000000 00000000 0810000 0000000 00000000
00000000 00000000 00000000 00000000 00000000 00000000 00000000 0810000 0000000 00000000
00000000 00000000 00000000 00000000 00000000 00000000 00000000 0810000 0000000 00000000
00000000 00000000 00000000 00000000 00000000 00000000 00000000 0810000 0000000 00000000
00000000 00000000 00000000 00000000 00000000 00000000 00000000 0810000 0000000 00000000
00000000 00000000 00000000 00000000 00000000 00000000 00000000 0810000 0000000 00000000
00000000 00000000 00000000 00000000 00000000 00000000 00000000 0810000 0000000 00000000
00000000 00000000 00000000 00000000 00000000 00000000 00000000 0810000 0000000 00000000
00000000 00000000 00000000 00000000 00000000 00000000 00000000 0810000 0000000 00000000
00000000 00000000 00000000 00000000 00000000 00000000 00000000 0810000 0000000 00000000
00000000 00000000 00000000 00000000 00000000 00000000 00000000 0810000 0000000 00000000
00000000 00000000 00000000 00000000 00000000 00000000 00000000 0810000 0000000 00000000
00000000 00000000 00000000 00000000 00000000 00000000 00000000 0810000 0000000 00000000
00000000 00000000 00000000 00000000 00000000 00000000 00000000 0810000 0000000 00000000
00000000 00000000 00000000 00000000 00000000 00000000 00000000 0810000 0000000 00000000
00000000 00000000 00000000 00000000 00000000 00000000 00000000 0810000 0000000 00000000
00000000 00000000 00000000 00000000 00000000 00000000 00000000 0810000 0000000 00000000
00000000 00000000 00000000 00000000 00000000 00000000 00000000 0810000 0000000 00000000
00000000 00000000 00000000 00000000 00000000 00000000 00000000 0810000 0000000 00000000
00000000 00000000 00000000 00000000 00000000 00000000 00000000 0810000 0000000 00000000
00000000 00000000 00000000 00000000 00000000 00000000 00000000 0810000 0000000 00000000
00000000 00000000 00000000 00000000 00000000 00000000 00000000 0810000 0000000 00000000
00000000 00000000 00000000 00000000 00000000 00000000 00000000 0810000 0000000 00000000
00000000 00000000 00000000 00000000 00000000 00000000 00000000 0810000 0000000 00000000
00000000 00000000 00000000 00000000 00000000 00000000 00000000 0810000 0000000 00000000
00000000 00000000 00000000 00000000 00000000 00000000 00000000 0810000 0000000 00000000
00000000 00000000 00000000 00000000 00000000 00000000 00000000 0810000 0000000 00000000
00000000 00000000 00000000 00000000 00000000 00000000 00000000 0810000 0000000 00000000
00000000 00000000 00000000 00000000 00000000 00000000 00000000 0810000 0000000 00000000
00000000 00000000 00000000 00000000 00000000 00000000 00000000 0810000 0ffffff 00000000
00000000 00000000 00000000 00000000 00000000 00000000 00000000 0810000 1000000 00000000
00000000 00000000 00000000 00000000 00000000 00000000 00000000 0810000 1000000 00000000
00000000 00000000 00000000 00000000 00000000 00000000 00000000 0810000 1000000 00000000
00000000 00000000 00000000 00000000 00000000 00000000 00000000 0810000 1000000 00000000
00000000 00000000 00000000 00000000 00000000 00000000 00000000 0810000 1000000 00000000
00000000 00000000 00000000 00000000 00000000 00000000 00000000 0810000 1000000 00000000
00000000 00000000 00000000 00000000 00000000 00000000 00000000 0810000 1000000 00000000
00000000 00000000 00000000 00000000 00000000 00000000 00000000 0810000 1000000 00000000
00000000 00000000 00000000 00000000 00000000 00000000 00000000 0810000 1000000 00000000
00000000 00000000 00000000 00000000 00000000 00000000 00000000 0810000 1000000 00000000
00000000 00000000 00000000 00000000 00000000 00000000 00000000 0810000 1000000 00000000
00000000 00000000 00000000 00000000 00000000 00000000 00000000 0810000 1000000 00000000
00000000 00000000 00000000 00000000 00000000 00000000 00000000 0810000 1000000 00000000
00000000 00000000 00000000 00000000 00000000 00000000 00000000 0810000 1000000 00000000
00000000 00000000 00000000 00000000 00000000 00000000 00000000 0920000 1000000 00000000
00000000 00000000 00000000 00000000 00000000 00000000 00000000 0920000 1000000 00000000
00000000 00000000 00000000 00000000 00000000 00000000 00000000 0920000 1000000 00000000
00000000 00000000 00000000 00000000 00000000 00000000 00000000 0920000 1000000 00000000
00000000 00000000 00000000 00000000 00000000 00000000 00000000 0920000 1000000 00000000
00000000 00000000 00000000 00000000 00000000 00000000 00000000 0920000 1000000 00000000
00000000 00000000 00000000 00000000 00000000 00000000 00000000 0920000 1000000 00000000
00000000 00000000 00000000 00000000 00000000 00000000 00000000 0920000 1000000 00000000
00000000 00000000 00000000 00000000 00000000 00000000 00000000 0920000 1000000 00000000
00000000 00000000 00000000 00000000 00000000 00000000 00000000 0920000 1000000 00000000
00000000 00000000 00000000 00000000 00000000 00000000 00000000 0920000 1000000 00000000
00000000 00000000 00000000 00000000 00000000 00000000 00000000 0920000 1000000 00000000
00000000 00000000 00000000 00000000 00000000 00000000 00000000 0920000 1000000 00000000
00000000 00000000 00000000 00000000 00000000 00000000 00000000 0920000 1000000 00000000
00000000 00000000 00000000 00000000 00000000 00000000 00000000 0920000 1000000 00000000
00000000 00000000 00000000 00000000 00000000 00000000 00000000 0920000 1000000 00000000
00000000 00000000 00000000 00000000 00000000 00000000 00000000 0920000 1000000 00000000
00000000 00000000 00000000 00000000 00000000 00000000 00000000 0920000 1000000 00000000
00000000 00000000 00000000 00000000 00000000 00000000 00000000 0920000 1000000 00000000
00000000 00000000 00000000 00000000 00000000 00000000 00000000 0920000 1000000 00000000
00000000 00000000 00000000 00000000 00000000 00000000 00000000 0920000 1000000 00000000
00000000 00000000 00000000 00000000 00000000 00000000 00000000 0920000 1000000 00000000
00000000 00000000 00000000 00000000 00000000 00000000 00000000 0920000 1000000 00000000
00000000 00000000 00000000 00000000 00000000 00000000 00000000 0920000 1000000 00000000
00000000 00000000 00000000 00000000 00000000 00000000 00000000 0920000 1000000 00000000
00000000 00000000 00000000 00000000 00000000 00000000 00000000 0920000 0ffffff 00000000
00000000 00000000 00000000 00000000 00000000 00000000 00000000 0920000 1000000 00000000
00000000 00000000 00000000 00000000 00000000 00000000 00000000 0920000 1000000 00000000
00000000 00000000 00000000 00000000 00000000 00000000 00000000 0920000 1000000 00000000
00000000 00000000 00000000 00000000 00000000 00000000 00000000 0920000 1000000 00000000
00000000 00000000 00000000 00000000 00000000 00000000 00000000 0920000 1000000 00000000
00000000 00000000 00000000 00000000 00000000 00000000 00000000 0920000 1000000 00000000
00000000 00000000 00000000 00000000 00000000 00000000 00000000 0920000 1000000 00000000
00000000 00000000 00000000 00000000 00000000 00000000 00000000 0920000 1000000 00000000
00000000 00000000 00000000 00000000 00000000 00000000 00000000 0920000 1000000 00000000
00000000 00000000 00000000 00000000 00000000 00000000 00000000 0920000 1000000 00000000
00000000 00000000 00000000 00000000 00000000 00000000 00000000 0920000 1000000 00000000
00000000 00000000 00000000 00000000 00000000 00000000 00000000 0920000 1000000 00000000
00000000 00000000 00000000 00000000 00000000 00000000 00000000 0920000 1000000 00000000
00000000 00000000 00000000 00000000 00000000 00000000 00000000 0920000 1000000 00000000
00000000 00000000 00000000 00000000 00000000 00000000 00000000 0750000 1000000 00000000
00000000 00000000 00000000 00000000 00000000 00000000 00000000 0750000 1000000 00000000
00000000 00000000 00000000 00000000 00000000 00000000 00000000 0750000 1000000 00000000
00000000 00000000 00000000 00000000 00000000 00000000 00000000 0750000 1000000 00000000
00000000 00000000 00000000 00000000 00000000 00000000 00000000 0750000 1000000 00000000
00000000 00000000 00000000 00000000 00000000 00000000 00000000 0750000 1000000 00000000
00000000 00000000 00000000 00000000 00000000 00000000 00000000 0750000 1000000 00000000
00000000 00000000 00000000 00000000 00000000 00000000 00000000 0750000 1000000 00000000
00000000 00000000 00000000 00000000 00000000 00000000 00000000 0750000 1000000 00000000
00000000 00000000 00000000 00000000 00000000 00000000 00000000 0750000 1000000 00000000
00000000 00000000 00000000 00000000 00000000 00000000 00000000 0750000 1000000 00000000
00000000 00000000 00000000 00000000 00000000 00000000 00000000 0750000 1000000 00000000
00000000 00000000 00000000 00000000 00000000 00000000 00000000 0750000 1000000 00000000
00000000 00000000 00000000 00000000 00000000 00000000 00000000 0750000 1000000 00000000
00000000 00000000 00000000 00000000 00000000 00000000 00000000 0750000 1000000 00000000
00000000 00000000 00000000 00000000 00000000 00000000 00000000 0750000 1000000 00000000
00000000 00000000 00000000 00000000 00000000 00000000 00000000 0750000 1000000 00000000
00000000 00000000 00000000 00000000 00000000 00000000 00000000 0750000 1000000 00000000
00000000 00000000 00000000 00000000 00000000 00000000 00000000 0750000 1000000 00000000
00000000 00000000 00000000 00000000 00000000 00000000 00000000 0750000 1000000 00000000
00000000 00000000 00000000 00000000 00000000 00000000 00000000 0750000 1000000 00000000
00000000 00000000 00000000 00000000 00000000 00000000 00000000 0750000 1000000 00000000
00000000 00000000 00000000 00000000 00000000 00000000 00000000 0750000 1000000 00000000
00000000 00000000 00000000 00000000 00000000 00000000 00000000 0750000 1000000 00000000
00000000 00000000 00000000 00000000 00000000 00000000 00000000 0750000 1000000 00000000
00000000 00000000 00000000 00000000 00000000 00000000 00000000 0750000 0000000 00000000
00000000 00000000 00000000 00000000 00000000 00000000 00000000 0750000 0000000 00000000
00000000 00000000 00000000 00000000 00000000 00000000 00000000 0750000 0000000 00000000
00000000 00000000 00000000 00000000 00000000 00000000 00000000 0750000 0000000 00000000
00000000 00000000 00000000 00000000 00000000 00000000 00000000 0750000 0000000 00000000
00000000 00000000 00000000 00000000 00000000 00000000 00000000 0750000 0000000 00000000
00000000 00000000 00000000 00000000 00000000 00000000 00000000 0750000 0000000 00000000
00000000 00000000 00000000 00000000 00000000 00000000 00000000 0750000 0000000 00000000
00000000 00000000 00000000 00000000 00000000 00000000 00000000 0750000 0000000 00000000
00000000 00000000 00000000 00000000 00000000 00000000 00000000 0750000 0000000 00000000
00000000 00000000 00000000 00000000 00000000 00000000 00000000 0750000 0000000 00000000
00000000 00000000 00000000 00000000 00000000 00000000 00000000 0750000 0000000 00000000
00000000 00000000 00000000 00000000 00000000 00000000 00000000 0750000 0000000 00000000
00000000 00000000 00000000 00000000 00000000 00000000 00000000 0750000 0000000 00000000
00000000 00000000 00000000 00000000 00000000 00000000 00000000 0750000 0000000 00000000
00000000 00000000 00000000 00000000 00000000 00000000 00000000 02e0000 0000000 00000000
00000000 00000000 00000000 00000000 00000000 00000000 00000000 02e0000 0000000 00000000
00000000 00000000 00000000 00000000 00000000 00000000 00000000 02e0000 0000000 00000000
00000000 00000000 00000000 00000000 00000000 00000000 00000000 02e0000 0000000 00000000
00000000 00000000 00000000 00000000 00000000 00000000 00000000 02e0000 0000000 00000000
00000000 00000000 00000000 00000000 00000000 00000000 00000000 02e0000 0000000 00000000
00000000 00000000 00000000 00000000 00000000 00000000 00000000 02e0000 0000000 00000000
00000000 00000000 00000000 00000000 00000000 00000000 00000000 02e0000 0000000 00000000
00000000 00000000 00000000 00000000 00000000 00000000 00000000 02e0000 0000000 00000000
00000000 00000000 00000000 00000000 00000000 00000000 00000000 02e0000 0000000 00000000
00000000 00000000 00000000 00000000 00000000 00000000 00000000 02e0000 0000000 00000000
00000000 00000000 00000000 00000000 00000000 00000000 00000000 02e0000 0000000 00000000
00000000 00000000 00000000 00000000 00000000 00000000 00000000 02e0000 0000000 00000000
00000000 00000000 00000000 00000000 00000000 00000000 00000000 02e0000 0000000 00000000
00000000 00000000 00000000 00000000 00000000 00000000 00000000 02e0000 0000000 00000000
00000000 00000000 00000000 00000000 00000000 00000000 00000000 02e0000 0000000 00000000
00000000 00000000 00000000 00000000 00000000 00000000 00000000 02e0000 0000000 00000000
00000000 00000000 00000000 00000000 00000000 00000000 00000000 02e0000 0000000 00000000
00000000 00000000 00000000 00000000 00000000 00000000 00000000 02e0000 0000000 00000000
00000000 00000000 00000000 00000000 00000000 00000000 00000000 02e0000 0000000 00000000
00000000 00000000 00000000 00000000 00000000 00000000 00000000 02e0000 0000000 00000000
00000000 00000000 00000000 00000000 00000000 00000000 00000000 02e0000 0000000 00000000
00000000 00000000 00000000 00000000 00000000 00000000 00000000 02e0000 0000000 00000000
00000000 00000000 00000000 00000000 00000000 00000000 00000000 02e0000 0000000 00000000
00000000 00000000 00000000 00000000 00000000 00000000 00000000 02e0000 0000000 00000000
00000000 00000000 00000000 00000000 00000000 00000000 00000000 02e0000 0000000 00000000
00000000 00000000 00000000 00000000 00000000 00000000 00000000 02e0000 0000000 00000000
00000000 00000000 00000000 00000000 00000000 00000000 00000000 02e0000 0000000 00000000
00000000 00000000 00000000 00000000 00000000 00000000 00000000 02e0000 0000000 00000000
00000000 00000000 00000000 00000000 00000000 00000000 00000000 02e0000 0000000 00000000
00000000 00000000 00000000 00000000 00000000 00000000 00000000 02e0000 0000000 00000000
00000000 00000000 00000000 00000000 00000000 00000000 00000000 02e0000 0000000 00000000
00000000 00000000 00000000 00000000 00000000 00000000 00000000 02e0000 0000000 00000000
00000000 00000000 00000000 00000000 00000000 00000000 00000000 02e0000 0000000 00000000
00000000 00000000 00000000 00000000 00000000 00000000 00000000 02e0000 0000000 00000000
00000000 00000000 00000000 00000000 00000000 00000000 00000000 02e0000 0000000 00000000
00000000 00000000 00000000 00000000 00000000 00000000 00000000 02e0000 0000000 00000000
00000000 00000000 00000000 00000000 00000000 00000000 00000000 02e0000 0000000 00000000
00000000 00000000 00000000 00000000 00000000 00000000 00000000 02e0000 0000000 00000000
00000000 00000000 00000000 00000000 00000000 00000000 00000000 02e0000 0000000 00000000
00000000 00000000 00000000 00000000 00000000 00000000 00000000 0890000 0000000 00000000
00000000 00000000 00000000 00000000 00000000 00000000 00000000 0890000 0000000 00000000
00000000 00000000 00000000 00000000 00000000 00000000 00000000 0890000 0000000 00000000
00000000 00000000 00000000 00000000 00000000 00000000 00000000 0890000 0000000 00000000
00000000 00000000 00000000 00000000 00000000 00000000 00000000 0890000 0000000 00000000
00000000 00000000 00000000 00000000 00000000 00000000 00000000 0890000 0000000 00000000
00000000 00000000 00000000 00000000 00000000 00000000 00000000 0890000 0000000 00000000
00000000 00000000 00000000 00000000 00000000 00000000 00000000 0890000 0000000 00000000
00000000 00000000 00000000 00000000 00000000 00000000 00000000 0890000 0000000 00000000
00000000 00000000 00000000 00000000 00000000 00000000 00000000 0890000 0000000 00000000
00000000 00000000 00000000 00000000 00000000 00000000 00000000 0890000 0000000 00000000
00000000 00000000 00000000 00000000 00000000 00000000 00000000 0890000 0000000 00000000
00000000 00000000 00000000 00000000 00000000 00000000 00000000 0890000 0000000 00000000
00000000 00000000 00000000 00000000 00000000 00000000 00000000 0890000 0000000 00000000
00000000 00000000 00000000 00000000 00000000 00000000 00000000 0890000 0000000 00000000
00000000 00000000 00000000 00000000 00000000 00000000 00000000 0890000 0000000 00000000
00000000 00000000 00000000 00000000 00000000 00000000 00000000 0890000 0000000 00000000
00000000 00000000 00000000 00000000 00000000 00000000 00000000 0890000 0000000 00000000
00000000 00000000 00000000 00000000 00000000 00000000 00000000 0890000 0000000 00000000
00000000 00000000 00000000 00000000 00000000 00000000 00000000 0890000 0000000 00000000
00000000 00000000 00000000 00000000 00000000 00000000 00000000 0890000 0000000 00000000
00000000 00000000 00000000 00000000 00000000 00000000 00000000 0890000 0000000 00000000
00000000 00000000 00000000 00000000 00000000 00000000 00000000 0890000 0000000 00000000
00000000 00000000 00000000 00000000 00000000 00000000 00000000 0890000 0000000 00000000
00000000 00000000 00000000 00000000 00000000 00000000 00000000 0890000 0000000 00000000
00000000 00000000 00000000 00000000 00000000 00000000 00000000 06e9a40 0ffffff 00000000
00000000 00000000 00000000 00000000 00000000 00000000 00000000 06aa382 1000000 00000000
00000000 00000000 00000000 00000000 00000000 00000000 00000000 066acc3 1000000 00000000
00000000 00000000 00000000 00000000 00000000 00000000 00000000 062b605 1000000 00000000
00000000 00000000 00000000 00000000 00000000 00000000 00000000 05ebf46 1000000 00000000
00000000 00000000 00000000 00000000 00000000 00000000 00000000 05ac888 1000000 00000000
00000000 00000000 00000000 00000000 00000000 00000000 00000000 056d1c9 1000000 00000000
00000000 00000000 00000000 00000000 00000000 00000000 00000000 052db0b 1000000 00000000
00000000 00000000 00000000 00000000 00000000 00000000 00000000 04ee44c 1000000 00000000
00000000 00000000 00000000 00000000 00000000 00000000 00000000 04aed8e 1000000 00000000
00000000 00000000 00000000 00000000 00000000 00000000 00000000 046f6d0 1000000 00000000
00000000 00000000 00000000 00000000 00000000 00000000 00000000 0430011 1000000 00000000
00000000 00000000 00000000 00000000 00000000 00000000 00000000 03f0953 1000000 00000000
00000000 00000000 00000000 00000000 00000000 00000000 00000000 03b1294 1000000 00000000
00000000 00000000 00000000 00000000 00000000 00000000 00000000 0371bd6 1000000 00000000
00000000 00000000 00000000 00000000 00000000 00000000 00000000 0332517 1000000 00000000
00000000 00000000 00000000 00000000 00000000 00000000 00000000 02f2e59 1000000 00000000
00000000 00000000 00000000 00000000 00000000 00000000 00000000 02b379a 1000000 00000000
00000000 00000000 00000000 00000000 00000000 00000000 00000000 02740dc 1000000 00000000
00000000 00000000 00000000 00000000 00000000 00000000 00000000 0234a1d 1000000 00000000
00000000 00000000 00000000 00000000 00000000 00000000 00000000 01f535f 1000000 00000000
00000000 00000000 00000000 00000000 00000000 00000000 00000000 01b5ca1 1000000 00000000
00000000 00000000 00000000 00000000 00000000 00000000 00000000 01765e2 1000000 00000000
00000000 00000000 00000000 00000000 00000000 00000000 00000000 0136f24 1000000 00000000
00000000 00000000 00000000 00000000 00000000 00000000 00000000 00f7865 1000000 00000000
00000000 00000000 00000000 00000000 00000000 00000000 00000000 00b81a7 1000000 00000000
00000000 00000000 00000000 00000000 00000000 00000000 00000000 0078ae8 1000000 00000000
00000000 00000000 00000000 00000000 00000000 00000000 00000000 003942a 1000000 00000000
00000000 00000000 00000000 00000000 00000000 00000000 00000000 0006294 1000000 00000000
00000000 00000000 00000000 00000000 00000000 00000000 00000000 0045952 1000000 00000000
00000000 00000000 00000000 00000000 00000000 00000000 00000000 07bd7f7 0ffffff 00000000
00000000 00000000 00000000 00000000 00000000 00000000 00000000 079dc98 1000000 00000000
00000000 00000000 00000000 00000000 00000000 00000000 00000000 077e139 1000000 00000000
00000000 00000000 00000000 00000000 00000000 00000000 00000000 075e5d9 1000000 00000000
00000000 00000000 00000000 00000000 00000000 00000000 00000000 073ea7a 1000000 00000000
00000000 00000000 00000000 00000000 00000000 00000000 00000000 071ef1b 1000000 00000000
00000000 00000000 00000000 00000000 00000000 00000000 00000000 06ff3bc 1000000 00000000
00000000 00000000 00000000 00000000 00000000 00000000 00000000 06df85c 1000000 00000000
00000000 00000000 00000000 00000000 00000000 00000000 00000000 06bfcfd 1000000 00000000
00000000 00000000 00000000 00000000 00000000 00000000 00000000 06a019e 1000000 00000000
00000000 00000000 00000000 00000000 00000000 00000000 00000000 068063f 1000000 00000000
00000000 00000000 00000000 00000000 00000000 00000000 00000000 0660adf 1000000 00000000
00000000 00000000 00000000 00000000 00000000 00000000 00000000 0640f80 1000000 00000000
00000000 00000000 00000000 00000000 00000000 00000000 00000000 0621421 1000000 00000000
00000000 00000000 00000000 00000000 00000000 00000000 00000000 06018c2 1000000 00000000
00000000 00000000 00000000 00000000 00000000 00000000 00000000 05e1d63 1000000 00000000
00000000 00000000 00000000 00000000 00000000 00000000 00000000 05c2203 1000000 00000000
00000000 00000000 00000000 00000000 00000000 00000000 00000000 05a26a4 1000000 00000000
00000000 00000000 00000000 00000000 00000000 00000000 00000000 0582b45 1000000 00000000
00000000 00000000 00000000 00000000 00000000 00000000 00000000 0562fe6 1000000 00000000
00000000 00000000 00000000 00000000 00000000 00000000 00000000 0543486 1000000 00000000
00000000 00000000 00000000 00000000 00000000 00000000 00000000 0523927 1000000 00000000
00000000 00000000 00000000 00000000 00000000 00000000 00000000 0503dc8 1000000 00000000
00000000 00000000 00000000 00000000 00000000 00000000 00000000 04e4269 1000000 00000000
00000000 00000000 00000000 00000000 00000000 00000000 00000000 04c470a 1000000 00000000
00000000 00000000 00000000 00000000 00000000 00000000 00000000 04a4baa 1000000 00000000
00000000 00000000 00000000 00000000 00000000 00000000 00000000 048504b 1000000 00000000
00000000 00000000 00000000 00000000 00000000 00000000 00000000 04654ec 1000000 00000000
00000000 00000000 00000000 00000000 00000000 00000000 00000000 044598d 1000000 00000000
00000000 00000000 00000000 00000000 00000000 00000000 00000000 0425e2d 1000000 00000000
00000000 00000000 00000000 00000000 00000000 00000000 00000000 0bf9d31 0ffffff 00000000
00000000 00000000 00000000 00000000 00000000 00000000 00000000 0c19890 1000000 00000000
00000000 00000000 00000000 00000000 00000000 00000000 00000000 0c393ef 1000000 00000000
00000000 00000000 00000000 00000000 00000000 00000000 00000000 0c58f4e 1000000 00000000
00000000 00000000 00000000 00000000 00000000 00000000 00000000 0c78aae 1000000 00000000
00000000 00000000 00000000 00000000 00000000 00000000 00000000 0c9860d 1000000 00000000
00000000 00000000 00000000 00000000 00000000 00000000 00000000 0cb816c 1000000 00000000
00000000 00000000 00000000 00000000 00000000 00000000 00000000 0cd7ccb 1000000 00000000
00000000 00000000 00000000 00000000 00000000 00000000 00000000 0cf782b 1000000 00000000
00000000 00000000 00000000 00000000 00000000 00000000 00000000 0d1738a 1000000 00000000
00000000 00000000 00000000 00000000 00000000 00000000 00000000 0d36ee9 1000000 00000000
00000000 00000000 00000000 00000000 00000000 00000000 00000000 0d56a48 1000000 00000000
00000000 00000000 00000000 00000000 00000000 00000000 00000000 0d765a8 1000000 00000000
00000000 00000000 00000000 00000000 00000000 00000000 00000000 0d96107 1000000 00000000
00000000 00000000 00000000 00000000 00000000 00000000 00000000 0db5c66 1000000 00000000
00000000 00000000 00000000 00000000 00000000 00000000 00000000 0dd57c5 1000000 00000000
00000000 00000000 00000000 00000000 00000000 00000000 00000000 0df5324 1000000 00000000
00000000 00000000 00000000 00000000 00000000 00000000 00000000 0e14e84 1000000 00000000
00000000 00000000 00000000 00000000 00000000 00000000 00000000 0e349e3 1000000 00000000
00000000 00000000 00000000 00000000 00000000 00000000 00000000 0e54542 1000000 00000000
00000000 00000000 00000000 00000000 00000000 00000000 00000000 0e740a1 1000000 00000000
00000000 00000000 00000000 00000000 00000000 00000000 00000000 0e93c01 1000000 00000000
00000000 00000000 00000000 00000000 00000000 00000000 00000000 0eb3760 1000000 00000000
00000000 00000000 00000000 00000000 00000000 00000000 00000000 0ed32bf 1000000 00000000
00000000 00000000 00000000 00000000 00000000 00000000 00000000 0ef2e1e 1000000 00000000
00000000 00000000 00000000 00000000 00000000 00000000 00000000 0f1297d 1000000 00000000
00000000 00000000 00000000 00000000 00000000 00000000 00000000 0f324dd 1000000 00000000
00000000 00000000 00000000 00000000 00000000 00000000 00000000 0f5203c 1000000 00000000
00000000 00000000 00000000 00000000 00000000 00000000 00000000 0f71b9b 1000000 00000000
00000000 00000000 00000000 00000000 00000000 00000000 00000000 0f916fa 1000000 00000000
00000000 00000000 00000000 00000000 00000000 00000000 00000000 1000000 0ffffff 00000000
00000000 00000000 00000000 00000000 00000000 00000000 00000000 1000000 1000000 00000000
00000000 00000000 00000000 00000000 00000000 00000000 00000000 1000000 1000000 00000000
00000000 00000000 00000000 00000000 00000000 00000000 00000000 0000000 1000000 00000000
00000000 00000000 00000000 00000000 00000000 00000000 00000000 0000000 1000000 00000000
00000000 00000000 00000000 00000000 00000000 00000000 00000000 0000000 1000000 00000000
00000000 00000000 00000000 00000000 00000000 00000000 00000000 0000000 1000000 00000000
00000000 00000000 00000000 00000000 00000000 00000000 00000000 0000000 1000000 00000000
00000000 00000000 00000000 00000000 00000000 00000000 00000000 0000000 1000000 00000000
00000000 00000000 00000000 00000000 00000000 00000000 00000000 0000000 1000000 00000000
00000000 00000000 00000000 00000000 00000000 00000000 00000000 0000000 1000000 00000000
00000000 00000000 00000000 00000000 00000000 00000000 00000000 0000000 1000000 00000000
00000000 00000000 00000000 00000000 00000000 00000000 00000000 0000000 1000000 00000000
00000000 00000000 00000000 00000000 00000000 00000000 00000000 0000000 1000000 00000000
00000000 00000000 00000000 00000000 00000000 00000000 00000000 0000000 1000000 00000000
00000000 00000000 00000000 00000000 00000000 00000000 00000000 0000000 1000000 00000000
00000000 00000000 00000000 00000000 00000000 00000000 00000000 0000000 1000000 00000000
00000000 00000000 00000000 00000000 00000000 00000000 00000000 0000000 1000000 00000000
00000000 00000000 00000000 00000000 00000000 00000000 00000000 0000000 1000000 00000000
00000000 00000000 00000000 00000000 00000000 00000000 00000000 0000000 1000000 00000000
00000000 00000000 00000000 00000000 00000000 00000000 00000000 0000000 1000000 00000000
00000000 00000000 00000000 00000000 00000000 00000000 00000000 0000000 1000000 00000000
00000000 00000000 00000000 00000000 00000000 00000000 00000000 0000000 1000000 00000000
00000000 00000000 00000000 00000000 00000000 00000000 00000000 0000000 1000000 00000000
00000000 00000000 00000000 00000000 00000000 00000000 00000000 0000000 1000000 00000000
00000000 00000000 00000000 00000000 00000000 00000000 00000000 0000000 1000000 00000000
00000000 00000000 00000000 00000000 00000000 00000000 00000000 0000000 1000000 00000000
00000000 00000000 00000000 00000000 00000000 00000000 00000000 0000000 1000000 00000000
00000000 00000000 00000000 00000000 00000000 00000000 00000000 0000000 1000000 00000000
00000000 00000000 00000000 00000000 00000000 00000000 00000000 0000000 1000000 00000000
00000000 00000000 00000000 00000000 00000000 00000000 00000000 0037153 0ffffff 00000000
00000000 00000000 00000000 00000000 00000000 00000000 00000000 00227f8 1000000 00000000
00000000 00000000 00000000 00000000 00000000 00000000 00000000 0012adb 1000000 00000000
00000000 00000000 00000000 00000000 00000000 00000000 00000000 0007a9b 1000000 00000000
00000000 00000000 00000000 00000000 00000000 00000000 00000000 0001795 1000000 00000000
00000000 00000000 00000000 00000000 00000000 00000000 00000000 0000204 1000000 00000000
00000000 00000000 00000000 00000000 00000000 00000000 00000000 00039f5 1000000 00000000
00000000 00000000 00000000 00000000 00000000 00000000 00000000 000bf47 1000000 00000000
00000000 00000000 00000000 00000000 00000000 00000000 00000000 00191a8 1000000 00000000
00000000 00000000 00000000 00000000 00000000 00000000 00000000 002b09a 1000000 00000000
00000000 00000000 00000000 00000000 00000000 00000000 00000000 0041b6f 1000000 00000000
00000000 00000000 00000000 00000000 00000000 00000000 00000000 005d14a 1000000 00000000
00000000 00000000 00000000 00000000 00000000 00000000 00000000 007d123 1000000 00000000
00000000 00000000 00000000 00000000 00000000 00000000 00000000 00a19c4 1000000 00000000
00000000 00000000 00000000 00000000 00000000 00000000 00000000 00ca9cd 1000000 00000000
00000000 00000000 00000000 00000000 00000000 00000000 00000000 00f7fad 1000000 00000000
00000000 00000000 00000000 00000000 00000000 00000000 00000000 01299b9 1000000 00000000
00000000 00000000 00000000 00000000 00000000 00000000 00000000 015f60d 1000000 00000000
00000000 00000000 00000000 00000000 00000000 00000000 00000000 0199298 1000000 00000000
00000000 00000000 00000000 00000000 00000000 00000000 00000000 01d6d2c 1000000 00000000
00000000 00000000 00000000 00000000 00000000 00000000 00000000 021836f 1000000 00000000
00000000 00000000 00000000 00000000 00000000 00000000 00000000 025d2e9 1000000 00000000
00000000 00000000 00000000 00000000 00000000 00000000 00000000 02a5900 1000000 00000000
00000000 00000000 00000000 00000000 00000000 00000000 00000000 02f12f7 1000000 00000000
00000000 00000000 00000000 00000000 00000000 00000000 00000000 033fdee 1000000 00000000
00000000 00000000 00000000 00000000 00000000 00000000 00000000 03916ec 1000000 00000000
00000000 00000000 00000000 00000000 00000000 00000000 00000000 03e5adc 1000000 00000000
00000000 00000000 00000000 00000000 00000000 00000000 00000000 043c690 1000000 00000000
00000000 00000000 00000000 00000000 00000000 00000000 00000000 04956ba 1000000 00000000
00000000 00000000 00000000 00000000 00000000 00000000 00000000 04f07ff 1000000 00000000
00000000 00000000 00000000 00000000 00000000 00000000 00000000 0890000 0ffffff 00000000
00000000 00000000 00000000 00000000 00000000 00000000 00000000 0890000 1000000 00000000
00000000 00000000 00000000 00000000 00000000 00000000 00000000 0890000 1000000 00000000
00000000 00000000 00000000 00000000 00000000 00000000 00000000 0890000 1000000 00000000
00000000 00000000 00000000 00000000 00000000 00000000 00000000 0890000 1000000 00000000
00000000 00000000 00000000 00000000 00000000 00000000 00000000 0890000 1000000 00000000
00000000 00000000 00000000 00000000 00000000 00000000 00000000 0890000 1000000 00000000
00000000 00000000 00000000 00000000 00000000 00000000 00000000 0890000 1000000 00000000
00000000 00000000 00000000 00000000 00000000 00000000 00000000 02a0000 1000000 00000000
00000000 00000000 00000000 00000000 00000000 00000000 00000000 02a0000 1000000 00000000
00000000 00000000 00000000 00000000 00000000 00000000 00000000 02a0000 1000000 00000000
00000000 00000000 00000000 00000000 00000000 00000000 00000000 02a0000 1000000 00000000
00000000 00000000 00000000 00000000 00000000 00000000 00000000 02a0000 1000000 00000000
00000000 00000000 00000000 00000000 00000000 00000000 00000000 02a0000 1000000 00000000
00000000 00000000 00000000 00000000 00000000 00000000 00000000 02a0000 1000000 00000000
00000000 00000000 00000000 00000000 00000000 00000000 00000000 02a0000 1000000 00000000
00000000 00000000 00000000 00000000 00000000 00000000 00000000 02a0000 1000000 00000000
00000000 00000000 00000000 00000000 00000000 00000000 00000000 02a0000 1000000 00000000
00000000 00000000 00000000 00000000 00000000 00000000 00000000 02a0000 1000000 00000000
00000000 00000000 00000000 00000000 00000000 00000000 00000000 02a0000 1000000 00000000
00000000 00000000 00000000 00000000 00000000 00000000 00000000 02a0000 1000000 00000000
00000000 00000000 00000000 00000000 00000000 00000000 00000000 02a0000 1000000 00000000
00000000 00000000 00000000 00000000 00000000 00000000 00000000 02a0000 1000000 00000000
00000000 00000000 00000000 00000000 00000000 00000000 00000000 02a0000 1000000 00000000
00000000 00000000 00000000 00000000 00000000 00000000 00000000 02a0000 1000000 00000000
00000000 00000000 00000000 00000000 00000000 00000000 00000000 02a0000 1000000 00000000
00000000 00000000 00000000 00000000 00000000 00000000 00000000 02a0000 1000000 00000000
00000000 00000000 00000000 00000000 00000000 00000000 00000000 02a0000 1000000 00000000
00000000 00000000 00000000 00000000 00000000 00000000 00000000 02a0000 1000000 00000000
00000000 00000000 00000000 00000000 00000000 00000000 00000000 02a0000 1000000 00000000
00000000 00000000 00000000 00000000 00000000 00000000 00000000 0efaa06 0ffffff 00000000
00000000 00000000 00000000 00000000 00000000 00000000 00000000 0df540c 1000000 00000000
00000000 00000000 00000000 00000000 00000000 00000000 00000000 0cefe13 1000000 00000000
00000000 00000000 00000000 00000000 00000000 00000000 00000000 0bea819 1000000 00000000
00000000 00000000 00000000 00000000 00000000 00000000 00000000 0ae521f 1000000 00000000
00000000 00000000 00000000 00000000 00000000 00000000 00000000 09dfc26 1000000 00000000
00000000 00000000 00000000 00000000 00000000 00000000 00000000 08da62c 1000000 00000000
00000000 00000000 00000000 00000000 00000000 00000000 00000000 07d5033 1000000 00000000
00000000 00000000 00000000 00000000 00000000 00000000 00000000 06cfa39 1000000 00000000
00000000 00000000 00000000 00000000 00000000 00000000 00000000 05ca43f 1000000 00000000
00000000 00000000 00000000 00000000 00000000 00000000 00000000 04c4e46 1000000 00000000
00000000 00000000 00000000 00000000 00000000 00000000 00000000 03bf84c 1000000 00000000
00000000 00000000 00000000 00000000 00000000 00000000 00000000 02ba252 1000000 00000000
00000000 00000000 00000000 00000000 00000000 00000000 00000000 01b4c59 1000000 00000000
00000000 00000000 00000000 00000000 00000000 00000000 00000000 00af65f 1000000 00000000
00000000 00000000 00000000 00000000 00000000 00000000 00000000 0055f99 1000000 00000000
00000000 00000000 00000000 00000000 00000000 00000000 00000000 015b593 1000000 00000000
00000000 00000000 00000000 00000000 00000000 00000000 00000000 0260b8d 1000000 00000000
00000000 00000000 00000000 00000000 00000000 00000000 00000000 0366186 1000000 00000000
00000000 00000000 00000000 00000000 00000000 00000000 00000000 046b780 1000000 00000000
00000000 00000000 00000000 00000000 00000000 00000000 00000000 0570d7a 1000000 00000000
00000000 00000000 00000000 00000000 00000000 00000000 00000000 0676373 1000000 00000000
00000000 00000000 00000000 00000000 00000000 00000000 00000000 077b96d 1000000 00000000
00000000 00000000 00000000 00000000 00000000 00000000 00000000 0880f66 1000000 00000000
00000000 00000000 00000000 00000000 00000000 00000000 00000000 0efaa06 0ffffff 00000000
00000000 00000000 00000000 00000000 00000000 00000000 00000000 0df540c 1000000 00000000
00000000 00000000 00000000 00000000 00000000 00000000 00000000 0cefe13 1000000 00000000
00000000 00000000 00000000 00000000 00000000 00000000 00000000 0bea819 1000000 00000000
00000000 00000000 00000000 00000000 00000000 00000000 00000000 0ae521f 1000000 00000000
00000000 00000000 00000000 00000000 00000000 00000000 00000000 09dfc26 1000000 00000000
00000000 00000000 00000000 00000000 00000000 00000000 00000000 08da62c 1000000 00000000
00000000 00000000 00000000 00000000 00000000 00000000 00000000 07d5033 1000000 00000000
00000000 00000000 00000000 00000000 00000000 00000000 00000000 06cfa39 1000000 00000000
00000000 00000000 00000000 00000000 00000000 00000000 00000000 05ca43f 1000000 00000000
00000000 00000000 00000000 00000000 00000000 00000000 00000000 04c4e46 1000000 00000000
00000000 00000000 00000000 00000000 00000000 00000000 00000000 03bf84c 1000000 00000000
00000000 00000000 00000000 00000000 00000000 00000000 00000000 02ba252 1000000 00000000
00000000 00000000 00000000 00000000 00000000 00000000 00000000 01b4c59 1000000 00000000
00000000 00000000 00000000 00000000 00000000 00000000 00000000 00af65f 1000000 00000000
00000000 00000000 00000000 00000000 00000000 00000000 00000000 0055f99 1000000 00000000
00000000 00000000 00000000 00000000 00000000 00000000 00000000 015b593 1000000 00000000
00000000 00000000 00000000 00000000 00000000 00000000 00000000 0260b8d 1000000 00000000
00000000 00000000 00000000 00000000 00000000 00000000 00000000 0366186 1000000 00000000
00000000 00000000 00000000 00000000 00000000 00000000 00000000 046b780 1000000 00000000
00000000 00000000 00000000 00000000 00000000 00000000 00000000 0570d7a 1000000 00000000
00000000 00000000 00000000 00000000 00000000 00000000 00000000 0676373 1000000 00000000
00000000 00000000 00000000 00000000 00000000 00000000 00000000 077b96d 1000000 00000000
00000000 00000000 00000000 00000000 00000000 00000000 00000000 0880f66 1000000 00000000
00000000 00000000 00000000 00000000 00000000 00000000 00000000 0efaa06 0ffffff 00000000
00000000 00000000 00000000 00000000 00000000 00000000 00000000 0df540c 1000000 00000000
00000000 00000000 00000000 00000000 00000000 00000000 00000000 0cefe13 1000000 00000000
00000000 00000000 00000000 00000000 00000000 00000000 00000000 0bea819 1000000 00000000
00000000 00000000 00000000 00000000 00000000 00000000 00000000 0ae521f 1000000 00000000
00000000 00000000 00000000 00000000 00000000 00000000 00000000 09dfc26 1000000 00000000
00000000 00000000 00000000 00000000 00000000 00000000 00000000 08da62c 1000000 00000000
00000000 00000000 00000000 00000000 00000000 00000000 00000000 07d5033 1000000 00000000
00000000 00000000 00000000 00000000 00000000 00000000 00000000 06cfa39 1000000 00000000
00000000 00000000 00000000 00000000 00000000 00000000 00000000 05ca43f 1000000 00000000
00000000 00000000 00000000 00000000 00000000 00000000 00000000 04c4e46 1000000 00000000
00000000 00000000 00000000 00000000 00000000 00000000 00000000 03bf84c 1000000 00000000
00000000 00000000 00000000 00000000 00000000 00000000 00000000 02ba252 1000000 00000000
00000000 00000000 00000000 00000000 00000000 00000000 00000000 01b4c59 1000000 00000000
00000000 00000000 00000000 00000000 00000000 00000000 00000000 00af65f 1000000 00000000
00000000 00000000 00000000 00000000 00000000 00000000 00000000 0055f99 1000000 00000000
00000000 00000000 00000000 00000000 00000000 00000000 00000000 015b593 1000000 00000000
00000000 00000000 00000000 00000000 00000000 00000000 00000000 0260b8d 1000000 00000000
00000000 00000000 00000000 00000000 00000000 00000000 00000000 0366186 1000000 00000000
00000000 00000000 00000000 00000000 00000000 00000000 00000000 046b780 1000000 00000000
00000000 00000000 00000000 00000000 00000000 00000000 00000000 0570d7a 1000000 00000000
00000000 00000000 00000000 00000000 00000000 00000000 00000000 0676373 1000000 00000000
00000000 00000000 00000000 00000000 00000000 00000000 00000000 077b96d 1000000 00000000
00000000 00000000 00000000 00000000 00000000 00000000 00000000 0880f66 1000000 00000000
00000000 00000000 00000000 00000000 00000000 00000000 00000000 0efaa06 0ffffff 00000000
00000000 00000000 00000000 00000000 00000000 00000000 00000000 0df540c 1000000 00000000
00000000 00000000 00000000 00000000 00000000 00000000 00000000 0cefe13 1000000 00000000
00000000 00000000 00000000 00000000 00000000 00000000 00000000 0bea819 1000000 00000000
00000000 00000000 00000000 00000000 00000000 00000000 00000000 0ae521f 1000000 00000000
00000000 00000000 00000000 00000000 00000000 00000000 00000000 09dfc26 1000000 00000000
00000000 00000000 00000000 00000000 00000000 00000000 00000000 08da62c 1000000 00000000
00000000 00000000 00000000 00000000 00000000 00000000 00000000 07d5033 1000000 00000000
00000000 00000000 00000000 00000000 00000000 00000000 00000000 06cfa39 1000000 00000000
00000000 00000000 00000000 00000000 00000000 00000000 00000000 05ca43f 1000000 00000000
00000000 00000000 00000000 00000000 00000000 00000000 00000000 04c4e46 1000000 00000000
00000000 00000000 00000000 00000000 00000000 00000000 00000000 03bf84c 1000000 00000000
00000000 00000000 00000000 00000000 00000000 00000000 00000000 02ba252 1000000 00000000
00000000 00000000 00000000 00000000 00000000 00000000 00000000 01b4c59 1000000 00000000
00000000 00000000 00000000 00000000 00000000 00000000 00000000 00af65f 1000000 00000000
00000000 00000000 00000000 00000000 00000000 00000000 00000000 0055f99 1000000 00000000
00000000 00000000 00000000 00000000 00000000 00000000 00000000 015b593 1000000 00000000
00000000 00000000 00000000 00000000 00000000 00000000 00000000 0260b8d 1000000 00000000
00000000 00000000 00000000 00000000 00000000 00000000 00000000 0366186 1000000 00000000
00000000 00000000 00000000 00000000 00000000 00000000 00000000 046b780 1000000 00000000
00000000 00000000 00000000 00000000 00000000 00000000 00000000 0570d7a 1000000 00000000
00000000 00000000 00000000 00000000 00000000 00000000 00000000 0676373 1000000 00000000
00000000 00000000 00000000 00000000 00000000 00000000 00000000 077b96d 1000000 00000000
00000000 00000000 00000000 00000000 00000000 00000000 00000000 0880f66 1000000 00000000
00000000 00000000 00000000 00000000 00000000 00000000 00000000 0f7d503 0ffffff 00000000
00000000 00000000 00000000 00000000 00000000 00000000 00000000 0efaa06 1000000 00000000
00000000 00000000 00000000 00000000 00000000 00000000 00000000 0e77f09 1000000 00000000
00000000 00000000 00000000 00000000 00000000 00000000 00000000 0df540c 1000000 00000000
00000000 00000000 00000000 00000000 00000000 00000000 00000000 0d7290f 1000000 00000000
00000000 00000000 00000000 00000000 00000000 00000000 00000000 0cefe13 1000000 00000000
00000000 00000000 00000000 00000000 00000000 00000000 00000000 0c6d316 1000000 00000000
00000000 00000000 00000000 00000000 00000000 00000000 00000000 0bea819 1000000 00000000
00000000 00000000 00000000 00000000 00000000 00000000 00000000 0b67d1c 1000000 00000000
00000000 00000000 00000000 00000000 00000000 00000000 00000000 0ae521f 1000000 00000000
00000000 00000000 00000000 00000000 00000000 00000000 00000000 0a62723 1000000 00000000
00000000 00000000 00000000 00000000 00000000 00000000 00000000 09dfc26 1000000 00000000
00000000 00000000 00000000 00000000 00000000 00000000 00000000 095d129 1000000 00000000
00000000 00000000 00000000 00000000 00000000 00000000 00000000 08da62c 1000000 00000000
00000000 00000000 00000000 00000000 00000000 00000000 00000000 0857b2f 1000000 00000000
00000000 00000000 00000000 00000000 00000000 00000000 00000000 07d5033 1000000 00000000
00000000 00000000 00000000 00000000 00000000 00000000 00000000 0752536 1000000 00000000
00000000 00000000 00000000 00000000 00000000 00000000 00000000 06cfa39 1000000 00000000
00000000 00000000 00000000 00000000 00000000 00000000 00000000 064cf3c 1000000 00000000
00000000 00000000 00000000 00000000 00000000 00000000 00000000 05ca43f 1000000 00000000
00000000 00000000 00000000 00000000 00000000 00000000 00000000 0547942 1000000 00000000
00000000 00000000 00000000 00000000 00000000 00000000 00000000 04c4e46 1000000 00000000
00000000 00000000 00000000 00000000 00000000 00000000 00000000 0442349 1000000 00000000
00000000 00000000 00000000 00000000 00000000 00000000 00000000 03bf84c 1000000 00000000
00000000 00000000 00000000 00000000 00000000 00000000 00000000 0f7d503 0ffffff 000822d1
00000000 00000000 00000000 00000000 00000000 00000000 00000000 0efaa06 1000000 001045a4
00000000 00000000 00000000 00000000 00000000 00000000 00000000 0e77f09 1000000 00186876
00000000 00000000 00000000 00000000 00000000 00000000 00000000 0df540c 1000000 00208b48
00000000 00000000 00000000 00000000 00000000 00000000 00000000 0d7290f 1000000 0028ae1a
00000000 00000000 00000000 00000000 00000000 00000000 00000000 0cefe13 1000000 0030d0eb
00000000 00000000 00000000 00000000 00000000 00000000 00000000 0c6d316 1000000 0038f3bd
00000000 00000000 00000000 00000000 00000000 00000000 00000000 0bea819 1000000 0041168f
00000000 00000000 00000000 00000000 00000000 00000000 00000000 0b67d1c 1000000 00493961
00000000 00000000 00000000 00000000 00000000 00000000 00000000 0ae521f 1000000 00515c33
00000000 00000000 00000000 00000000 00000000 00000000 00000000 0a62723 1000000 00597f04
00000000 00000000 00000000 00000000 00000000 00000000 00000000 09dfc26 1000000 0061a1d6
00000000 00000000 00000000 00000000 00000000 00000000 00000000 095d129 1000000 0069c4a8
00000000 00000000 00000000 00000000 00000000 00000000 00000000 08da62c 1000000 0071e77a
00000000 00000000 00000000 00000000 00000000 00000000 00000000 0857b2f 1000000 007a0a4c
00000000 00000000 00000000 00000000 00000000 00000000 00000000 07d5033 1000000 00822d1d
00000000 00000000 00000000 00000000 00000000 00000000 00000000 0752536 1000000 008a4fef
00000000 00000000 00000000 00000000 00000000 00000000 00000000 06cfa39 1000000 009272c1
00000000 00000000 00000000 00000000 00000000 00000000 00000000 064cf3c 1000000 009a9593
00000000 00000000 00000000 00000000 00000000 00000000 00000000 05ca43f 1000000 00a2b865
00000000 00000000 00000000 00000000 00000000 00000000 00000000 0547942 1000000 00aadb37
00000000 00000000 00000000 00000000 00000000 00000000 00000000 04c4e46 1000000 00b2fe08
00000000 00000000 00000000 00000000 00000000 00000000 00000000 0442349 1000000 00bb20da
00000000 00000000 00000000 00000000 00000000 00000000 00000000 03bf84c 1000000 00c343ac
00000000 00000000 00000000 00000000 00000000 00000000 00000000 0f7d503 0ffffff 00fe0000
00000000 00000000 00000000 00000000 00000000 00000000 00000000 0efaa06 1000000 00fe0000
00000000 00000000 00000000 00000000 00000000 00000000 00000000 0e77f09 1000000 00fe0000
00000000 00000000 00000000 00000000 00000000 00000000 00000000 0df540c 1000000 00fe0000
00000000 00000000 00000000 00000000 00000000 00000000 00000000 0d7290f 1000000 00fe0000
00000000 00000000 00000000 00000000 00000000 00000000 00000000 0cefe13 1000000 00fe0000
00000000 00000000 00000000 00000000 00000000 00000000 00000000 0c6d316 1000000 00fe0000
00000000 00000000 00000000 00000000 00000000 00000000 00000000 0bea819 1000000 00fe0000
00000000 00000000 00000000 00000000 00000000 00000000 00000000 0b67d1c 1000000 00fe0000
00000000 00000000 00000000 00000000 00000000 00000000 00000000 0ae521f 1000000 00fe0000
00000000 00000000 00000000 00000000 00000000 00000000 00000000 0a62723 1000000 00fe0000
00000000 00000000 00000000 00000000 00000000 00000000 00000000 09dfc26 1000000 00fe0000
00000000 00000000 00000000 00000000 00000000 00000000 00000000 095d129 1000000 00fe0000
00000000 00000000 00000000 00000000 00000000 00000000 00000000 08da62c 1000000 00fe0000
00000000 00000000 00000000 00000000 00000000 00000000 00000000 0857b2f 1000000 00fe0000
00000000 00000000 00000000 00000000 00000000 00000000 00000000 07d5033 1000000 00fe0000
00000000 00000000 00000000 00000000 00000000 00000000 00000000 0752536 1000000 00fe0000
00000000 00000000 00000000 00000000 00000000 00000000 00000000 06cfa39 1000000 00fe0000
00000000 00000000 00000000 00000000 00000000 00000000 00000000 064cf3c 1000000 00fe0000
00000000 00000000 00000000 00000000 00000000 00000000 00000000 05ca43f 1000000 00fe0000
00000000 00000000 00000000 00000000 00000000 00000000 00000000 0547942 1000000 00fe0000
00000000 00000000 00000000 00000000 00000000 00000000 00000000 04c4e46 1000000 00fe0000
00000000 00000000 00000000 00000000 00000000 00000000 00000000 0442349 1000000 00fe0000
00000000 00000000 00000000 00000000 00000000 00000000 00000000 03bf84c 1000000 00fe0000
00000000 00000000 00000000 00000000 00000000 00000000 00000000 0f7d503 0ffffff 00066195
00000000 00000000 00000000 00000000 00000000 00000000 00000000 0efaa06 1000000 000cc32b
00000000 00000000 00000000 00000000 00000000 00000000 00000000 0e77f09 1000000 001324c0
00000000 00000000 00000000 00000000 00000000 00000000 00000000 0df540c 1000000 00198656
00000000 00000000 00000000 00000000 00000000 00000000 00000000 0d7290f 1000000 001fe7ec
00000000 00000000 00000000 00000000 00000000 00000000 00000000 0cefe13 1000000 00264981
00000000 00000000 00000000 00000000 00000000 00000000 00000000 0c6d316 1000000 002cab16
00000000 00000000 00000000 00000000 00000000 00000000 00000000 0bea819 1000000 00330cac
00000000 00000000 00000000 00000000 00000000 00000000 00000000 0b67d1c 1000000 00396e42
00000000 00000000 00000000 00000000 00000000 00000000 00000000 0ae521f 1000000 003fcfd7
00000000 00000000 00000000 00000000 00000000 00000000 00000000 0a62723 1000000 0046316c
00000000 00000000 00000000 00000000 00000000 00000000 00000000 09dfc26 1000000 004c9302
00000000 00000000 00000000 00000000 00000000 00000000 00000000 095d129 1000000 0052f497
00000000 00000000 00000000 00000000 00000000 00000000 00000000 08da62c 1000000 0059562d
00000000 00000000 00000000 00000000 00000000 00000000 00000000 0857b2f 1000000 005fb7c3
00000000 00000000 00000000 00000000 00000000 00000000 00000000 07d5033 1000000 00661958
00000000 00000000 00000000 00000000 00000000 00000000 00000000 0752536 1000000 006c7aed
00000000 00000000 00000000 00000000 00000000 00000000 00000000 06cfa39 1000000 0072dc83
00000000 00000000 00000000 00000000 00000000 00000000 00000000 064cf3c 1000000 00793e19
00000000 00000000 00000000 00000000 00000000 00000000 00000000 05ca43f 1000000 007f9fae
00000000 00000000 00000000 00000000 00000000 00000000 00000000 0547942 1000000 00860144
00000000 00000000 00000000 00000000 00000000 00000000 00000000 04c4e46 1000000 008c62d9
00000000 00000000 00000000 00000000 00000000 00000000 00000000 0442349 1000000 0092c46e
00000000 00000000 00000000 00000000 00000000 00000000 00000000 03bf84c 1000000 00992604
00000000 00000000 00000000 00000000 00000000 00000000 00000000 0f7d503 0ffffff 00066195
00000000 00000000 00000000 00000000 00000000 00000000 00000000 0efaa06 1000000 000cc32b
00000000 00000000 00000000 00000000 00000000 00000000 00000000 0e77f09 1000000 001324c0
00000000 00000000 00000000 00000000 00000000 00000000 00000000 0df540c 1000000 00198656
00000000 00000000 00000000 00000000 00000000 00000000 00000000 0d7290f 1000000 001fe7ec
00000000 00000000 00000000 00000000 00000000 00000000 00000000 0cefe13 1000000 00264981
00000000 00000000 00000000 00000000 00000000 00000000 00000000 0c6d316 1000000 002cab16
00000000 00000000 00000000 00000000 00000000 00000000 00000000 0bea819 1000000 00330cac
00000000 00000000 00000000 00000000 00000000 00000000 00000000 0b67d1c 1000000 00396e42
00000000 00000000 00000000 00000000 00000000 00000000 00000000 0ae521f 1000000 003fcfd7
00000000 00000000 00000000 00000000 00000000 00000000 00000000 0a62723 1000000 0046316c
00000000 00000000 00000000 00000000 00000000 00000000 00000000 09dfc26 1000000 004c9302
00000000 00000000 00000000 00000000 00000000 00000000 00000000 095d129 1000000 0052f497
00000000 00000000 00000000 00000000 00000000 00000000 00000000 08da62c 1000000 0059562d
00000000 00000000 00000000 00000000 00000000 00000000 00000000 0857b2f 1000000 005fb7c3
00000000 00000000 00000000 00000000 00000000 00000000 00000000 07d5033 1000000 00661958
00000000 00000000 00000000 00000000 00000000 00000000 00000000 0752536 1000000 006c7aed
00000000 00000000 00000000 00000000 00000000 00000000 00000000 06cfa39 1000000 0072dc83
00000000 00000000 00000000 00000000 00000000 00000000 00000000 064cf3c 1000000 00793e19
00000000 00000000 00000000 00000000 00000000 00000000 00000000 05ca43f 1000000 007f9fae
00000000 00000000 00000000 00000000 00000000 00000000 00000000 0547942 1000000 00860144
00000000 00000000 00000000 00000000 00000000 00000000 00000000 04c4e46 1000000 008c62d9
00000000 00000000 00000000 00000000 00000000 00000000 00000000 0442349 1000000 0092c46e
00000000 00000000 00000000 00000000 00000000 00000000 00000000 03bf84c 1000000 00992604
00000000 00000000 00000000 00000000 00000000 00000000 00e5a512 07fee4a 0000000 00640dd6
00000000 00000000 00000000 00000000 00000000 00000000 00e34a24 07fdc95 0000000 00641bab
00000000 00000000 00000000 00000000 00000000 00000000 00e0ef36 07fcae0 0000000 00642981
00000000 00000000 00000000 00000000 00000000 00000000 00de9448 07fb92a 0000000 00643757
00000000 00000000 00000000 00000000 00000000 00000000 00dc395a 07fa775 0000000 0064452c
00000000 00000000 00000000 00000000 00000000 00000000 00d9de6c 07f95bd 0000000 00645304
00000000 00000000 00000000 00000000 00000000 00000000 00d7837e 07f8407 0000000 006460da
00000000 00000000 00000000 00000000 00000000 00000000 00d52890 07f7252 0000000 00646eaf
00000000 00000000 00000000 00000000 00000000 00000000 00d2cda2 07f609d 0000000 00647c85
00000000 00000000 00000000 00000000 00000000 00000000 00d072b4 07f4ee7 0000000 00648a5b
00000000 00000000 00000000 00000000 00000000 00000000 ff6fe34a 00309f8 0000000 00c5a036
00000000 00000000 00000000 00000000 00000000 00000000 ff700000 005db90 0000000 00c36c77
00000000 00000000 00000000 00000000 00000000 00000000 ff700000 008ad29 0000000 00c138b7
00000000 00000000 00000000 00000000 00000000 00000000 ff700000 00b7ec1 0000000 00bf04f9
00000000 00000000 00000000 00000000 00000000 00000000 ff700000 00e505a 0000000 00bcd139
00000000 00000000 00000000 00000000 00000000 00000000 ff700000 01121f2 0000000 00ba9d7a
00000000 00000000 00000000 00000000 00000000 00000000 ff700000 013f38b 0000000 00b869bb
00000000 00000000 00000000 00000000 00000000 00000000 ff700000 016c523 0000000 00b635fc
00000000 00000000 00000000 00000000 00000000 00000000 ff700000 01996bc 0000000 00b4023d
00000000 00000000 00000000 00000000 00000000 00000000 ff700000 01c6854 0000000 00b1ce7e
00000000 00000000 00000000 00000000 00000000 00000000 00ded07c 0c7240f 0ffffff 002c6bd4
00000000 00000000 00000000 00000000 00000000 00000000 00dda0f8 0c718c9 1000000 002c74a2
00000000 00000000 00000000 00000000 00000000 00000000 00df09e8 0c70d83 1000000 002c7d71
00000000 00000000 00000000 00000000 00000000 00000000 00e00000 0c7023c 1000000 002c8641
00000000 00000000 00000000 00000000 00000000 00000000 00e00000 0c6f6f6 1000000 002c8f0f
00000000 00000000 00000000 00000000 00000000 00000000 00e00000 0c6ebaf 1000000 002c97df
00000000 00000000 00000000 00000000 00000000 00000000 00e00000 0c6e069 1000000 002ca0ad
00000000 00000000 00000000 00000000 00000000 00000000 00e00000 0c6d523 1000000 002ca97c
00000000 00000000 00000000 00000000 00000000 00000000 00e00000 0c6c9dc 1000000 002cb24c
00000000 00000000 00000000 00000000 00000000 00000000 00e00000 0c6be96 1000000 002cbb1a
00000000 00000000 00000000 00000000 00000000 00000000 00579976 01d931e 0000000 00b0e510
00000000 00000000 00000000 00000000 00000000 00000000 005732ec 01e8587 0000000 00b027ae
00000000 00000000 00000000 00000000 00000000 00000000 0056cc62 01f77f0 0000000 00af6a4c
00000000 00000000 00000000 00000000 00000000 00000000 0057955c 0206a59 0000000 00aeacea
00000000 00000000 00000000 00000000 00000000 00000000 00580000 0215cc2 0000000 00adef88
00000000 00000000 00000000 00000000 00000000 00000000 00580000 0224f2c 0000000 00ad3225
00000000 00000000 00000000 00000000 00000000 00000000 00580000 0234195 0000000 00ac74c3
00000000 00000000 00000000 00000000 00000000 00000000 00580000 02433fe 0000000 00abb761
00000000 00000000 00000000 00000000 00000000 00000000 00580000 0252667 0000000 00aaf9ff
00000000 00000000 00000000 00000000 00000000 00000000 00580000 02618d1 0000000 00aa3c9c
00000000 00000000 00000000 00000000 00000000 00000000 ff96afac 0000000 0ffffff 00c80000
00000000 00000000 00000000 00000000 00000000 00000000 ff955f58 0000000 1000000 00c80000
00000000 00000000 00000000 00000000 00000000 00000000 ff940f04 0000000 1000000 00c80000
00000000 00000000 00000000 00000000 00000000 00000000 ff92beb0 0000000 1000000 00c80000
00000000 00000000 00000000 00000000 00000000 00000000 ff937328 0000000 1000000 00c80000
00000000 00000000 00000000 00000000 00000000 00000000 ff9427a0 0000000 1000000 00c80000
00000000 00000000 00000000 00000000 00000000 00000000 ff94dc18 0000000 1000000 00c80000
00000000 00000000 00000000 00000000 00000000 00000000 ff959090 0000000 1000000 00c80000
00000000 00000000 00000000 00000000 00000000 00000000 ff964508 0000000 1000000 00c80000
00000000 00000000 00000000 00000000 00000000 00000000 ff96f980 0000000 1000000 00c80000
00000000 00000000 00000000 00000000 00000000 00000000 ffdabd5e 07c5578 0000000 0066dd3a
00000000 00000000 00000000 00000000 00000000 00000000 ffdd7abc 0795c8e 0000000 00692fb1
00000000 00000000 00000000 00000000 00000000 00000000 ffe0381a 076648d 0000000 006b8171
00000000 00000000 00000000 00000000 00000000 00000000 ffe2f578 0736ddf 0000000 006dd229
00000000 00000000 00000000 00000000 00000000 00000000 ffe5b2d6 07078ef 0000000 00702185
00000000 00000000 00000000 00000000 00000000 00000000 ffe4f62a 06d8628 0000000 00726f30
00000000 00000000 00000000 00000000 00000000 00000000 ffe4397e 06a95ed 0000000 0074bade
00000000 00000000 00000000 00000000 00000000 00000000 ffe37cd2 067a8a6 0000000 0077043e
00000000 00000000 00000000 00000000 00000000 00000000 ffe2c026 064beba 0000000 00794afe
00000000 00000000 00000000 00000000 00000000 00000000 ffe2037a 061d899 0000000 007b8ec8
00000000 00000000 00000000 00000000 00000000 00000000 ffc8189c 02a0000 0000000 00a73000
00000000 00000000 00000000 00000000 00000000 00000000 ffc83138 02a0000 0000000 00a73000
00000000 00000000 00000000 00000000 00000000 00000000 ffc849d4 02a0000 0000000 00a73000
00000000 00000000 00000000 00000000 00000000 00000000 ffc86270 02a0000 0000000 00a73000
00000000 00000000 00000000 00000000 00000000 00000000 ffc87b0c 02a0000 0000000 00a73000
00000000 00000000 00000000 00000000 00000000 00000000 ffc893a8 02a0000 0000000 00a73000
00000000 00000000 00000000 00000000 00000000 00000000 ffc80000 02a0000 0000000 00a73000
00000000 00000000 00000000 00000000 00000000 00000000 ffc80000 02a0000 0000000 00a73000
00000000 00000000 00000000 00000000 00000000 00000000 ffc80000 02a0000 0000000 00a73000
00000000 00000000 00000000 00000000 00000000 00000000 ffc80000 02a0000 0000000 00a73000
00000000 00000000 00000000 00000000 00000000 00000000 00a7fbe6 0000000 0000000 00c80000
00000000 00000000 00000000 00000000 00000000 00000000 00a7f7cc 0000000 0000000 00c80000
00000000 00000000 00000000 00000000 00000000 00000000 00a7f3b2 0000000 0000000 00c80000
00000000 00000000 00000000 00000000 00000000 00000000 00a7ef98 0000000 0000000 00c80000
00000000 00000000 00000000 00000000 00000000 00000000 00a7eb7e 0000000 0000000 00c80000
00000000 00000000 00000000 00000000 00000000 00000000 00a7e764 0000000 0000000 00c80000
00000000 00000000 00000000 00000000 00000000 00000000 00a7e34a 0000000 0000000 00c80000
00000000 00000000 00000000 00000000 00000000 00000000 00a80000 0000000 0000000 00c80000
00000000 00000000 00000000 00000000 00000000 00000000 00a80000 0000000 0000000 00c80000
00000000 00000000 00000000 00000000 00000000 00000000 00a80000 0000000 0000000 00c80000
00000000 00000000 00000000 00000000 00000000 00000000 005fdb16 0a463a0 0ffffff 005b40c3
00000000 00000000 00000000 00000000 00000000 00000000 005fb62c 0a45dfd 1000000 005b4660
00000000 00000000 00000000 00000000 00000000 00000000 005f9142 0a4585a 1000000 005b4bfe
00000000 00000000 00000000 00000000 00000000 00000000 005f6c58 0a452b6 1000000 005b519c
00000000 00000000 00000000 00000000 00000000 00000000 005f476e 0a44d13 1000000 005b573a
00000000 00000000 00000000 00000000 00000000 00000000 005f2284 0a44770 1000000 005b5cd7
00000000 00000000 00000000 00000000 00000000 00000000 005efd9a 0a441cd 1000000 005b6274
00000000 00000000 00000000 00000000 00000000 00000000 005ed8b0 0a43c2a 1000000 005b6812
00000000 00000000 00000000 00000000 00000000 00000000 005ef980 0a43687 1000000 005b6daf
00000000 00000000 00000000 00000000 00000000 00000000 005f1a50 0a430e3 1000000 005b734d
00000000 00000000 00000000 00000000 00000000 00000000 ff63616e 07726dc 0000000 006ae9a4
00000000 00000000 00000000 00000000 00000000 00000000 ff66c2dc 06e5890 0000000 0071cacf
00000000 00000000 00000000 00000000 00000000 00000000 ff6a244a 0659fdd 0000000 00789b1b
00000000 00000000 00000000 00000000 00000000 00000000 ff6d85b8 05d077a 0000000 007f5228
00000000 00000000 00000000 00000000 00000000 00000000 ff70e726 05499f3 0000000 0085e7ba
00000000 00000000 00000000 00000000 00000000 00000000 ff744894 04c618f 0000000 008c53c8
00000000 00000000 00000000 00000000 00000000 00000000 ff77aa02 0446855 0000000 00928e7d
00000000 00000000 00000000 00000000 00000000 00000000 ff7b0b70 03cb82d 0000000 0098901c
00000000 00000000 00000000 00000000 00000000 00000000 ff7e6cde 0355a6b 0000000 009e515c
00000000 00000000 00000000 00000000 00000000 00000000 ff7b5544 02e580a 0000000 00a3cb38
00000000 00000000 00000000 00000000 00000000 00000000 fe192f84 0000000 0000000 00c80000
00000000 00000000 00000000 00000000 00000000 00000000 fe1a5f08 0000000 0000000 00c80000
00000000 00000000 00000000 00000000 00000000 00000000 fe1b8e8c 0000000 0000000 00c80000
00000000 00000000 00000000 00000000 00000000 00000000 fe1cbe10 0000000 0000000 00c80000
00000000 00000000 00000000 00000000 00000000 00000000 fe1ded94 0000000 0000000 00c80000
00000000 00000000 00000000 00000000 00000000 00000000 fe1f1d18 0000000 0000000 00c80000
00000000 00000000 00000000 00000000 00000000 00000000 fe204c9c 0000000 0000000 00c80000
00000000 00000000 00000000 00000000 00000000 00000000 fe217c20 0000000 0000000 00c80000
00000000 00000000 00000000 00000000 00000000 00000000 fe22aba4 0000000 0000000 00c80000
00000000 00000000 00000000 00000000 00000000 00000000 fe23db28 0000000 0000000 00c80000
00000000 00000000 00000000 00000000 00000000 00000000 01144870 0fcf607 0ffffff 000306ef
00000000 00000000 00000000 00000000 00000000 00000000 011090e0 0fa246f 1000000 0005d5b5
00000000 00000000 00000000 00000000 00000000 00000000 010cd950 0f752d6 1000000 0008a47c
00000000 00000000 00000000 00000000 00000000 00000000 010921c0 0f4813e 1000000 000b7343
00000000 00000000 00000000 00000000 00000000 00000000 01056a30 0f1afa5 1000000 000e420a
00000000 00000000 00000000 00000000 00000000 00000000 0101b2a0 0eede0d 1000000 001110d1
00000000 00000000 00000000 00000000 00000000 00000000 00fdfb10 0ec0c74 1000000 0013df98
00000000 00000000 00000000 00000000 00000000 00000000 00fa4380 0e93adc 1000000 0016ae5e
00000000 00000000 00000000 00000000 00000000 00000000 00f68bf0 0e66943 1000000 00197d26
00000000 00000000 00000000 00000000 00000000 00000000 00f2d460 0e397ab 1000000 001c4bec
00000000 00000000 00000000 00000000 00000000 00000000 003f80da 02b8de1 0000000 00a5f928
00000000 00000000 00000000 00000000 00000000 00000000 003fa1aa 029576f 0000000 00a7b3b1
00000000 00000000 00000000 00000000 00000000 00000000 003fc27a 0272cef 0000000 00a964e5
00000000 00000000 00000000 00000000 00000000 00000000 003fe34a 0250eda 0000000 00ab0c65
00000000 00000000 00000000 00000000 00000000 00000000 00400000 022fd4d 0000000 00acaa1b
00000000 00000000 00000000 00000000 00000000 00000000 00400000 020f894 0000000 00ae3dcc
00000000 00000000 00000000 00000000 00000000 00000000 00400000 01f00f4 0000000 00afc741
00000000 00000000 00000000 00000000 00000000 00000000 00400000 01d16c2 0000000 00b14638
00000000 00000000 00000000 00000000 00000000 00000000 00400000 01b3a56 0000000 00b2ba6c
00000000 00000000 00000000 00000000 00000000 00000000 00400000 0196bcc 0000000 00b423c8
00000000 00000000 00000000 00000000 00000000 00000000 01176c58 0efaa06 0000000 000cc32b
00000000 00000000 00000000 00000000 00000000 00000000 0116d8b0 0df540c 0000000 00198656
00000000 00000000 00000000 00000000 00000000 00000000 0116f980 0cefe13 0000000 00264981
00000000 00000000 00000000 00000000 00000000 00000000 01171a50 0bea819 0000000 00330cac
00000000 00000000 00000000 00000000 00000000 00000000 01173b20 0ae521f 0000000 003fcfd7
00000000 00000000 00000000 00000000 00000000 00000000 01175bf0 09dfc26 0000000 004c9302
00000000 00000000 00000000 00000000 00000000 00000000 01177cc0 08da62c 0000000 0059562d
00000000 00000000 00000000 00000000 00000000 00000000 01179d90 07d5033 0000000 00661958
00000000 00000000 00000000 00000000 00000000 00000000 0117be60 06cfa39 0000000 0072dc83
00000000 00000000 00000000 00000000 00000000 00000000 0117df30 05ca43f 0000000 007f9fae
00000000 00000000 00000000 00000000 00000000 00000000 0077e764 00d2500 0000000 00bdbb18
00000000 00000000 00000000 00000000 00000000 00000000 0077cec8 00e7d08 0000000 00bcae51
00000000 00000000 00000000 00000000 00000000 00000000 0077b62c 00fe4b6 0000000 00bb9551
00000000 00000000 00000000 00000000 00000000 00000000 00779d90 0115bfe 0000000 00ba7021
00000000 00000000 00000000 00000000 00000000 00000000 007784f4 012e29a 0000000 00b93ef7
00000000 00000000 00000000 00000000 00000000 00000000 00776c58 0147840 0000000 00b8020e
00000000 00000000 00000000 00000000 00000000 00000000 007753bc 0161cb8 0000000 00b6b990
00000000 00000000 00000000 00000000 00000000 00000000 00773b20 017cfc8 0000000 00b565ab
00000000 00000000 00000000 00000000 00000000 00000000 00772284 0199169 0000000 00b40665
00000000 00000000 00000000 00000000 00000000 00000000 007709e8 01b612b 0000000 00b29c16
00000000 00000000 00000000 00000000 00000000 00000000 0206f980 0a4d460 0ffffff 00473a15
00000000 00000000 00000000 00000000 00000000 00000000 0205f300 0a4cebd 1000000 00473e7c
00000000 00000000 00000000 00000000 00000000 00000000 0204ec80 0a4c919 1000000 004742e4
00000000 00000000 00000000 00000000 00000000 00000000 0203e600 0a4c376 1000000 0047474b
00000000 00000000 00000000 00000000 00000000 00000000 020450a4 0a4bdd3 1000000 00474bb3
00000000 00000000 00000000 00000000 00000000 00000000 0204bb48 0a4b830 1000000 0047501a
00000000 00000000 00000000 00000000 00000000 00000000 020525ec 0a4b28d 1000000 00475481
00000000 00000000 00000000 00000000 00000000 00000000 02059090 0a4acea 1000000 004758e9
00000000 00000000 00000000 00000000 00000000 00000000 0205fb34 0a4a746 1000000 00475d51
00000000 00000000 00000000 00000000 00000000 00000000 020665d8 0a4a1a3 1000000 004761b8
00000000 00000000 00000000 00000000 00000000 00000000 fec91f1c 0ff0d96 0000000 0000bd62
00000000 00000000 00000000 00000000 00000000 00000000 feca3e38 0fe1b2d 0000000 00017ac4
00000000 00000000 00000000 00000000 00000000 00000000 fecb5d54 0fd28c4 0000000 00023826
00000000 00000000 00000000 00000000 00000000 00000000 fecc7c70 0fc365b 0000000 0002f588
00000000 00000000 00000000 00000000 00000000 00000000 fecd9b8c 0fb43f1 0000000 0003b2eb
00000000 00000000 00000000 00000000 00000000 00000000 fecd4984 0fa5188 0000000 0004704d
00000000 00000000 00000000 00000000 00000000 00000000 feccf77c 0f95f1f 0000000 00052daf
00000000 00000000 00000000 00000000 00000000 00000000 fecca574 0f86cb6 0000000 0005eb11
00000000 00000000 00000000 00000000 00000000 00000000 fecc536c 0f77a4c 0000000 0006a874
00000000 00000000 00000000 00000000 00000000 00000000 fecc0164 0f687e3 0000000 000765d6
00000000 00000000 00000000 00000000 00000000 00000000 0247df30 06682ea 0000000 0077e9b9
00000000 00000000 00000000 00000000 00000000 00000000 0247be60 04e0b2e 0000000 008b0744
00000000 00000000 00000000 00000000 00000000 00000000 02479d90 037939d 0000000 009c94ad
00000000 00000000 00000000 00000000 00000000 00000000 02477cc0 02402cf 0000000 00abddce
00000000 00000000 00000000 00000000 00000000 00000000 02475bf0 0142130 0000000 00b84612
00000000 00000000 00000000 00000000 00000000 00000000 02473b20 0089189 0000000 00c14e4c
00000000 00000000 00000000 00000000 00000000 00000000 02480000 001caba 0000000 00c6999e
00000000 00000000 00000000 00000000 00000000 00000000 02480000 00011f4 0000000 00c7f1f9
00000000 00000000 00000000 00000000 00000000 00000000 02480000 00378d3 0000000 00c5499b
00000000 00000000 00000000 00000000 00000000 00000000 02480000 00bdccd 0000000 00bebb7f
00000000 00000000 00000000 00000000 00000000 00000000 0187be60 059d8dc 0ffffff 00a580fc
00000000 00000000 00000000 00000000 00000000 00000000 01877cc0 06203d9 1000000 009d5e2a
00000000 00000000 00000000 00000000 00000000 00000000 01873b20 06a2ed6 1000000 00953b58
00000000 00000000 00000000 00000000 00000000 00000000 0186f980 07259d3 1000000 008d1886
00000000 00000000 00000000 00000000 00000000 00000000 0186b7e0 07a84d0 1000000 0084f5b4
00000000 00000000 00000000 00000000 00000000 00000000 01867640 082afcc 1000000 007cd2e3
00000000 00000000 00000000 00000000 00000000 00000000 018634a0 08adac9 1000000 0074b011
00000000 00000000 00000000 00000000 00000000 00000000 0185f300 09305c6 1000000 006c8d3f
00000000 00000000 00000000 00000000 00000000 00000000 0185b160 09b30c3 1000000 00646a6d
00000000 00000000 00000000 00000000 00000000 00000000 01856fc0 0a35bc0 1000000 005c479b
00000000 00000000 00000000 00000000 00000000 00000000 ff20ede4 0570d7a 0000000 0083fd78
00000000 00000000 00000000 00000000 00000000 00000000 ff21dbc8 0676373 0000000 00773a4e
00000000 00000000 00000000 00000000 00000000 00000000 ff22c9ac 077b96d 0000000 006a7722
00000000 00000000 00000000 00000000 00000000 00000000 ff23b790 0880f66 0000000 005db3f8
00000000 00000000 00000000 00000000 00000000 00000000 ff24a574 0986560 0000000 0050f0cd
00000000 00000000 00000000 00000000 00000000 00000000 ff259358 0a8bb5a 0000000 00442da1
00000000 00000000 00000000 00000000 00000000 00000000 ff26813c 0b91153 0000000 00376a77
00000000 00000000 00000000 00000000 00000000 00000000 ff276f20 0c9674d 0000000 002aa74b
00000000 00000000 00000000 00000000 00000000 00000000 ff270cb0 0d9bd47 0000000 001de420
00000000 00000000 00000000 00000000 00000000 00000000 ff26aa40 0ea1340 0000000 001120f6
00000000 00000000 00000000 00000000 00000000 00000000 00b84dee 07726dc 0ffffff 006ae9a4
00000000 00000000 00000000 00000000 00000000 00000000 00b89bdc 06e5890 1000000 0071cacf
00000000 00000000 00000000 00000000 00000000 00000000 00b8e9ca 0659fdd 1000000 00789b1b
00000000 00000000 00000000 00000000 00000000 00000000 00b937b8 05d077a 1000000 007f5228
00000000 00000000 00000000 00000000 00000000 00000000 00b985a6 05499f3 1000000 0085e7ba
00000000 00000000 00000000 00000000 00000000 00000000 00b9d394 04c618f 1000000 008c53c8
00000000 00000000 00000000 00000000 00000000 00000000 00ba2182 0446855 1000000 00928e7d
00000000 00000000 00000000 00000000 00000000 00000000 00ba6f70 03cb82d 1000000 0098901c
00000000 00000000 00000000 00000000 00000000 00000000 00babd5e 0355a6b 1000000 009e515c
00000000 00000000 00000000 00000000 00000000 00000000 00b80000 02e580a 1000000 00a3cb38
00000000 00000000 00000000 00000000 00000000 00000000 fef8189c 02a0000 0000000 00a73000
00000000 00000000 00000000 00000000 00000000 00000000 fef83138 02a0000 0000000 00a73000
00000000 00000000 00000000 00000000 00000000 00000000 fef849d4 02a0000 0000000 00a73000
00000000 00000000 00000000 00000000 00000000 00000000 fef86270 02a0000 0000000 00a73000
00000000 00000000 00000000 00000000 00000000 00000000 fef87b0c 02a0000 0000000 00a73000
00000000 00000000 00000000 00000000 00000000 00000000 fef893a8 02a0000 0000000 00a73000
00000000 00000000 00000000 00000000 00000000 00000000 fef8ac44 02a0000 0000000 00a73000
00000000 00000000 00000000 00000000 00000000 00000000 fef8c4e0 02a0000 0000000 00a73000
00000000 00000000 00000000 00000000 00000000 00000000 fef8dd7c 02a0000 0000000 00a73000
00000000 00000000 00000000 00000000 00000000 00000000 fef8f618 02a0000 0000000 00a73000
00000000 00000000 00000000 00000000 00000000 00000000 fc60f618 0ff0d96 0000000 0000bd62
00000000 00000000 00000000 00000000 00000000 00000000 fc61ec30 0fe1b2d 0000000 00017ac4
00000000 00000000 00000000 00000000 00000000 00000000 fc62e248 0fd28c4 0000000 00023826
00000000 00000000 00000000 00000000 00000000 00000000 fc63d860 0fc365b 0000000 0002f588
00000000 00000000 00000000 00000000 00000000 00000000 fc64ce78 0fb43f1 0000000 0003b2eb
00000000 00000000 00000000 00000000 00000000 00000000 fc65c490 0fa5188 0000000 0004704d
00000000 00000000 00000000 00000000 00000000 00000000 fc66baa8 0f95f1f 0000000 00052daf
00000000 00000000 00000000 00000000 00000000 00000000 fc67b0c0 0f86cb6 0000000 0005eb11
00000000 00000000 00000000 00000000 00000000 00000000 fc68a6d8 0f77a4c 0000000 0006a874
00000000 00000000 00000000 00000000 00000000 00000000 fc699cf0 0f687e3 0000000 000765d6
00000000 00000000 00000000 00000000 00000000 00000000 001f4354 00a6a85 0000000 00bfdcc8
00000000 00000000 00000000 00000000 00000000 00000000 00200000 00b5cee 0000000 00bf1f66
00000000 00000000 00000000 00000000 00000000 00000000 00200000 00c4f57 0000000 00be6204
00000000 00000000 00000000 00000000 00000000 00000000 00200000 00d41c1 0000000 00bda4a1
00000000 00000000 00000000 00000000 00000000 00000000 00200000 00e342a 0000000 00bce73f
00000000 00000000 00000000 00000000 00000000 00000000 00200000 00f2693 0000000 00bc29dd
00000000 00000000 00000000 00000000 00000000 00000000 00200000 01018fc 0000000 00bb6c7b
00000000 00000000 00000000 00000000 00000000 00000000 00200000 0110b66 0000000 00baaf18
00000000 00000000 00000000 00000000 00000000 00000000 00200000 011fdcf 0000000 00b9f1b6
00000000 00000000 00000000 00000000 00000000 00000000 00200000 012f038 0000000 00b93454
00000000 00000000 00000000 00000000 00000000 00000000 0001753e 07fee4a 0000000 00640dd6
00000000 00000000 00000000 00000000 00000000 00000000 0002ea7c 07fdc95 0000000 00641bab
00000000 00000000 00000000 00000000 00000000 00000000 0002c9ac 07fcae0 0000000 00642981
00000000 00000000 00000000 00000000 00000000 00000000 0002a8dc 07fb92a 0000000 00643757
00000000 00000000 00000000 00000000 00000000 00000000 0002880c 07fa775 0000000 0064452c
00000000 00000000 00000000 00000000 00000000 00000000 0002673c 07f95bd 0000000 00645304
00000000 00000000 00000000 00000000 00000000 00000000 0002466c 07f8407 0000000 006460da
00000000 00000000 00000000 00000000 00000000 00000000 0002259c 07f7252 0000000 00646eaf
00000000 00000000 00000000 00000000 00000000 00000000 000204cc 07f609d 0000000 00647c85
00000000 00000000 00000000 00000000 00000000 00000000 0001e3fc 07f4ee7 0000000 00648a5b
00000000 00000000 00000000 00000000 00000000 00000000 ffa020d0 06682ea 0000000 0077e9b9
00000000 00000000 00000000 00000000 00000000 00000000 ffa041a0 04e0b2e 0000000 008b0744
00000000 00000000 00000000 00000000 00000000 00000000 ffa06270 037939d 0000000 009c94ad
00000000 00000000 00000000 00000000 00000000 00000000 ffa00000 02402cf 0000000 00abddce
00000000 00000000 00000000 00000000 00000000 00000000 ffa00000 0142130 0000000 00b84612
00000000 00000000 00000000 00000000 00000000 00000000 ffa00000 0089189 0000000 00c14e4c
00000000 00000000 00000000 00000000 00000000 00000000 ffa00000 001caba 0000000 00c6999e
00000000 00000000 00000000 00000000 00000000 00000000 ffa00000 00011f4 0000000 00c7f1f9
00000000 00000000 00000000 00000000 00000000 00000000 ffa00000 00378d3 0000000 00c5499b
00000000 00000000 00000000 00000000 00000000 00000000 ffa00000 00bdccd 0000000 00bebb7f
00000000 00000000 00000000 00000000 00000000 00000000 ff6573da 04c4e46 0000000 008c62d9
00000000 00000000 00000000 00000000 00000000 00000000 ff62e7b4 03bf84c 0000000 00992604
00000000 00000000 00000000 00000000 00000000 00000000 ff605b8e 02ba252 0000000 00a5e92f
00000000 00000000 00000000 00000000 00000000 00000000 ff5dcf68 01b4c59 0000000 00b2ac5a
00000000 00000000 00000000 00000000 00000000 00000000 ff5dd382 00af65f 0000000 00bf6f85
00000000 00000000 00000000 00000000 00000000 00000000 ff5dd79c 0055f99 0000000 00c3cd50
00000000 00000000 00000000 00000000 00000000 00000000 ff5ddbb6 015b593 0000000 00b70a25
00000000 00000000 00000000 00000000 00000000 00000000 ff5ddfd0 0260b8d 0000000 00aa46f9
00000000 00000000 00000000 00000000 00000000 00000000 ff5de3ea 0366186 0000000 009d83cf
00000000 00000000 00000000 00000000 00000000 00000000 ff5de804 046b780 0000000 0090c0a4
00000000 00000000 00000000 00000000 00000000 00000000 01092f84 1000000 0000000 00000000
00000000 00000000 00000000 00000000 00000000 00000000 010a5f08 1000000 0000000 00000000
00000000 00000000 00000000 00000000 00000000 00000000 010b8e8c 1000000 0000000 00000000
00000000 00000000 00000000 00000000 00000000 00000000 010cbe10 1000000 0000000 00000000
00000000 00000000 00000000 00000000 00000000 00000000 010ded94 1000000 0000000 00000000
00000000 00000000 00000000 00000000 00000000 00000000 010d1018 1000000 0000000 00000000
00000000 00000000 00000000 00000000 00000000 00000000 010c329c 1000000 0000000 00000000
00000000 00000000 00000000 00000000 00000000 00000000 010b5520 1000000 0000000 00000000
00000000 00000000 00000000 00000000 00000000 00000000 010a77a4 1000000 0000000 00000000
00000000 00000000 00000000 00000000 00000000 00000000 01099a28 1000000 0000000 00000000
00000000 00000000 00000000 00000000 00000000 00000000 018542a2 0a399c3 0000000 00482fdf
00000000 00000000 00000000 00000000 00000000 00000000 01828544 0a39f66 0000000 00482b78
00000000 00000000 00000000 00000000 00000000 00000000 017fc7e6 0a3a509 0000000 00482710
00000000 00000000 00000000 00000000 00000000 00000000 017d0a88 0a3aaac 0000000 004822a9
00000000 00000000 00000000 00000000 00000000 00000000 017a4d2a 0a3b050 0000000 00481e41
00000000 00000000 00000000 00000000 00000000 00000000 01778fcc 0a3b5f3 0000000 004819da
00000000 00000000 00000000 00000000 00000000 00000000 0174d26e 0a3bb96 0000000 00481572
00000000 00000000 00000000 00000000 00000000 00000000 01721510 0a3c139 0000000 0048110b
00000000 00000000 00000000 00000000 00000000 00000000 016f57b2 0a3c6dc 0000000 00480ca4
00000000 00000000 00000000 00000000 00000000 00000000 016c9a54 0a3cc80 0000000 0048083c
00000000 00000000 00000000 00000000 00000000 00000000 fe1abd5e 02a0000 0000000 00a73000
00000000 00000000 00000000 00000000 00000000 00000000 fe1d7abc 02a0000 0000000 00a73000
00000000 00000000 00000000 00000000 00000000 00000000 fe20381a 02a0000 0000000 00a73000
00000000 00000000 00000000 00000000 00000000 00000000 fe22f578 02a0000 0000000 00a73000
00000000 00000000 00000000 00000000 00000000 00000000 fe25b2d6 02a0000 0000000 00a73000
00000000 00000000 00000000 00000000 00000000 00000000 fe287034 02a0000 0000000 00a73000
00000000 00000000 00000000 00000000 00000000 00000000 fe2b2d92 02a0000 0000000 00a73000
00000000 00000000 00000000 00000000 00000000 00000000 fe2b255e 02a0000 0000000 00a73000
00000000 00000000 00000000 00000000 00000000 00000000 fe2b1d2a 02a0000 0000000 00a73000
00000000 00000000 00000000 00000000 00000000 00000000 fe2b14f6 02a0000 0000000 00a73000
00000000 00000000 00000000 00000000 00000000 00000000 ff88c0c6 02a0000 0ffffff 00a73000
00000000 00000000 00000000 00000000 00000000 00000000 ff89818c 02a0000 1000000 00a73000
00000000 00000000 00000000 00000000 00000000 00000000 ff8a4252 02a0000 1000000 00a73000
00000000 00000000 00000000 00000000 00000000 00000000 ff8b0318 02a0000 1000000 00a73000
00000000 00000000 00000000 00000000 00000000 00000000 ff8bc3de 02a0000 1000000 00a73000
00000000 00000000 00000000 00000000 00000000 00000000 ff8c84a4 02a0000 1000000 00a73000
00000000 00000000 00000000 00000000 00000000 00000000 ff8d456a 02a0000 1000000 00a73000
00000000 00000000 00000000 00000000 00000000 00000000 ff8e0630 02a0000 1000000 00a73000
00000000 00000000 00000000 00000000 00000000 00000000 ff8b92a6 02a0000 1000000 00a73000
00000000 00000000 00000000 00000000 00000000 00000000 ff891f1c 02a0000 1000000 00a73000
00000000 00000000 00000000 00000000 00000000 00000000 012e6e0c 0627394 0000000 007b15b4
00000000 00000000 00000000 00000000 00000000 00000000 012cdc18 062625a 0000000 007b2329
00000000 00000000 00000000 00000000 00000000 00000000 012b4a24 0625123 0000000 007b309c
00000000 00000000 00000000 00000000 00000000 00000000 0129b830 0623fe9 0000000 007b3e11
00000000 00000000 00000000 00000000 00000000 00000000 0128263c 0622eb1 0000000 007b4b85
00000000 00000000 00000000 00000000 00000000 00000000 01269448 0621d7a 0000000 007b58f8
00000000 00000000 00000000 00000000 00000000 00000000 01250254 0620c42 0000000 007b666c
00000000 00000000 00000000 00000000 00000000 00000000 01237060 061fb0b 0000000 007b73df
00000000 00000000 00000000 00000000 00000000 00000000 0121de6c 061e9d1 0000000 007b8154
00000000 00000000 00000000 00000000 00000000 00000000 0121eaba 061d899 0000000 007b8ec8
00000000 00000000 00000000 00000000 00000000 00000000 008af6ca 0f649e0 0000000 00079649
00000000 00000000 00000000 00000000 00000000 00000000 008ded94 0f6443d 0000000 00079ab0
00000000 00000000 00000000 00000000 00000000 00000000 0090e45e 0f63e9a 0000000 00079f17
00000000 00000000 00000000 00000000 00000000 00000000 0093db28 0f638f7 0000000 0007a37f
00000000 00000000 00000000 00000000 00000000 00000000 0096d1f2 0f63353 0000000 0007a7e7
00000000 00000000 00000000 00000000 00000000 00000000 0099c8bc 0f62db0 0000000 0007ac4e
00000000 00000000 00000000 00000000 00000000 00000000 009cbf86 0f6280d 0000000 0007b0b5
00000000 00000000 00000000 00000000 00000000 00000000 009fb650 0f6226a 0000000 0007b51d
00000000 00000000 00000000 00000000 00000000 00000000 00a2ad1a 0f61cc7 0000000 0007b984
00000000 00000000 00000000 00000000 00000000 00000000 00a5a3e4 0f61723 0000000 0007bdec
00000000 00000000 00000000 00000000 00000000 00000000 ff987f26 0ec2301 0ffffff 000f84a7
00000000 00000000 00000000 00000000 00000000 00000000 ff98fe4c 0ec17ba 1000000 000f8d76
00000000 00000000 00000000 00000000 00000000 00000000 ff997d72 0ec0c74 1000000 000f9645
00000000 00000000 00000000 00000000 00000000 00000000 ff99fc98 0ec012e 1000000 000f9f14
00000000 00000000 00000000 00000000 00000000 00000000 ff9a7bbe 0ebf5e7 1000000 000fa7e3
00000000 00000000 00000000 00000000 00000000 00000000 ff9afae4 0ebeaa1 1000000 000fb0b2
00000000 00000000 00000000 00000000 00000000 00000000 ff9b7a0a 0ebdf5b 1000000 000fb980
00000000 00000000 00000000 00000000 00000000 00000000 ff9bf930 0ebd414 1000000 000fc250
00000000 00000000 00000000 00000000 00000000 00000000 ff9c7856 0ebc8ce 1000000 000fcb1f
00000000 00000000 00000000 00000000 00000000 00000000 ff9cf77c 0ebbd87 1000000 000fd3ee
00000000 00000000 00000000 00000000 00000000 00000000 ff38189c 0124c38 0000000 00b9b474
00000000 00000000 00000000 00000000 00000000 00000000 ff380000 01a7735 0000000 00b352de
00000000 00000000 00000000 00000000 00000000 00000000 ff380000 022a232 0000000 00acf148
00000000 00000000 00000000 00000000 00000000 00000000 ff380000 02acd2f 0000000 00a68fb3
00000000 00000000 00000000 00000000 00000000 00000000 ff380000 032f82c 0000000 00a02e1d
00000000 00000000 00000000 00000000 00000000 00000000 ff380000 03b2328 0000000 0099cc88
00000000 00000000 00000000 00000000 00000000 00000000 ff380000 0434e25 0000000 00936af3
00000000 00000000 00000000 00000000 00000000 00000000 ff380000 04b7922 0000000 008d095d
00000000 00000000 00000000 00000000 00000000 00000000 ff380000 053a41f 0000000 0086a7c7
00000000 00000000 00000000 00000000 00000000 00000000 ff380000 05bcf1c 0000000 00804632
00000000 00000000 00000000 00000000 00000000 00000000 033709e8 0000000 0000000 00c80000
00000000 00000000 00000000 00000000 00000000 00000000 033613d0 0000000 0000000 00c80000
00000000 00000000 00000000 00000000 00000000 00000000 03363cd4 0000000 0000000 00c80000
00000000 00000000 00000000 00000000 00000000 00000000 033665d8 0000000 0000000 00c80000
00000000 00000000 00000000 00000000 00000000 00000000 03368edc 0000000 0000000 00c80000
00000000 00000000 00000000 00000000 00000000 00000000 0336b7e0 0000000 0000000 00c80000
00000000 00000000 00000000 00000000 00000000 00000000 0336e0e4 0000000 0000000 00c80000
00000000 00000000 00000000 00000000 00000000 00000000 033709e8 0000000 0000000 00c80000
00000000 00000000 00000000 00000000 00000000 00000000 033732ec 0000000 0000000 00c80000
00000000 00000000 00000000 00000000 00000000 00000000 03375bf0 0000000 0000000 00c80000
00000000 00000000 00000000 00000000 00000000 00000000 ff894406 05abf6d 0000000 00811a72
00000000 00000000 00000000 00000000 00000000 00000000 ff8a880c 058da9a 0000000 00829537
00000000 00000000 00000000 00000000 00000000 00000000 ff8bcc12 056f5c8 0000000 00840ffb
00000000 00000000 00000000 00000000 00000000 00000000 ff8b23e8 05510f5 0000000 00858ac0
00000000 00000000 00000000 00000000 00000000 00000000 ff8a7bbe 0532c23 0000000 00870584
00000000 00000000 00000000 00000000 00000000 00000000 ff89d394 0514750 0000000 00888049
00000000 00000000 00000000 00000000 00000000 00000000 ff892b6a 04f627e 0000000 0089fb0d
00000000 00000000 00000000 00000000 00000000 00000000 ff888340 04d7dac 0000000 008b75d1
00000000 00000000 00000000 00000000 00000000 00000000 ff880000 04b98d9 0000000 008cf096
00000000 00000000 00000000 00000000 00000000 00000000 ff880000 049b407 0000000 008e6b5a
00000000 00000000 00000000 00000000 00000000 00000000 004f1a50 00005a3 0000000 00c7fb98
00000000 00000000 00000000 00000000 00000000 00000000 004e34a0 0000b46 0000000 00c7f731
00000000 00000000 00000000 00000000 00000000 00000000 004d4ef0 00010e9 0000000 00c7f2c9
00000000 00000000 00000000 00000000 00000000 00000000 004c6940 000168c 0000000 00c7ee62
00000000 00000000 00000000 00000000 00000000 00000000 004b8390 0001c2f 0000000 00c7e9fb
00000000 00000000 00000000 00000000 00000000 00000000 004a9de0 00021d3 0000000 00c7e593
00000000 00000000 00000000 00000000 00000000 00000000 0049b830 0002776 0000000 00c7e12b
00000000 00000000 00000000 00000000 00000000 00000000 0048d280 0002d19 0000000 00c7dcc4
00000000 00000000 00000000 00000000 00000000 00000000 0047ecd0 00032bc 0000000 00c7d85d
00000000 00000000 00000000 00000000 00000000 00000000 00470720 000385f 0000000 00c7d3f5
00000000 00000000 00000000 00000000 00000000 00000000 00110680 0000000 0ffffff 00feffff
00000000 00000000 00000000 00000000 00000000 00000000 00120d00 0000000 1000000 00ff0000
00000000 00000000 00000000 00000000 00000000 00000000 00131380 0000000 1000000 00ff0000
00000000 00000000 00000000 00000000 00000000 00000000 00141a00 0000000 1000000 00ff0000
00000000 00000000 00000000 00000000 00000000 00000000 00152080 0000000 1000000 00ff0000
00000000 00000000 00000000 00000000 00000000 00000000 0014eb2e 0000000 1000000 00ff0000
00000000 00000000 00000000 00000000 00000000 00000000 0014b5dc 0000000 1000000 00ff0000
00000000 00000000 00000000 00000000 00000000 00000000 0014808a 0000000 1000000 00ff0000
00000000 00000000 00000000 00000000 00000000 00000000 00144b38 0000000 1000000 00ff0000
00000000 00000000 00000000 00000000 00000000 00000000 001415e6 0000000 1000000 00ff0000
00000000 00000000 00000000 00000000 00000000 00000000 00582904 0000000 0000000 00c80000
00000000 00000000 00000000 00000000 00000000 00000000 00585208 0000000 0000000 00c80000
00000000 00000000 00000000 00000000 00000000 00000000 00587b0c 0000000 0000000 00c80000
00000000 00000000 00000000 00000000 00000000 00000000 0058a410 0000000 0000000 00c80000
00000000 00000000 00000000 00000000 00000000 00000000 0058cd14 0000000 0000000 00c80000
00000000 00000000 00000000 00000000 00000000 00000000 0058f618 0000000 0000000 00c80000
00000000 00000000 00000000 00000000 00000000 00000000 00580000 0000000 0000000 00c80000
00000000 00000000 00000000 00000000 00000000 00000000 00580000 0000000 0000000 00c80000
00000000 00000000 00000000 00000000 00000000 00000000 00580000 0000000 0000000 00c80000
00000000 00000000 00000000 00000000 00000000 00000000 00580000 0000000 0000000 00c80000
00000000 00000000 00000000 00000000 00000000 00000000 ff603138 02a0000 0000000 00a73000
00000000 00000000 00000000 00000000 00000000 00000000 ff606270 02a0000 0000000 00a73000
00000000 00000000 00000000 00000000 00000000 00000000 ff6093a8 02a0000 0000000 00a73000
00000000 00000000 00000000 00000000 00000000 00000000 ff60c4e0 02a0000 0000000 00a73000
00000000 00000000 00000000 00000000 00000000 00000000 ff60f618 02a0000 0000000 00a73000
00000000 00000000 00000000 00000000 00000000 00000000 ff612750 02a0000 0000000 00a73000
00000000 00000000 00000000 00000000 00000000 00000000 ff615888 02a0000 0000000 00a73000
00000000 00000000 00000000 00000000 00000000 00000000 ff613fec 02a0000 0000000 00a73000
00000000 00000000 00000000 00000000 00000000 00000000 ff612750 02a0000 0000000 00a73000
00000000 00000000 00000000 00000000 00000000 00000000 ff610eb4 02a0000 0000000 00a73000
00000000 00000000 00000000 00000000 00000000 00000000 ffd50936 02a0000 0000000 00a73000
00000000 00000000 00000000 00000000 00000000 00000000 ffd2126c 02a0000 0000000 00a73000
00000000 00000000 00000000 00000000 00000000 00000000 ffcf1ba2 02a0000 0000000 00a73000
00000000 00000000 00000000 00000000 00000000 00000000 ffcc24d8 02a0000 0000000 00a73000
00000000 00000000 00000000 00000000 00000000 00000000 ffc92e0e 02a0000 0000000 00a73000
00000000 00000000 00000000 00000000 00000000 00000000 ffc63744 02a0000 0000000 00a73000
00000000 00000000 00000000 00000000 00000000 00000000 ffc3407a 02a0000 0000000 00a73000
00000000 00000000 00000000 00000000 00000000 00000000 ffc049b0 02a0000 0000000 00a73000
00000000 00000000 00000000 00000000 00000000 00000000 ffc1fc74 02a0000 0000000 00a73000
00000000 00000000 00000000 00000000 00000000 00000000 ffc3af38 02a0000 0000000 00a73000
00000000 00000000 00000000 00000000 00000000 00000000 ff4e7e74 0000000 0000000 00c80000
00000000 00000000 00000000 00000000 00000000 00000000 ff4cfce8 0000000 0000000 00c80000
00000000 00000000 00000000 00000000 00000000 00000000 ff4b7b5c 0000000 0000000 00c80000
00000000 00000000 00000000 00000000 00000000 00000000 ff49f9d0 0000000 0000000 00c80000
00000000 00000000 00000000 00000000 00000000 00000000 ff487844 0000000 0000000 00c80000
00000000 00000000 00000000 00000000 00000000 00000000 ff46f6b8 0000000 0000000 00c80000
00000000 00000000 00000000 00000000 00000000 00000000 ff45752c 0000000 0000000 00c80000
00000000 00000000 00000000 00000000 00000000 00000000 ff43f3a0 0000000 0000000 00c80000
00000000 00000000 00000000 00000000 00000000 00000000 ff427214 0000000 0000000 00c80000
00000000 00000000 00000000 00000000 00000000 00000000 ff40f088 0000000 0000000 00c80000
00000000 00000000 00000000 00000000 00000000 00000000 ffe137b8 07726dc 0000000 006ae9a4
00000000 00000000 00000000 00000000 00000000 00000000 ffe26f70 06e5890 0000000 0071cacf
00000000 00000000 00000000 00000000 00000000 00000000 ffe3a728 0659fdd 0000000 00789b1b
00000000 00000000 00000000 00000000 00000000 00000000 ffe4dee0 05d077a 0000000 007f5228
00000000 00000000 00000000 00000000 00000000 00000000 ffe61698 05499f3 0000000 0085e7ba
00000000 00000000 00000000 00000000 00000000 00000000 ffe74e50 04c618f 0000000 008c53c8
00000000 00000000 00000000 00000000 00000000 00000000 ffe88608 0446855 0000000 00928e7d
00000000 00000000 00000000 00000000 00000000 00000000 ffe9bdc0 03cb82d 0000000 0098901c
00000000 00000000 00000000 00000000 00000000 00000000 ffeaf578 0355a6b 0000000 009e515c
00000000 00000000 00000000 00000000 00000000 00000000 ffec2d30 02e580a 0000000 00a3cb38
00000000 00000000 00000000 00000000 00000000 00000000 0247d6fc 0ff0d96 0000000 0000bd62
00000000 00000000 00000000 00000000 00000000 00000000 0247adf8 0fe1b2d 0000000 00017ac4
00000000 00000000 00000000 00000000 00000000 00000000 024784f4 0fd28c4 0000000 00023826
00000000 00000000 00000000 00000000 00000000 00000000 02475bf0 0fc365b 0000000 0002f588
00000000 00000000 00000000 00000000 00000000 00000000 024732ec 0fb43f1 0000000 0003b2eb
00000000 00000000 00000000 00000000 00000000 00000000 024709e8 0fa5188 0000000 0004704d
00000000 00000000 00000000 00000000 00000000 00000000 0246e0e4 0f95f1f 0000000 00052daf
00000000 00000000 00000000 00000000 00000000 00000000 0246b7e0 0f86cb6 0000000 0005eb11
00000000 00000000 00000000 00000000 00000000 00000000 02468edc 0f77a4c 0000000 0006a874
00000000 00000000 00000000 00000000 00000000 00000000 024665d8 0f687e3 0000000 000765d6
00000000 00000000 00000000 00000000 00000000 00000000 02472ed2 00c49b4 0000000 00be666b
00000000 00000000 00000000 00000000 00000000 00000000 02480000 00f1b4d 0000000 00bc32ab
00000000 00000000 00000000 00000000 00000000 00000000 02480000 011ece5 0000000 00b9feed
00000000 00000000 00000000 00000000 00000000 00000000 02480000 014be7e 0000000 00b7cb2d
00000000 00000000 00000000 00000000 00000000 00000000 02480000 0179016 0000000 00b5976e
00000000 00000000 00000000 00000000 00000000 00000000 02480000 01a61af 0000000 00b363af
00000000 00000000 00000000 00000000 00000000 00000000 02480000 01d3347 0000000 00b12ff0
00000000 00000000 00000000 00000000 00000000 00000000 02480000 02004e0 0000000 00aefc31
00000000 00000000 00000000 00000000 00000000 00000000 02480000 022d678 0000000 00acc872
00000000 00000000 00000000 00000000 00000000 00000000 02480000 025a811 0000000 00aa94b2
00000000 00000000 00000000 00000000 00000000 00000000 ffbfb212 02a0000 0000000 00a73000
00000000 00000000 00000000 00000000 00000000 00000000 ffbf6424 02a0000 0000000 00a73000
00000000 00000000 00000000 00000000 00000000 00000000 ffbf9d90 02a0000 0000000 00a73000
00000000 00000000 00000000 00000000 00000000 00000000 ffbfd6fc 02a0000 0000000 00a73000
00000000 00000000 00000000 00000000 00000000 00000000 ffc00000 02a0000 0000000 00a73000
00000000 00000000 00000000 00000000 00000000 00000000 ffc00000 02a0000 0000000 00a73000
00000000 00000000 00000000 00000000 00000000 00000000 ffc00000 02a0000 0000000 00a73000
00000000 00000000 00000000 00000000 00000000 00000000 ffc00000 02a0000 0000000 00a73000
00000000 00000000 00000000 00000000 00000000 00000000 ffc00000 02a0000 0000000 00a73000
00000000 00000000 00000000 00000000 00000000 00000000 ffc00000 02a0000 0000000 00a73000
00000000 00000000 00000000 00000000 00000000 00000000 00c937b8 0fe1b2d 0000000 00017ac4
00000000 00000000 00000000 00000000 00000000 00000000 00ca6f70 0fc365b 0000000 0002f588
00000000 00000000 00000000 00000000 00000000 00000000 00cba728 0fa5188 0000000 0004704d
00000000 00000000 00000000 00000000 00000000 00000000 00cb386a 0f86cb6 0000000 0005eb11
00000000 00000000 00000000 00000000 00000000 00000000 00cac9ac 0f687e3 0000000 000765d6
00000000 00000000 00000000 00000000 00000000 00000000 00ca5aee 0f4a311 0000000 0008e09a
00000000 00000000 00000000 00000000 00000000 00000000 00c9ec30 0f2be3e 0000000 000a5b5f
00000000 00000000 00000000 00000000 00000000 00000000 00c97d72 0f0d96c 0000000 000bd623
00000000 00000000 00000000 00000000 00000000 00000000 00c90eb4 0eef499 0000000 000d50e8
00000000 00000000 00000000 00000000 00000000 00000000 00c89ff6 0ed0fc7 0000000 000ecbac
00000000 00000000 00000000 00000000 00000000 00000000 00f5ff4e 02a0000 0000000 00a73000
00000000 00000000 00000000 00000000 00000000 00000000 00f3fe9c 02a0000 0000000 00a73000
00000000 00000000 00000000 00000000 00000000 00000000 00f1fdea 02a0000 0000000 00a73000
00000000 00000000 00000000 00000000 00000000 00000000 00effd38 02a0000 0000000 00a73000
00000000 00000000 00000000 00000000 00000000 00000000 00f0d69a 02a0000 0000000 00a73000
00000000 00000000 00000000 00000000 00000000 00000000 00f1affc 02a0000 0000000 00a73000
00000000 00000000 00000000 00000000 00000000 00000000 00f2895e 02a0000 0000000 00a73000
00000000 00000000 00000000 00000000 00000000 00000000 00f362c0 02a0000 0000000 00a73000
00000000 00000000 00000000 00000000 00000000 00000000 00f43c22 02a0000 0000000 00a73000
00000000 00000000 00000000 00000000 00000000 00000000 00f51584 02a0000 0000000 00a73000
00000000 00000000 00000000 00000000 00000000 00000000 0337600a 0000000 0000000 00c80000
00000000 00000000 00000000 00000000 00000000 00000000 0336c014 0000000 0000000 00c80000
00000000 00000000 00000000 00000000 00000000 00000000 0336201e 0000000 0000000 00c80000
00000000 00000000 00000000 00000000 00000000 00000000 03358028 0000000 0000000 00c80000
00000000 00000000 00000000 00000000 00000000 00000000 0334e032 0000000 0000000 00c80000
00000000 00000000 00000000 00000000 00000000 00000000 03350d50 0000000 0000000 00c80000
00000000 00000000 00000000 00000000 00000000 00000000 03353a6e 0000000 0000000 00c80000
00000000 00000000 00000000 00000000 00000000 00000000 0335678c 0000000 0000000 00c80000
00000000 00000000 00000000 00000000 00000000 00000000 033594aa 0000000 0000000 00c80000
00000000 00000000 00000000 00000000 00000000 00000000 0335c1c8 0000000 0000000 00c80000
00000000 00000000 00000000 00000000 00000000 00000000 ff5168f0 0245af1 0ffffff 00dac969
00000000 00000000 00000000 00000000 00000000 00000000 ff52d1e0 02c85ee 1000000 00d2a697
00000000 00000000 00000000 00000000 00000000 00000000 ff543ad0 034b0eb 1000000 00ca83c5
00000000 00000000 00000000 00000000 00000000 00000000 ff55a3c0 03cdbe8 1000000 00c260f3
00000000 00000000 00000000 00000000 00000000 00000000 ff570cb0 04506e5 1000000 00ba3e21
00000000 00000000 00000000 00000000 00000000 00000000 ff5875a0 04d31e1 1000000 00b21b50
00000000 00000000 00000000 00000000 00000000 00000000 ff57c95c 0555cde 1000000 00a9f87e
00000000 00000000 00000000 00000000 00000000 00000000 ff571d18 05d87db 1000000 00a1d5ac
00000000 00000000 00000000 00000000 00000000 00000000 ff5670d4 065b2d8 1000000 0099b2da
00000000 00000000 00000000 00000000 00000000 00000000 ff55c490 06dddd5 1000000 00919008
00000000 00000000 00000000 00000000 00000000 00000000 001093a8 02a0000 0ffffff 00a73000
00000000 00000000 00000000 00000000 00000000 00000000 00112750 02a0000 1000000 00a73000
00000000 00000000 00000000 00000000 00000000 00000000 0011baf8 02a0000 1000000 00a73000
00000000 00000000 00000000 00000000 00000000 00000000 00124ea0 02a0000 1000000 00a73000
00000000 00000000 00000000 00000000 00000000 00000000 0012e248 02a0000 1000000 00a73000
00000000 00000000 00000000 00000000 00000000 00000000 001375f0 02a0000 1000000 00a73000
00000000 00000000 00000000 00000000 00000000 00000000 00140998 02a0000 1000000 00a73000
00000000 00000000 00000000 00000000 00000000 00000000 0012acf6 02a0000 1000000 00a73000
00000000 00000000 00000000 00000000 00000000 00000000 00115054 02a0000 1000000 00a73000
00000000 00000000 00000000 00000000 00000000 00000000 00100000 02a0000 1000000 00a73000
00000000 00000000 00000000 00000000 00000000 00000000 03f778a6 0efaa06 0ffffff 000cc32b
00000000 00000000 00000000 00000000 00000000 00000000 03f6f14c 0df540c 1000000 00198656
00000000 00000000 00000000 00000000 00000000 00000000 03f669f2 0cefe13 1000000 00264981
00000000 00000000 00000000 00000000 00000000 00000000 03f5e298 0bea819 1000000 00330cac
00000000 00000000 00000000 00000000 00000000 00000000 03f55b3e 0ae521f 1000000 003fcfd7
00000000 00000000 00000000 00000000 00000000 00000000 03f4d3e4 09dfc26 1000000 004c9302
00000000 00000000 00000000 00000000 00000000 00000000 03f44c8a 08da62c 1000000 0059562d
00000000 00000000 00000000 00000000 00000000 00000000 03f3c530 07d5033 1000000 00661958
00000000 00000000 00000000 00000000 00000000 00000000 03f6828e 06cfa39 1000000 0072dc83
00000000 00000000 00000000 00000000 00000000 00000000 03f80000 05ca43f 1000000 007f9fae
00000000 00000000 00000000 00000000 00000000 00000000 ff014406 0f7d503 0000000 00066195
00000000 00000000 00000000 00000000 00000000 00000000 ff02880c 0efaa06 0000000 000cc32b
00000000 00000000 00000000 00000000 00000000 00000000 ff03cc12 0e77f09 0000000 001324c0
00000000 00000000 00000000 00000000 00000000 00000000 ff051018 0df540c 0000000 00198656
00000000 00000000 00000000 00000000 00000000 00000000 ff06541e 0d7290f 0000000 001fe7ec
00000000 00000000 00000000 00000000 00000000 00000000 ff079824 0cefe13 0000000 00264981
00000000 00000000 00000000 00000000 00000000 00000000 ff08dc2a 0c6d316 0000000 002cab16
00000000 00000000 00000000 00000000 00000000 00000000 ff0a2030 0bea819 0000000 00330cac
00000000 00000000 00000000 00000000 00000000 00000000 ff0b6436 0b67d1c 0000000 00396e42
00000000 00000000 00000000 00000000 00000000 00000000 ff09c1da 0ae521f 0000000 003fcfd7
00000000 00000000 00000000 00000000 00000000 00000000 00dfb212 0fd2e67 0000000 000233bf
00000000 00000000 00000000 00000000 00000000 00000000 00df6424 0fa5ccf 0000000 0004677e
00000000 00000000 00000000 00000000 00000000 00000000 00df1636 0f78b36 0000000 00069b3d
00000000 00000000 00000000 00000000 00000000 00000000 00dec848 0f4b99e 0000000 0008cefc
00000000 00000000 00000000 00000000 00000000 00000000 00de7a5a 0f1e805 0000000 000b02bc
00000000 00000000 00000000 00000000 00000000 00000000 00de2c6c 0ef166d 0000000 000d367a
00000000 00000000 00000000 00000000 00000000 00000000 00ddde7e 0ec44d4 0000000 000f6a3a
00000000 00000000 00000000 00000000 00000000 00000000 00dd9090 0e9733c 0000000 00119df9
00000000 00000000 00000000 00000000 00000000 00000000 00dd42a2 0e6a1a3 0000000 0013d1b8
00000000 00000000 00000000 00000000 00000000 00000000 00dcf4b4 0e3d00b 0000000 00160577
00000000 00000000 00000000 00000000 00000000 00000000 007a1534 02a0000 0000000 00a73000
00000000 00000000 00000000 00000000 00000000 00000000 007c2a68 02a0000 0000000 00a73000
00000000 00000000 00000000 00000000 00000000 00000000 007e3f9c 02a0000 0000000 00a73000
00000000 00000000 00000000 00000000 00000000 00000000 008054d0 02a0000 0000000 00a73000
00000000 00000000 00000000 00000000 00000000 00000000 00826a04 02a0000 0000000 00a73000
00000000 00000000 00000000 00000000 00000000 00000000 00847f38 02a0000 0000000 00a73000
00000000 00000000 00000000 00000000 00000000 00000000 0086946c 02a0000 0000000 00a73000
00000000 00000000 00000000 00000000 00000000 00000000 0088a9a0 02a0000 0000000 00a73000
00000000 00000000 00000000 00000000 00000000 00000000 008abed4 02a0000 0000000 00a73000
00000000 00000000 00000000 00000000 00000000 00000000 008cd408 02a0000 0000000 00a73000
00000000 00000000 00000000 00000000 00000000 00000000 ff40b478 0082afc 0000000 00c19e6b
00000000 00000000 00000000 00000000 00000000 00000000 ff4168f0 01055f9 0000000 00bb3cd5
00000000 00000000 00000000 00000000 00000000 00000000 ff421d68 01880f6 0000000 00b4db3f
00000000 00000000 00000000 00000000 00000000 00000000 ff42d1e0 020abf3 0000000 00ae79aa
00000000 00000000 00000000 00000000 00000000 00000000 ff438658 028d6f0 0000000 00a81814
00000000 00000000 00000000 00000000 00000000 00000000 ff443ad0 03101ec 0000000 00a1b67f
00000000 00000000 00000000 00000000 00000000 00000000 ff44ef48 0392ce9 0000000 009b54e9
00000000 00000000 00000000 00000000 00000000 00000000 ff45a3c0 04157e6 0000000 0094f354
00000000 00000000 00000000 00000000 00000000 00000000 ff465838 04982e3 0000000 008e91be
00000000 00000000 00000000 00000000 00000000 00000000 ff470cb0 051ade0 0000000 00883029
00000000 00000000 00000000 00000000 00000000 00000000 03f6afac 07d0684 0ffffff 00827682
00000000 00000000 00000000 00000000 00000000 00000000 03f55f58 07a0d72 1000000 00856c9b
00000000 00000000 00000000 00000000 00000000 00000000 03f40f04 0771532 1000000 008861e3
00000000 00000000 00000000 00000000 00000000 00000000 03f2beb0 0741e2d 1000000 008b55f1
00000000 00000000 00000000 00000000 00000000 00000000 03f16e5c 07128c9 1000000 008e485f
00000000 00000000 00000000 00000000 00000000 00000000 03f01e08 06e3579 1000000 009138bc
00000000 00000000 00000000 00000000 00000000 00000000 03eecdb4 06b449e 1000000 009426a6
00000000 00000000 00000000 00000000 00000000 00000000 03ed7d60 068569e 1000000 009711b8
00000000 00000000 00000000 00000000 00000000 00000000 03ec2d0c 0656bde 1000000 0099f98d
00000000 00000000 00000000 00000000 00000000 00000000 03eadcb8 06284d2 1000000 009cddb2
00000000 00000000 00000000 00000000 00000000 00000000 00685208 02a0000 0ffffff 00a73000
00000000 00000000 00000000 00000000 00000000 00000000 0068a410 02a0000 1000000 00a73000
00000000 00000000 00000000 00000000 00000000 00000000 0068f618 02a0000 1000000 00a73000
00000000 00000000 00000000 00000000 00000000 00000000 0068ede4 02a0000 1000000 00a73000
00000000 00000000 00000000 00000000 00000000 00000000 0068e5b0 02a0000 1000000 00a73000
00000000 00000000 00000000 00000000 00000000 00000000 0068dd7c 02a0000 1000000 00a73000
00000000 00000000 00000000 00000000 00000000 00000000 0068d548 02a0000 1000000 00a73000
00000000 00000000 00000000 00000000 00000000 00000000 0068cd14 02a0000 1000000 00a73000
00000000 00000000 00000000 00000000 00000000 00000000 0068c4e0 02a0000 1000000 00a73000
00000000 00000000 00000000 00000000 00000000 00000000 0068bcac 02a0000 1000000 00a73000
00000000 00000000 00000000 00000000 00000000 00000000 ffb7ba46 02c134b 0ffffff 00a590ed
00000000 00000000 00000000 00000000 00000000 00000000 ffb7748c 029da20 1000000 00a74d97
00000000 00000000 00000000 00000000 00000000 00000000 ffb72ed2 027acd4 1000000 00a900fa
00000000 00000000 00000000 00000000 00000000 00000000 ffb6e918 0258bca 1000000 00aaaaca
00000000 00000000 00000000 00000000 00000000 00000000 ffb7a5c4 023774f 1000000 00ac4aca
00000000 00000000 00000000 00000000 00000000 00000000 ffb80000 0216f98 1000000 00ade0d1
00000000 00000000 00000000 00000000 00000000 00000000 ffb80000 01f74e9 1000000 00af6ca9
00000000 00000000 00000000 00000000 00000000 00000000 ffb80000 01d8789 1000000 00b0ee1c
00000000 00000000 00000000 00000000 00000000 00000000 ffb80000 01ba7e0 1000000 00b264d9
00000000 00000000 00000000 00000000 00000000 00000000 ffb80000 019d61b 1000000 00b3d0ba
00000000 00000000 00000000 00000000 00000000 00000000 fc60396c 0efaa06 0000000 000cc32b
00000000 00000000 00000000 00000000 00000000 00000000 fc6072d8 0df540c 0000000 00198656
00000000 00000000 00000000 00000000 00000000 00000000 fc60ac44 0cefe13 0000000 00264981
00000000 00000000 00000000 00000000 00000000 00000000 fc60e5b0 0bea819 0000000 00330cac
00000000 00000000 00000000 00000000 00000000 00000000 fc611f1c 0ae521f 0000000 003fcfd7
00000000 00000000 00000000 00000000 00000000 00000000 fc60d548 09dfc26 0000000 004c9302
00000000 00000000 00000000 00000000 00000000 00000000 fc608b74 08da62c 0000000 0059562d
00000000 00000000 00000000 00000000 00000000 00000000 fc6041a0 07d5033 0000000 00661958
00000000 00000000 00000000 00000000 00000000 00000000 fc600000 06cfa39 0000000 0072dc83
00000000 00000000 00000000 00000000 00000000 00000000 fc600000 05ca43f 0000000 007f9fae
00000000 00000000 00000000 00000000 00000000 00000000 0141b2c4 002d198 0000000 00c5cc41
00000000 00000000 00000000 00000000 00000000 00000000 01436588 005a330 0000000 00c39882
00000000 00000000 00000000 00000000 00000000 00000000 0145184c 00874c9 0000000 00c164c2
00000000 00000000 00000000 00000000 00000000 00000000 0146cb10 00b4661 0000000 00bf3104
00000000 00000000 00000000 00000000 00000000 00000000 01487dd4 00e17fa 0000000 00bcfd44
00000000 00000000 00000000 00000000 00000000 00000000 014a3098 010e992 0000000 00bac985
00000000 00000000 00000000 00000000 00000000 00000000 0149d242 013bb2b 0000000 00b895c6
00000000 00000000 00000000 00000000 00000000 00000000 014973ec 0168cc3 0000000 00b66207
00000000 00000000 00000000 00000000 00000000 00000000 01491596 0195e5c 0000000 00b42e48
00000000 00000000 00000000 00000000 00000000 00000000 0148b740 01c2ff4 0000000 00b1fa89
00000000 00000000 00000000 00000000 00000000 00000000 00d2738a 0c794cf 0000000 002c13be
00000000 00000000 00000000 00000000 00000000 00000000 00d4e714 0c78989 0000000 002c1c8c
00000000 00000000 00000000 00000000 00000000 00000000 00d75a9e 0c77e42 0000000 002c255c
00000000 00000000 00000000 00000000 00000000 00000000 00d9ce28 0c772fc 0000000 002c2e2b
00000000 00000000 00000000 00000000 00000000 00000000 00dc41b2 0c767b6 0000000 002c36f9
00000000 00000000 00000000 00000000 00000000 00000000 00deb53c 0c75c6f 0000000 002c3fc9
00000000 00000000 00000000 00000000 00000000 00000000 00e128c6 0c75129 0000000 002c4897
00000000 00000000 00000000 00000000 00000000 00000000 00e0f78e 0c745e2 0000000 002c5167
00000000 00000000 00000000 00000000 00000000 00000000 00e0c656 0c73a9c 0000000 002c5a36
00000000 00000000 00000000 00000000 00000000 00000000 00e0951e 0c72f56 0000000 002c6304
00000000 00000000 00000000 00000000 00000000 00000000 0079753e 0000000 0000000 00c80000
00000000 00000000 00000000 00000000 00000000 00000000 007aea7c 0000000 0000000 00c80000
00000000 00000000 00000000 00000000 00000000 00000000 007c5fba 0000000 0000000 00c80000
00000000 00000000 00000000 00000000 00000000 00000000 007dd4f8 0000000 0000000 00c80000
00000000 00000000 00000000 00000000 00000000 00000000 007f4a36 0000000 0000000 00c80000
00000000 00000000 00000000 00000000 00000000 00000000 0080bf74 0000000 0000000 00c80000
00000000 00000000 00000000 00000000 00000000 00000000 008234b2 0000000 0000000 00c80000
00000000 00000000 00000000 00000000 00000000 00000000 0083a9f0 0000000 0000000 00c80000
00000000 00000000 00000000 00000000 00000000 00000000 00839988 0000000 0000000 00c80000
00000000 00000000 00000000 00000000 00000000 00000000 00838920 0000000 0000000 00c80000
00000000 00000000 00000000 00000000 00000000 00000000 00b79976 08cea99 0000000 0059e8b8
00000000 00000000 00000000 00000000 00000000 00000000 00b732ec 08b05c7 0000000 005b637c
00000000 00000000 00000000 00000000 00000000 00000000 00b6cc62 08920f4 0000000 005cde41
00000000 00000000 00000000 00000000 00000000 00000000 00b665d8 0873c22 0000000 005e5905
00000000 00000000 00000000 00000000 00000000 00000000 00b5ff4e 085574f 0000000 005fd3ca
00000000 00000000 00000000 00000000 00000000 00000000 00b598c4 083727d 0000000 00614e8e
00000000 00000000 00000000 00000000 00000000 00000000 00b5323a 0818daa 0000000 0062c953
00000000 00000000 00000000 00000000 00000000 00000000 00b4cbb0 07fa8d8 0000000 00644417
00000000 00000000 00000000 00000000 00000000 00000000 00b46526 07dc406 0000000 0065bedb
00000000 00000000 00000000 00000000 00000000 00000000 00b47dc2 07bdf33 0000000 006739a0
00000000 00000000 00000000 00000000 00000000 00000000 00576c58 06b8939 0000000 0073fccb
00000000 00000000 00000000 00000000 00000000 00000000 0056d8b0 05b3340 0000000 0080bff6
00000000 00000000 00000000 00000000 00000000 00000000 00564508 04add46 0000000 008d8321
00000000 00000000 00000000 00000000 00000000 00000000 0055b160 03a874d 0000000 009a464b
00000000 00000000 00000000 00000000 00000000 00000000 00551db8 02a3153 0000000 00a70977
00000000 00000000 00000000 00000000 00000000 00000000 00548a10 019db59 0000000 00b3cca2
00000000 00000000 00000000 00000000 00000000 00000000 0053f668 0098560 0000000 00c08fcd
00000000 00000000 00000000 00000000 00000000 00000000 005362c0 006d099 0000000 00c2ad08
00000000 00000000 00000000 00000000 00000000 00000000 0052cf18 0172693 0000000 00b5e9dd
00000000 00000000 00000000 00000000 00000000 00000000 00523b70 0277c8c 0000000 00a926b2
00000000 00000000 00000000 00000000 00000000 00000000 00e937b8 07d0684 0000000 006652e8
00000000 00000000 00000000 00000000 00000000 00000000 00ea6f70 07a0d72 0000000 0068a57e
00000000 00000000 00000000 00000000 00000000 00000000 00eba728 0771532 0000000 006af770
00000000 00000000 00000000 00000000 00000000 00000000 00ecdee0 0741e2d 0000000 006d486c
00000000 00000000 00000000 00000000 00000000 00000000 00ee1698 07128c9 0000000 006f9822
00000000 00000000 00000000 00000000 00000000 00000000 00ef4e50 06e3579 0000000 0071e639
00000000 00000000 00000000 00000000 00000000 00000000 00f08608 06b449e 0000000 00743264
00000000 00000000 00000000 00000000 00000000 00000000 00f1bdc0 068569e 0000000 00767c54
00000000 00000000 00000000 00000000 00000000 00000000 00f2f578 0656bde 0000000 0078c3ba
00000000 00000000 00000000 00000000 00000000 00000000 00f42d30 06284d2 0000000 007b083b
00000000 00000000 00000000 00000000 00000000 00000000 004fbe60 0000000 0000000 00c80000
00000000 00000000 00000000 00000000 00000000 00000000 00500000 0000000 0000000 00c80000
00000000 00000000 00000000 00000000 00000000 00000000 00500000 0000000 0000000 00c80000
00000000 00000000 00000000 00000000 00000000 00000000 00500000 0000000 0000000 00c80000
00000000 00000000 00000000 00000000 00000000 00000000 00500000 0000000 0000000 00c80000
00000000 00000000 00000000 00000000 00000000 00000000 00500000 0000000 0000000 00c80000
00000000 00000000 00000000 00000000 00000000 00000000 00500000 0000000 0000000 00c80000
00000000 00000000 00000000 00000000 00000000 00000000 00500000 0000000 0000000 00c80000
00000000 00000000 00000000 00000000 00000000 00000000 00500000 0000000 0000000 00c80000
00000000 00000000 00000000 00000000 00000000 00000000 00500000 0000000 0000000 00c80000
00000000 00000000 00000000 00000000 00000000 00000000 fc610eb4 0000000 0ffffff 00c80000
00000000 00000000 00000000 00000000 00000000 00000000 fc621d68 0000000 1000000 00c80000
00000000 00000000 00000000 00000000 00000000 00000000 fc606aa4 0000000 1000000 00c80000
00000000 00000000 00000000 00000000 00000000 00000000 fc600000 0000000 1000000 00c80000
00000000 00000000 00000000 00000000 00000000 00000000 fc600000 0000000 1000000 00c80000
00000000 00000000 00000000 00000000 00000000 00000000 fc600000 0000000 1000000 00c80000
00000000 00000000 00000000 00000000 00000000 00000000 fc600000 0000000 1000000 00c80000
00000000 00000000 00000000 00000000 00000000 00000000 fc600000 0000000 1000000 00c80000
00000000 00000000 00000000 00000000 00000000 00000000 fc600000 0000000 1000000 00c80000
00000000 00000000 00000000 00000000 00000000 00000000 fc600000 0000000 1000000 00c80000
00000000 00000000 00000000 00000000 00000000 00000000 00092750 0efaa06 0000000 000cc32b
00000000 00000000 00000000 00000000 00000000 00000000 000a4ea0 0df540c 0000000 00198656
00000000 00000000 00000000 00000000 00000000 00000000 000b75f0 0cefe13 0000000 00264981
00000000 00000000 00000000 00000000 00000000 00000000 000b593a 0bea819 0000000 00330cac
00000000 00000000 00000000 00000000 00000000 00000000 000b3c84 0ae521f 0000000 003fcfd7
00000000 00000000 00000000 00000000 00000000 00000000 000b1fce 09dfc26 0000000 004c9302
00000000 00000000 00000000 00000000 00000000 00000000 000b0318 08da62c 0000000 0059562d
00000000 00000000 00000000 00000000 00000000 00000000 000ae662 07d5033 0000000 00661958
00000000 00000000 00000000 00000000 00000000 00000000 000ac9ac 06cfa39 0000000 0072dc83
00000000 00000000 00000000 00000000 00000000 00000000 000aacf6 05ca43f 0000000 007f9fae
00000000 00000000 00000000 00000000 00000000 00000000 00000000 0fff4b9 0ffffff 000008cf
00000000 00000000 00000000 00000000 00000000 00000000 00000000 0ffe973 1000000 0000119e
00000000 00000000 00000000 00000000 00000000 00000000 00000000 0ffde2c 1000000 00001a6d
00000000 00000000 00000000 00000000 00000000 00000000 00000000 0ffd2e6 1000000 0000233c
00000000 00000000 00000000 00000000 00000000 00000000 00000000 0ffc7a0 1000000 00002c0b
00000000 00000000 00000000 00000000 00000000 00000000 00000000 0ffbc59 1000000 000034da
